temperature,rpm,load,vibration,failure
119.11594333275605,3632.651569148783,63.05073056803648,0.9953557659384786,0
79.0884775871988,1133.6226045328358,7.367876826974283,4.6276980583687815,0
132.7841677956043,3756.2015426513103,22.361293032239928,5.929795386962196,0
137.94087403931306,2242.6302644992516,49.61012557195098,1.6620517242307964,0
51.25667032786555,4720.3160119946015,60.40824288421723,3.9149410639071616,0
70.7163111520826,2772.5921298054086,87.10641249204781,6.1827227291345075,1
114.48138289878383,1860.3118282377047,39.127704292596846,3.4249261197624286,0
100.10861153973386,3267.2001303258567,23.693728761541937,4.483704969212805,0
109.37027613652924,2083.8117149661007,21.005162610219784,0.05688694834662679,0
84.71018079622348,4722.265092061861,28.34852404552155,4.1558415881630575,0
135.9644750341234,3191.8343766674498,100.0,4.120038804990566,1
133.40320726084022,2992.482078070723,64.41509939105724,0.39415106318970783,0
111.24018741886745,3922.3437276772684,75.16161909021919,1.0277696655384183,0
143.87704053127842,1984.8152946564421,39.1740549539077,4.239427756390067,0
124.02094989506395,1655.7350062442918,43.507382664201785,2.416393886676679,0
84.26544385065644,3691.1386543414483,65.44154003187825,5.3061268045513925,0
120.75242701476198,1899.7922647632977,33.86865305502254,3.595552506511882,0
81.29108973273783,1887.0613741625405,38.68104309207636,3.0983865563865978,0
136.38438065927056,4186.848048243002,27.8260297820947,2.681664369640868,0
109.01964818420691,3853.344120759398,34.909546577917496,3.5909080684397074,0
104.75513646817244,1685.9343914190945,43.11392250690719,4.540486843023473,0
89.02040703096671,2440.7228437450076,26.819368895343345,4.120741924958363,0
146.3669659641086,2096.2595213356344,53.44449221360379,2.22990908769684,0
105.15345713979077,5284.729900768842,51.834402434260724,5.487666293350024,0
97.27215430752948,4275.030461513024,41.8064059540841,4.256367383540433,0
99.3323530982001,2702.933166097818,25.228251905464617,3.7643445400130155,0
125.93069786655846,3864.1626459403583,46.08594133134531,3.1345346398780807,0
122.12709324229424,1606.7720233752161,32.66838319201872,3.987043520766936,0
122.1948413820656,2347.986489619895,46.76253501475575,0.009271991781003368,0
123.4563463889882,3310.1361141285606,72.29922786409143,3.512802429224423,0
174.14105554833003,3712.9491845179027,13.371141810379287,6.3502580900773635,0
96.92859030184285,3101.361463068454,100.0,3.471355585608218,0
94.67653017183586,3510.6499157027956,43.46399329766636,3.1171007742530032,0
86.0476923210065,3288.6792205642637,58.116738324779995,1.8440931523580255,0
128.75337884213693,2975.264484132718,25.22019797076953,3.975713005117351,0
144.00246015494173,2820.6307330190584,74.21418463115242,2.601352830205461,0
106.60949035926576,2693.4997528773165,40.51930732964808,5.619298481266944,0
84.60213659665035,3464.77721264947,36.1162316778793,1.2767536570990363,0
85.65849420973707,3681.7591619999866,28.928462485074434,2.1506302832709614,0
129.3263186572186,3436.5248933255016,38.732307257272566,1.824841206130534,0
132.0438650546829,1777.4484728861394,57.270939567759434,6.610724030783056,0
126.46425280883741,1966.3068436914177,49.377964340836144,2.5448947661479386,0
89.87997023182399,3652.082113932762,42.51400324297052,1.9325100125088817,0
117.51234584197424,4939.866473845032,28.617619893162235,0.026934743364283344,0
113.68691211394744,3368.349192684636,26.340299219093367,1.2430562555131612,0
116.28881207626891,2707.8018863302104,33.372166986424546,4.055076559656396,0
135.6421091043346,3470.178145864866,55.04834774731927,4.063999838821401,0
116.47056325160769,1859.5319177969045,59.18445160952396,1.7238714709391196,0
131.33518260804007,4742.5594737839565,68.27739730219086,1.7322806553679815,0
111.90497091030913,3430.028311897266,44.14021972579714,6.63938740628519,0
119.00331133763615,2380.9678634967863,53.11058543899534,8.426794467150126,0
128.37774132451784,3039.3103855864942,41.271992783869536,5.318461345967264,0
65.86676748277051,2565.48191892118,0.0,6.1873364967600395,0
100.32462733202063,4762.767975572067,40.347220733761255,6.6321870429768355,0
96.58043925566653,2962.7860291118936,37.6265920562302,7.414980002621791,0
90.2837062098737,3390.341277157371,17.413192219190258,2.3823754593183053,0
101.44810619089449,3880.901101396053,30.351877266145934,1.1721713276027301,0
155.1606776738335,2322.978684705684,49.04626650834282,6.695903976598193,0
84.63703544825417,3462.7076190883836,14.872808431215368,0.9670874689757075,0
139.1749613202823,3547.6634337702285,25.833679345755385,0.8914837986994308,0
59.770347369970956,1332.122077314319,83.52486675019205,1.0054325355463023,0
99.6412311312463,3538.7332699453436,7.8411213673406746,2.7070566114706476,0
114.37083179752139,3154.7421426517158,39.12080735947569,0.0,0
127.14167050306982,3334.0455861505093,15.375802095347298,0.11964911312322853,0
130.95065664175198,3243.898218382097,29.919364774578955,1.70440106670849,0
133.89024093555994,3506.66492266239,41.29272544632993,0.5067073908873384,0
99.01214471363848,4793.972117578344,17.758610804765418,5.155004195508901,0
96.20016050731392,1790.8874191354932,58.94969451473451,3.0011076359749227,0
135.57392535834754,2751.81978135219,79.6774478571311,4.166978617845599,1
104.07499280279895,4031.962428670109,68.17001801545904,3.9370742094300617,0
72.05401508063555,3789.3387520207853,72.68929811463154,2.5861833686298468,0
75.61638779887548,3714.4721276684304,11.3401111651927,4.988174785652547,0
82.97428177722426,6516.3016816520685,39.97538359789735,3.890382408989726,0
125.23233723271566,3945.8653506074124,54.75144823371823,2.343073121682008,0
113.90395932363013,4586.405976805046,65.7611601290653,0.0,0
131.1808944882024,2865.9808299168258,86.8540714596211,4.16412524884974,1
96.7567051021192,2046.350676045908,73.24575284005243,0.5303483870744046,0
115.31723191250383,2817.244211299281,67.96493263390688,3.834550619000507,0
128.93317351585185,4065.2163136102267,100.0,3.223452081476715,1
100.06835082442801,3678.5923713527595,49.715306784598425,0.266038394394962,0
123.18184866826815,3703.4685815084604,38.60725669201771,3.5109128193995973,0
89.93801014126142,2899.5710454342543,51.10716883069114,3.380143429675105,0
99.44711824141112,2725.891953998666,23.2345098776233,3.371791434760809,0
98.43172408478752,2975.5225517359668,47.98078337632126,3.3338951944028135,0
74.02175176423843,4068.1957517675405,0.23602244431312247,1.659327075720983,0
124.61606775546714,4212.16949750431,33.26135276320936,4.12665737644042,0
95.10196639005555,2017.9870712712334,42.8097135741277,1.5551802431592945,0
110.72969011350797,4101.798503507773,68.08665133758421,0.8337990563615529,0
124.93586328045215,2393.256989522805,73.82671694241708,4.326406377780305,0
123.71574449991813,3754.9490903723245,22.828765811457977,4.839059481059506,0
129.8306054807216,2957.4788424454723,96.75273225500347,4.214187479634747,1
106.64598342174367,5089.96420395316,47.57565152697416,2.5317073537234673,0
96.86722519387324,2728.8000318061236,49.944865688289916,0.03711383594779862,0
107.14674364309604,3443.000147133014,2.507140101165682,5.9051482859078375,0
60.305825148289564,3949.6888535297885,29.247084667155324,0.0,0
66.56847081738877,2139.808949041396,72.08532165647782,4.137815628557708,0
70.66187439014922,3109.3651641489687,51.80057187330126,7.213096275594807,0
80.43985518740612,2888.592220328994,46.49132964360986,3.3430269194264817,0
122.0570441804426,2567.987510466364,51.238863965400135,3.576267884929479,0
82.42733796165815,2658.7506585274336,8.933973489544819,3.6797662634206025,0
98.90747745485645,4541.889452235573,42.58709720623927,3.424376493464159,0
148.5669905074277,2454.411362122752,77.9052990285042,7.723415731720932,1
99.54092199307131,3901.552092907829,70.68373019494213,1.2809818433405438,0
131.68524953725728,3569.469530678429,44.621961444926185,1.068542382299122,0
81.8255359682289,1534.4110734817132,85.61390025779849,2.411729348585824,0
103.6248663750319,3827.136291110464,13.924290266733165,6.436790387987624,0
82.05958066885212,1528.8837950648708,21.39278824018827,1.898024774099028,0
98.8263617929211,3911.1363635923276,92.71516011244668,3.923277614852678,0
136.13231436436192,2616.608827174308,58.72764796037849,5.1487916264464415,0
57.877637923085054,3234.7621666583527,37.1893394830365,4.4985510860853015,0
122.95065527005617,1652.5245440421425,42.67622142964185,5.105345693221099,0
117.26532277714884,3357.3261672252834,25.05333584973125,5.885799570782516,0
92.33104619556885,4324.227535758472,50.1740952843198,3.6474192420059657,0
66.9374519761289,2213.57817139673,48.90398824307377,2.08738056535527,0
112.44414912708427,2472.482810032952,46.25908586162578,3.347869142808126,0
94.91479803208873,3763.3003331625687,15.470599450097247,2.2774967281709095,0
117.29263827197067,3739.747628031626,48.97412994532757,8.082856123434377,1
110.65305531751346,509.4206168242608,31.23117230454815,1.91391537205858,0
157.87879466597644,5620.241297500408,21.218236476233493,3.8861778743958313,0
102.56845855814889,3846.846995420119,76.8740100650157,0.0,0
79.81729750731233,4010.8616714262803,96.6653504823273,3.2901963578832683,1
116.10208080202739,3012.926882536688,95.1484477978744,2.4411096762486215,1
117.00164041212133,945.6772516903649,60.93027867929154,4.372162903826805,0
149.53423159381518,3981.5623134036605,38.90857900898024,4.381647388847884,0
134.20113994719256,2538.4181095619006,44.76707882975221,5.840551243150498,0
120.69697517215785,3840.9223570087715,54.9143158704306,5.711273429395643,0
153.83332308732707,2924.1525618404817,31.63640393700585,2.9879969183809476,0
74.30796345590426,3507.412368717774,80.6332860992069,1.0903933420467702,0
91.30069699885536,2263.130245769502,0.0,1.4012367645817996,0
82.68075599090179,4256.574514929611,37.101167743939534,3.6423295980640304,0
98.36996533808454,1752.9123926420102,66.94350925925225,3.3261323882861578,0
68.09044773931569,5887.774720700419,22.85408489115112,3.454932556269599,0
128.60831829927145,5867.386521606063,38.0428025367443,1.9994936728988097,0
103.3269715794099,5170.157842002441,59.47491519427928,5.882441877971012,0
66.0667290164136,4726.461636870219,82.7290185136701,0.02045521132985444,0
79.01307653895944,3113.1224533171135,11.409593476876035,1.7757801321353006,0
119.66420868665114,4602.957134039512,9.846204703258529,0.8630501262439472,0
134.39904944193867,3045.6806387943398,22.912095423163382,2.533105925001629,0
168.83473590997636,1330.518539094158,5.8032050636607195,5.461564912242962,0
197.0499490441492,4973.091449195355,9.053718574748656,2.3904310097655146,0
122.94922536824242,4561.530077283767,19.330754685771332,3.2023084521695955,0
80.90891405794677,3173.5036391487342,77.87666846010968,4.360024539070041,0
45.362024250802826,1742.978162706583,38.606453669309055,2.3141153160486816,0
117.39260503221858,2494.1428369100095,45.66558069303143,3.7593708682096043,0
85.9043740248056,981.957926383448,22.062008925420127,3.5054132237136564,0
97.3237240267723,4338.291641563353,63.0828178155394,0.7025733518157816,0
92.14654970553669,1284.1428866168646,90.3972607849967,2.0406382151484626,0
106.09786449463037,3540.549107423019,21.216145667212412,3.6866336062537073,0
142.3665573988372,2189.3097340659738,88.66091136458297,5.574400874864752,1
114.37124790203565,1450.2414742268902,52.16081211122544,5.640439510801214,0
105.37752458909263,3487.3246434493512,43.07167369720525,7.127715297027977,1
79.70655346376053,2797.232270936246,52.59516915609493,3.9819572999244928,0
59.85689934344544,4181.545419649371,55.02267514765891,2.158522772716006,0
95.38199924501762,1689.4654167359538,88.34678005444958,2.861510920863322,0
108.22572274449118,2281.314665936714,57.39493468387042,2.745599814262161,0
162.35922555865858,504.58237204694376,53.35452584195798,2.2370622746940696,0
113.46042168021965,588.560816997612,35.15679876504468,3.6487074436525893,0
139.14327091560597,5364.376018568617,66.75732511362284,3.803217642072286,0
94.34227978597794,5673.484323570321,20.78134259490414,0.7045005622969306,0
73.8826071119244,3303.617914767113,49.47246320852995,5.238241673575755,0
80.02072615096816,2253.9892204493704,100.0,0.0879975301333647,0
87.88699566109763,2869.810696337228,0.0,2.5753317249431937,0
174.17009915713072,4264.9904000103525,49.48384003838922,5.32411002720952,0
85.27339244129982,2588.1865007246906,53.12545418127754,4.116845531502269,0
135.0752056355985,3465.4389128551406,40.32714752103341,2.2901467495112504,0
83.20671128078206,3181.454280523194,39.49641970928788,6.96797808192836,0
138.5755860659949,2508.9512131060374,44.660700050362884,2.0956040597018784,0
122.40933209846116,2566.906133389458,40.09390058023428,0.0,0
105.35780432055098,3523.0703748290407,50.60012974269017,3.9716093293415784,0
108.68727951034253,2046.789965262632,32.713079425782084,0.07283775251342105,0
90.23476839576254,3688.37043318152,91.34125569820847,1.3525153486292782,0
123.63648057607597,2651.2421873547232,39.49921525682529,4.247457338415858,0
96.33747762535619,3370.3245745105405,59.10844567602698,2.1164461030659383,0
73.13890828736369,4907.336754103331,27.489759481077602,4.141528582006001,0
71.66541220791022,2993.2042064841457,67.0452096398765,0.7322027233915195,0
114.82314538169008,4293.400244318923,63.46627185403108,4.693755141730151,1
156.46712144357673,1052.006924912732,56.20194877842083,0.037500275300477545,0
114.53230538110058,2646.796371287606,18.726798972811842,5.639015705652345,0
106.98299172449785,3231.3953898622613,27.038965798241044,2.01904364079653,0
119.16419044194443,5484.339000368466,85.47155381371599,6.077959185829237,1
149.5759130257516,859.2706433016842,24.92149136844346,1.3003853145181712,0
116.40250856857925,3084.486855523429,62.02941271508601,6.8997139029631995,1
97.3837945602498,4927.836310181274,20.793306206694503,1.030284010763802,0
143.84983858189793,2225.5032107269344,72.77520663123451,0.011233848384270216,0
122.4667480520462,2993.9783308064016,28.215412714270748,3.0533957358199806,0
156.11575916939077,3614.7408699772755,19.147974543135966,5.530056879824204,0
116.17579742838713,3432.587669543665,24.846469750616265,4.615733842008206,0
73.34957856423556,5076.600473542566,32.37659821231737,5.327760598100048,0
68.88260878456333,3751.999750753268,54.189272635459,4.619235583439857,0
159.96393552649056,4772.254304792325,48.075144405335685,1.4442200189425871,0
161.72880481497032,2771.9879569729405,16.789587325069206,4.567955414441366,0
104.67846840965223,2316.2599078313183,44.662968540884606,3.1522105523841373,0
99.10588513606844,2908.5492586152195,15.896859686005481,1.626735251755518,0
152.78202991864964,1807.011096485315,61.4832160108251,3.331862704221879,0
76.94353601083468,3771.944728227893,66.79402660522494,2.8976500034745203,0
82.89347193852188,2721.620966084334,44.42869830926611,5.725088194642682,0
129.21711067359826,2383.1229803635124,52.791504422149714,2.0107469214451865,0
98.24518256216811,3764.2629272184113,86.25207033772247,1.8465163224013437,0
109.52981175408608,1848.7561214174036,41.723432233566875,1.5896193658001432,0
105.19140887034717,4155.84644621563,21.434519660584986,6.720343795466936,0
120.25414588175202,2607.47346695875,59.106829362160966,1.7190191025340926,0
152.28138223875882,4613.099840643294,13.113349416817343,5.59352306685165,0
112.7445657618127,2728.0597620210783,37.19706158739864,0.876280899664495,0
129.25295972516977,3958.096005061024,30.341029082712854,4.011631178121419,0
48.46082683643983,3389.5941174295485,28.030264590702448,3.5167408552299606,0
108.53175706325403,4081.545304124144,39.314028086138826,5.531197206899756,0
84.32303369973857,3342.5562122353886,67.48915315629151,5.144575738829074,0
73.90804666948203,1184.3931988777983,70.80214595403237,3.1839495432799647,0
83.66355475426845,4395.766200115604,66.65793537316085,1.8564781073065035,0
99.83864952784349,3084.6377547275383,50.23629009131532,6.253999817058183,0
137.6583375610837,4079.254384269267,38.7869262973326,1.7478791017022257,0
70.15412407996132,4034.865511015386,2.8585190584842946,0.02037082864373328,0
111.39704967167475,2284.739357734818,54.06215442391616,0.0,0
95.85787326718027,2109.4917976031297,0.0,0.08658847097128615,0
100.23717603737157,4005.256689679951,0.03842584735501571,4.171970737079019,0
140.47556602082236,2827.219406641639,40.7964876514425,7.454086677108569,1
126.19410735384527,4359.923750499773,48.995550966353036,0.0,0
149.63835520393823,2969.3042218590085,34.08124475153271,1.3881038324582997,0
105.75594705305843,4423.610509687858,83.23709139756815,3.120617951902264,0
88.3398216547766,3701.535512243203,56.34413740892028,6.044279522326775,0
101.89325778313211,3549.3258809330973,41.78244089848613,1.4502156169163913,0
117.57919841164778,2746.408552802606,79.54808970685767,4.246353213493648,0
115.47742494493374,3476.84131138666,86.83388678909459,2.530063570091633,0
77.65070099530773,4617.830549340133,56.55930213678508,8.193248941086214,1
113.25582270026973,3126.1301497385043,23.334842852090063,3.2585854384604276,0
116.79011357077171,3792.7144908317505,29.98524210202911,3.718212460000953,0
185.34869989716873,3271.6486789653495,10.559917582541093,3.1179334295043146,0
166.61865593292288,3329.0603446434247,42.76214139983366,2.214188422628536,0
84.11448252249217,5258.286852688916,16.56087380380729,4.91847440044561,0
101.3047563176979,4620.904849430265,37.31041344988245,0.631612441435166,0
66.20102918497656,3306.6936350499614,50.92477202346389,0.07456861943164292,0
92.43301663144133,3446.4325995297336,0.8616888475755893,2.6396910219149268,0
119.36679007070163,2308.9354512639406,12.392588227904579,4.632587932056175,0
146.0038082782133,2998.0150558813452,30.915027705068702,1.8816886917974616,0
87.65203245444722,3556.3551872562007,46.189076359257946,3.4067165119738725,0
90.08513003235745,4220.232611478411,31.45101581874186,0.5287502192892345,0
46.32763539336669,4115.7437016224685,36.94679043531746,5.1093855025488075,0
104.99376928785371,1849.1489289591607,27.992512557278367,4.252213124891426,0
78.17570059294442,4371.382414821984,4.620081244938557,3.050939387558206,0
93.5034887988043,3078.0667673111598,32.69918479217236,3.381004439939557,0
84.72528437327257,2035.3334645976124,42.382705779895176,0.11453225533021931,0
106.85541400436547,4805.279141866301,38.497873241512195,0.327793541187859,0
56.82997027445331,4955.438220051278,46.23836369138106,2.73540315923925,0
65.97552697016405,3491.6818415884322,54.41506324809101,4.02535071128345,0
173.54300831223017,4065.6039144994093,62.09651476036726,4.0767585202769325,1
71.545992520031,4138.441782794114,29.74773788847748,2.239060479159819,0
76.49534258821429,4859.577109804584,8.020952731466265,4.589616113524375,0
165.55481965275266,4076.7776610688284,79.15335147453128,5.82308422047138,1
197.57594368773496,1618.559996892661,54.277137168020275,2.8194556580077954,0
74.85252773139598,5656.159452632088,20.303055437330254,3.574257293238688,0
98.3377921090782,4486.622582884871,50.72757009259194,2.709142487014177,0
119.87509869433912,2588.591803248084,72.66671202293537,2.7732951524964005,0
161.9250102424357,1961.2869030997954,89.81985530502236,3.3389248920596235,1
79.91579556887717,3803.8761330025036,51.40241373697735,6.456018235239043,0
102.18087075214687,2881.445965474134,71.49817303578558,4.84774888140883,0
133.71971963862177,3578.3593020698218,17.969597973689996,4.641394705009808,0
123.06196681351008,4110.7536881524375,45.11998851317727,2.0835856151359478,0
98.74933229458833,2489.475031230961,33.52064871935289,1.123038333615872,0
106.21098377036712,1874.0267381848628,53.548588699556916,3.761722231855492,0
68.7344708585023,3681.8961142646244,85.60220356175797,5.464733939180994,0
102.8761976780264,2576.0235101694734,50.79584163186218,6.466052794777482,0
102.18239423779806,3380.707741575572,23.49263250164836,0.0,0
117.32359323313312,1595.89783809934,12.90533246672467,7.9242897320838654,0
93.49924121199584,2889.3959642987966,84.62299366110858,3.834986152863906,1
124.68415524701601,4035.400927222584,56.73473444130916,4.777938189141825,1
140.40985214663934,3932.0943349191202,57.21174853591396,0.07443732213319768,0
114.161131362854,2255.379647633126,34.36765978872554,2.510669196475413,0
121.03530822478068,1816.5737024486432,50.96055598128811,4.677712118271562,0
111.50196552342338,3216.074413141643,21.570792310933527,0.5844460039685887,0
109.6925239897097,3876.3790010165594,52.659472968983934,0.03850698874059102,0
88.68493976936172,3691.948454756046,14.044094098028019,3.5882035010401596,0
119.64830867871758,2596.8478620225787,33.457357077300486,2.9968546710110413,0
106.58850087787191,3576.3719260844596,27.55667051537454,5.914235941806499,0
173.06825211360632,4983.725299137036,0.0,2.6691239340425517,0
157.94972674933194,3460.234076438884,35.94410790483309,2.8585695816530134,0
121.72944718960821,1236.5886192428309,21.12490736179758,4.336630623793753,0
86.99752650477184,3456.6522890594306,39.12669248033258,5.059885334170323,0
75.93229779351213,5682.269449340121,46.469511380935955,1.6172475211409807,0
146.52048731362964,1612.9324360024907,89.70088574655884,4.918652400427242,1
117.69321591506355,3259.98902274896,55.80161892085891,1.9596127996006716,0
123.83680460167066,2926.0323562614853,52.39048501025273,3.045778094944011,0
57.744337966926295,3297.990821395953,56.72620922720676,4.394033168615942,0
138.20329958730974,3424.349639544152,67.03125951593015,4.726150932880698,0
124.09436590984804,4547.371518278767,55.628291568103414,3.546070511535088,0
76.43111215433277,3311.849939261721,51.96011696521831,0.8396117742583283,0
95.86058970628467,4712.003800147344,59.92347713610185,0.0009331292468770847,0
117.90016511847564,3082.8865120861497,0.0,2.5574753537387096,0
111.99062319040358,2793.63833071454,98.51658727463926,4.887210039936568,1
101.4371336519322,2401.543108250238,87.55550961047794,3.974862524186512,0
107.00824985503775,978.7770616635081,52.57318353905749,3.4437000528530985,0
102.76593058066538,3504.4489310251624,9.888819045702407,2.9688285846030418,0
114.05517287782969,5663.196969120321,76.021781450424,3.5800150636855093,0
154.26834982610666,3749.3864855264787,28.195750489773932,1.030664953059134,0
33.08863853318793,4042.8961707664516,57.468554162818045,4.573967850453182,0
102.87999732556504,2646.14910998909,11.461266176824418,4.786922083383548,0
115.20013023720563,2891.6165833308905,100.0,2.263173704964111,0
118.95365984555,4398.341675624476,8.734819857619785,3.8961795185686565,0
98.57192476215312,5603.655558099277,47.95893337357457,0.0,0
58.39091670071418,4976.153639796665,0.0,3.289088173505581,0
120.34358969204047,4134.055275822439,43.739698303069225,2.7965755319868077,0
162.2371639864987,3263.3704771803295,36.21383418666172,5.575254045802892,0
63.788129069431555,3442.000639093691,74.26459091883449,2.622194636140299,0
135.51712288571974,2317.673929942875,32.92547704096053,4.796327389262405,0
100.01521912731755,1491.5151200615298,71.53644538907385,2.166216242427461,0
108.24566385860837,1874.1426348056302,19.33078521312289,0.08263284985489061,0
77.82064398632845,3259.1516530197828,39.17777608877184,2.4982571462956864,0
100.1919907245768,2839.916463088157,39.27443763808073,3.406208308879692,0
149.4328598446576,1425.6541280264998,57.57319639495736,3.4385955970253077,0
126.60572904207076,3194.5668408933,55.16307744184038,3.285898081686443,0
161.63985275320562,2813.6620104382578,63.486190274706,2.0574226266068627,1
145.79113362734074,1813.6632370157217,52.59902217926437,2.3983191938291197,0
123.34958612521459,2765.448005189868,62.90611981203639,0.7233184659831086,0
161.95347085039296,2806.6693999365843,21.93269266982749,0.10450152864929341,0
123.49414474493345,2454.9391367924245,53.371278657736156,2.7444169471207127,0
134.5623141222453,4335.6679718222595,86.29335881607489,1.5081686233638754,0
101.00555137887915,917.1252656469316,2.23386468437306,5.192076784771628,0
111.54444906206035,807.9237061093714,54.28035577219163,0.0,0
89.10676589166926,3187.762555256076,64.04108269183511,3.7354242972311176,0
140.10727610651037,3321.8013546682473,81.8810710462781,7.177093953162035,1
74.50899815021201,3674.7707704018617,63.51413555234345,2.710896517162044,0
133.75818288840617,2565.077760544663,47.22265175444505,2.8768831342929375,0
104.28003604840218,2149.382998199593,57.05580695608406,3.7054471378260376,0
145.53160284617206,3201.5618770350234,24.6751711053541,4.012646491031621,0
132.31478501444533,2706.1820807856775,35.30532257476531,2.216852828338839,0
165.22200793297057,5047.00338823354,12.023416429545614,1.0545040337410232,0
132.17263553506265,2824.5795686278425,83.02650621824314,4.390418018059514,1
62.89760520038277,3161.312687654941,53.73723877399992,0.009999197917717487,0
108.11220295717287,6198.096464364389,22.990774252346636,4.684918317467452,0
74.61400541920035,2991.8854767974212,51.17199863266566,2.232148568505827,0
94.2882646044795,3867.7316518868442,73.02267693777537,3.0862971231679897,0
155.40487696538554,3993.39834306213,67.45769526395596,1.8882285144478037,1
128.62050662436098,4057.3484070560994,25.14887293112038,5.8267609467716195,0
88.75932324058168,3579.542468325723,0.0,3.5428077326345746,0
79.22509793473247,3413.5569472505417,55.268496236440804,2.4126389864037647,0
111.22872845986534,3345.4827621924073,21.222263634779857,2.3672892402606514,0
73.73481092620526,2529.671022700254,58.305922260049115,2.6964741913959296,0
90.40712888868353,3611.3439392651135,70.02194243441905,7.765094438478658,0
119.26613873373631,5675.711638347203,70.7750368954926,0.40519012055949577,0
144.37689276466344,4673.848046663063,90.55537535481824,5.115161200804044,1
127.71228142901134,3538.168265129286,78.60079630161057,4.223313602182107,1
41.4083800740008,4238.797099828657,87.53681929854937,6.054853881202452,0
119.65871769705356,2119.212882687006,78.80817566685094,4.246165555070169,1
112.17015503365079,2885.577411593401,77.88525998588906,3.047564521505513,0
122.41065248870476,4328.95179562377,41.38547130516663,5.003685009263175,0
158.49751435110142,4997.35684514682,13.747833859819927,3.402534850629747,0
48.20160414087709,2258.5398097808825,100.0,4.567638313295811,0
92.69881967152993,2603.840198770583,45.42733591104867,5.807846464466624,0
128.46767546301538,5827.723893368276,74.75426926008384,3.2029915224064296,0
62.79932238498595,3338.99530248665,28.828224188997513,2.151075925487557,0
154.5257083631594,5388.052471272945,67.40471428855096,1.6150307941427176,0
121.00429405045044,3494.6609900472527,1.992963429357875,3.847663087013188,0
135.35687511509934,3488.5346145182284,35.16505377103836,1.2577320643652528,0
92.85147656189744,2846.9947205152403,39.80730008238955,2.361649528846117,0
134.25354120550375,4337.92504560917,57.44973697677003,1.0218926051890778,0
142.1510104378642,4822.4449061632295,75.35677662874889,3.9757016385422093,0
117.24994978564642,1984.2278769630811,17.00897035841738,1.5315681185579701,0
117.02542265079738,2759.2935278977448,60.50049064447641,0.4700920588789664,0
117.98779192318037,4256.583248146939,76.5724140991172,0.8267010871945826,0
84.15039949271407,3041.9774739454874,100.0,1.871039368272392,0
105.21605743162479,2602.7625737042513,63.93239664277726,2.013476163022256,0
105.7213361125313,4432.756756157186,33.02434915869397,3.5391847913983514,0
121.33473636449202,4499.104944071726,12.569224500129557,2.675804727398114,0
139.538012497842,2670.874123665823,88.11357921838541,3.7735501552634347,1
78.38469799350526,3462.8530227490114,61.55534483729098,3.8740607005746934,0
106.40455312311364,1756.2559844234095,45.04106465894459,4.469503156232468,0
154.05602719110917,2146.2815633048913,3.698159901887464,0.026770034726615086,0
87.94942758463611,3348.530967740818,22.06962981769832,0.6471449129274844,0
85.55355986590244,3238.7436639755238,60.44206777380046,4.176936522085513,0
116.88995228477151,2048.7055913585036,53.89265942090491,3.4174810580594133,0
135.20598995328697,2338.7607817247545,0.02908528330706394,4.809087908068198,0
110.27824937046783,1894.8345212439763,61.919169434525635,0.008449787914934488,0
149.6572812483253,3737.8903569920235,7.073043450610319,2.0283356389872687,0
135.89747013540858,833.6208267320363,78.87424959848188,2.357884046196532,0
135.2981582496079,1974.85190821074,49.8935925019139,3.4278891991474922,0
126.99517160640728,958.1700809039187,33.346177107121214,3.111850062027885,0
179.6264198459431,3706.392076836948,68.62396887410445,3.932102375457107,1
103.98874233058244,1031.2212368461135,55.42939209733663,2.7727230603579045,0
49.80486210308986,3255.179503590997,77.2568942201812,5.753354164544322,0
157.36300797726733,5184.791501556622,46.760214357625465,6.298581537210223,0
96.55121627406172,5160.524382184736,48.76431945093039,0.8914407239471543,0
112.50078007143402,1004.2369964571383,38.365040211076206,3.092224013624345,0
149.23620629251548,3510.0050044701693,52.003366499039764,4.69042363790074,0
61.84245302423283,2007.723718062282,87.19500458346815,4.127596217482469,0
72.49665223442514,1761.4799290334709,34.86723092356206,2.2093378066974965,0
62.01892430914598,3066.819520068934,61.312917251014795,3.4508236471085185,0
86.21498704283577,4690.750394214444,22.62308363806897,0.0,0
123.34522906737739,3918.7451445630973,2.69633219452611,3.0052177348327884,0
125.65650764691848,2329.74224847896,49.03340984618398,0.08974760269563828,0
119.34627897252929,4045.91369390751,56.99227819279497,3.9934869746556405,1
67.46304290767459,500.0,39.20690246500155,0.6012442502873434,0
40.210956342684,2266.9530890693595,6.997423911168942,3.306472052706985,0
111.0359947840218,2230.456126847715,50.09542130149893,3.6536806070398105,0
96.06330273788353,3302.4913516900137,49.65681384526766,3.096134757924282,0
123.1633459130835,2985.578511778805,23.479279078158548,1.7465936529682327,0
130.6161009831472,3005.4593223845213,11.62828332879439,2.548264743895988,0
113.55849637891487,2958.0046590082607,37.78751841934017,5.299915135000465,0
132.98285684669324,3208.1808087533477,63.75055352175208,2.14288455342939,0
117.43228295320921,3856.177172754408,57.10154243380712,2.931508607618484,0
125.52242140827744,3396.3790468538436,22.92262329042641,1.9150714710509282,0
89.06881657598508,2864.5255832595153,45.687122350099656,5.0449175688678,0
103.54522169463645,3684.9723702906426,68.63829137486262,3.1902453948617415,0
115.60210196294506,4208.3907186919805,14.97597118487961,1.526429895135699,0
134.84098996478602,2523.6114029639284,47.03832673518329,2.9973650480068454,0
98.07507813871761,3149.828936541319,79.6965563775929,2.3856044825439144,0
125.99761154325051,4634.000327658632,12.498127516972792,5.777163347701149,0
101.10672389667579,1855.4449872775724,75.81816690623762,2.8527480440407698,0
106.20600954921365,5360.5188326328125,84.93074093236727,0.3016345757655846,0
135.081098599545,1565.2032818327866,40.20821209062379,3.9814593044707234,0
50.376078012345445,2766.2963737164164,37.53274866387285,6.612067014497336,0
71.30677410067793,2067.650861640999,72.16846750645638,5.463050578106017,0
65.58300465010554,5791.787646480953,42.9163168202045,0.7526139544916739,0
39.54235020080606,2580.408279055527,0.0,2.4637751770363017,0
89.38835406602169,2620.072582425445,40.80075004252217,2.9419617658889092,0
133.4265539319214,2759.5689632226204,56.31790702796896,3.0703134516414248,0
100.99624909457752,3330.0599900731477,68.06544581401445,3.8233058832367703,0
115.33377159903348,2780.0289855513383,25.025862267243358,2.256788456788045,0
142.9719565495039,3041.8544391235255,37.47484010653799,1.1394667159323324,0
149.37629215543006,537.7344113050169,68.87844207629036,4.876804697549556,1
108.6168854427652,3255.362036080127,43.47732346093796,0.7093865172035964,0
151.69377858817728,3211.6396300604483,7.2094925190978385,1.3841758172057999,0
112.70362416146767,4457.93399081724,76.86175822804506,0.7135010652237991,0
85.02378085824576,4752.903367969585,40.62433495890542,4.2218166591249595,0
91.47013707287962,2989.14512554778,74.0950352719493,3.2042393584034885,0
66.01264209258225,4143.5669990584975,13.104296613355443,4.827686056673146,0
82.50454528769818,1829.587083153812,41.79968744372876,1.391911481402769,0
98.7641854320109,4127.08874906125,57.37942306446008,0.4065418059587462,0
134.14743690350852,2493.403499467214,42.25359938565987,2.085337348924066,0
161.8190628931542,1767.0850312150833,14.984744768544287,2.6093379890675155,0
67.90644081846035,2994.8325730120296,0.5533961802163053,3.493665331826321,0
121.58298655192625,4893.084445568838,84.05338460126941,0.04226946495033573,0
78.13537092064063,3392.653781140924,53.78927209603434,4.024893082822402,0
124.07318917254389,5006.194546271299,73.13652261463413,1.258128831938884,1
105.77969829991012,2295.495740590983,68.73792925325331,1.611384505794829,0
54.845721079480505,4465.741828297173,58.63900585325166,5.30737276910859,0
138.06048651294242,2416.996774665262,37.607308904938336,0.0,0
91.91262767548825,3440.3307304336936,61.208890163167716,3.7283552835610143,0
94.2244747810303,3445.7374213692715,80.59480403145011,3.6820007925273353,1
77.84831972657928,3945.5578554363697,50.77872042767281,1.3799148821485796,0
90.68677298492287,3504.603476154257,91.24457204222637,2.081563476534397,0
122.78596151752977,2320.937961721963,6.809570145736706,5.41720944131496,0
104.10344577466266,4242.311506455718,4.286065062875676,6.88699396590177,0
120.12822809934673,5275.685813847606,69.96228580745772,5.162493547373855,0
120.73063132732386,2479.9186886933244,24.268816279283538,6.775183659341041,0
149.4682043541968,1022.8279895259454,97.24595039983116,1.6546900201638572,0
100.12730791572099,3773.48090537009,74.27844957187418,0.020929751244000025,0
66.08963508392944,2796.379340427113,83.23022144334543,2.93127716092675,0
141.8811447821506,3016.7345398292077,69.94170649373885,4.6358277317966765,0
100.449142835375,3872.096476259539,19.888582587928305,0.055104892493129734,0
142.88873113535286,2673.0640118109027,2.9650608418229445,1.1869872273908375,0
121.38346452588844,2835.880324941978,83.31874851577783,1.3442869112072706,0
105.79927965342279,3092.980368778648,7.4317776036001435,3.734462858627142,0
120.49929979845002,4996.330987671393,83.32520130960599,3.4754639263375013,0
168.79383439535593,3238.679288987519,62.36766200550618,1.440473898503228,1
172.52227085934442,1703.7049367705492,44.35376016187565,3.3591368328751434,0
112.26785195576181,1764.1384816799482,55.20455090178404,0.7603421132640937,0
114.85499666299275,3356.187641587171,57.21109817678693,2.1770451161512714,0
142.23625247531777,1883.9859848037186,41.19117784640304,0.5165307558194632,0
85.08047492669418,1341.899948774531,82.22069415140555,2.702009667547393,0
119.38138895169095,3980.6092202810346,80.35510151770158,1.4574910534191476,0
108.9332920195698,4064.5008152489618,51.4642041758719,4.41867513906843,0
119.56451282796908,2785.090875165588,30.07098648371928,2.9096890350841655,0
85.6111526019003,3549.972163899726,76.12545736778675,2.532100194413316,0
62.1616651640161,3426.207179563003,0.0,6.497514775960096,0
47.695628260799985,3970.095649019171,57.91809461112457,3.7160263858771434,0
75.98403254915173,3910.9142419228747,62.15984505890816,2.3939821540035204,0
95.9833925937698,500.0,20.937124872888546,1.9134053399141082,0
101.4832922665486,2891.1418318596743,69.98961109665828,0.6977836938844366,0
168.7317174597981,3785.1349484760703,43.634170062834265,2.8924493662856725,0
143.082685742815,2689.9048768696425,34.772174141343704,3.5928977819875736,0
80.7804102850279,3226.1973597131823,69.49972117492997,0.0,0
120.42790049911625,4088.2979500496126,19.755758254659796,0.2595111150054675,0
97.15412797328543,3309.3453272315696,65.96423645962439,1.933984916020162,0
101.99423278666953,5009.262123988467,0.8908693243351637,0.8356927258248656,0
115.10770681612499,4572.620082857247,52.65728095254603,3.0976029386103807,1
128.72551690335234,3060.719314278793,48.169167664947075,3.4028146795433116,0
99.91959765553798,2965.8811498138534,31.78702514427206,2.772119640397772,0
142.15109617701094,500.0,53.91453591017008,4.015467890407312,0
75.80223684450841,2847.139281402845,44.557934257623025,1.8213805286204086,0
110.20108511601855,1567.6323003296386,70.32869087564434,2.9293780272691046,0
188.07143945483955,3483.8336943099903,57.77398597730907,1.0037444893159457,0
117.03387581325045,3359.7559043823103,56.2339198279813,3.5422684624172627,0
153.71858258862582,4030.130824729115,51.81080841823004,3.1254991438546904,0
112.25899208848544,4916.151395784012,33.2250813147168,0.5667470408101315,0
126.66438064795835,3182.200805100247,36.49809003695149,2.606500950894156,0
107.681242778052,5908.505612253762,52.879974469546134,2.9185461472027496,0
104.1746900600725,3458.2628266192232,42.35826356919804,3.5989574453203503,0
86.12012711394378,1659.7426986857909,74.04596288788225,3.616213028320753,0
122.36935475508142,2527.266992227435,48.39778394652813,1.497901829626175,0
84.33345323690766,2747.1951480000816,51.62793093090213,4.5797182520441675,0
130.34204901112068,3895.019391406377,10.074450002689549,4.1181376609701275,0
142.85059415032373,2056.951924113778,69.88671001139775,1.527976237830979,0
120.75110743239665,2870.677761837047,32.511038234715734,0.663106301487024,0
101.18565642353228,2992.799545824932,18.594164467701884,1.6927577055153504,0
124.404310530252,2650.259926438219,88.15526528037199,0.0740429548656872,0
100.93791399183753,4185.69067719677,62.861039524363946,3.397525575054769,0
138.16908287246474,3948.8060088313778,65.52552543461293,5.2915012636653085,1
55.14860070985573,4581.200582239791,56.2511767028015,5.888033209994244,0
99.78430118061199,2802.925872025181,41.43977967446093,0.8321094272304151,0
51.10125519899249,4643.627293041387,37.08180954430274,4.647442254141779,0
65.02406127655786,1547.0154337941983,66.0780526413173,3.1721163415757907,0
150.95971829833323,1543.363569702418,73.74619962626585,0.07361518785557526,0
136.24047317743546,1747.7762604152467,42.52238460244396,2.3286787503719033,0
88.14545367112468,3171.629738908176,95.78506348647748,2.079785887700094,1
64.67971289822351,4658.509983519965,40.7570724467116,5.394988625550947,0
21.294517455037738,2466.0085311010475,9.82346112449655,1.3512130956989317,0
93.38991236757104,2644.121175531238,3.044881829409192,4.120620261458392,0
182.6193248279725,2982.3938049862204,1.560512711647133,2.869079504689923,0
122.75745805293326,3886.05828049137,34.12914206255371,0.08693012409820947,0
92.7597434667522,2613.9027934268074,37.52065742294313,1.830769500330163,0
123.54348289006931,2587.47583427072,61.26974163865919,6.094947127268715,1
63.13064114434839,1568.717607069543,47.56666531663543,2.617929839148036,0
101.14122523270127,2551.748826745709,64.99531975826774,4.8251831386494155,0
112.92250997937356,4603.728841784156,45.38984687481919,4.710050471038736,0
107.0668548018481,3296.561484873852,44.063890374023,2.109310990540476,0
133.64489750543882,2359.5177945205164,30.325116671022688,0.5124286364870498,0
120.1709153294862,4690.66038612243,80.49142120614995,0.7126141921091977,0
129.5832530703778,2530.139316805714,8.527469941726473,5.905978585446003,0
89.33323370346741,4903.375440579774,51.89147132789113,3.2822614823816285,0
137.62413077173062,4882.352636074993,40.67130473010659,0.026895315348860208,0
158.84016677582014,3208.696028623795,61.688867968106074,4.6923005522498995,0
80.3155677638026,1421.9341358131092,43.20284776255324,0.0,0
83.98741790246652,5955.105141159517,46.828590735675995,1.3971089240772423,0
150.60284860333772,3662.463951616807,37.016283854331284,3.14976829428591,0
104.8730109517371,2823.138124479413,80.9514125140008,8.06900794772033,1
152.0831130570799,4348.165788166314,43.71154553938741,4.563692793080252,0
96.38657819794102,4023.932136700686,93.94059933713393,2.0856796647658116,1
153.3427896753639,4780.352772440153,54.37233823664123,3.0240971499571496,0
114.35648969714691,2401.3860884321007,46.61759052319524,4.873770801184163,0
118.34235158503705,3597.021113238225,38.471755540233,5.904043012348926,0
156.53185076189843,1771.3944395685583,63.93204492542746,2.52050116690888,0
98.09195734976387,3990.2267574957064,28.7420834439673,2.6176300158267347,0
81.79288561030197,3161.616037559533,51.39942149394854,1.2860794526652357,0
96.13829657545682,3519.520252897492,44.53064942659239,4.325864451797106,0
123.3170935158008,3013.9488442003308,51.25678676912499,5.017611013680035,0
62.904712368661585,2907.4380220821627,53.12331557461224,0.0,0
129.26394942283508,2143.1062889887917,54.02002334719096,2.1310965185004105,0
93.48761454315343,4124.99148595383,46.57775272387844,0.5740262807294059,0
144.45443061337537,5003.387909681762,84.28961639987969,3.3470353191545312,1
38.149538329719704,2529.236758177343,56.317063057027426,0.5833127978802921,0
85.4778607058935,3879.5602193120576,100.0,0.3071716006797647,1
59.61799005593461,3714.194271011466,46.52161079397048,5.226012645248674,0
85.01959803318664,3198.2648771939857,69.11623878825496,2.6329635335241166,0
116.89445496483553,1333.235472007346,25.7160922695078,2.839544465604967,0
104.3096008127051,1615.5013934893514,79.57959297512075,3.845168832682981,0
102.48118628108934,2245.3472659814715,26.643819051592388,4.940985150892485,0
105.21849324597379,638.8188949287021,54.34019181578372,2.145493925374035,0
116.35777302880936,4887.420225149612,42.22634960631002,2.140371633271914,0
79.87463343341062,3620.689912424867,56.66359690985623,2.2684526255789654,0
130.73135862406764,3108.385075327391,39.48253835854618,5.168900536463948,0
128.71827626227443,580.9521718025145,27.12652137934264,2.87967916905681,0
121.64836214355482,1028.9477085748713,34.327675061131096,2.442560755489486,0
126.95238048319435,3216.4936823530506,86.85809507429671,3.810822773415329,1
118.81902227656818,5545.304009485852,55.411652793110086,6.667674742566653,0
171.36424178952845,2382.136420284015,11.474983673980656,3.1083368760276935,0
106.99934287281353,4247.920274560835,71.58569272775858,2.5357643653260644,0
100.66159237491142,2635.324368356,24.1764746150995,6.921923058317311,0
87.03176935146861,3254.1122735448434,66.81653680740028,5.61511455473642,0
79.27891916777351,4654.94521787752,61.2593193387543,5.325828910927215,0
72.33583968181604,2821.5303508244087,59.677111743680484,2.0994963504007353,0
84.12393969443625,2405.4469892304874,88.60259553906239,1.791878006104062,0
107.69920235247228,4900.734365415475,23.678468567091013,0.0,0
120.31927230015633,3258.533899596712,59.340698696003535,4.903481136800509,0
111.30434173731463,4465.500158558956,74.03274869255382,3.1725502875293228,0
87.53504860119054,2401.7791817240686,29.77427958851779,0.0,0
137.51980365724592,4902.912599331215,26.406631847490768,5.406667665730392,0
132.07049361177127,3535.301425907447,38.55083678560395,2.445466200831386,0
105.30987976226822,3709.6521875442763,54.19752595801695,2.491441503954325,0
90.90958305810817,3359.328329400662,10.727084347632207,0.0,0
126.62173195815005,2622.7150710212263,58.70341638156886,3.983065819367881,0
115.23170973258019,3205.2390472965917,12.259931328406548,3.911800778763016,0
66.62802639127113,2721.5333536293588,76.56499836491656,2.9258530916049117,0
107.70071099224349,4367.729531410724,56.842215313357954,2.20476427736847,0
117.9603979162432,2937.924521426644,92.45235003775514,8.180578825073706,1
82.68501093624432,1395.9839665633046,62.50698729313981,0.5859298135277388,0
115.84912225440242,1170.5038267981058,38.4234117719922,1.5691555690391754,0
65.68448327811431,1145.0540917467922,24.489568822880642,4.448735865462942,0
149.65120775158763,3964.671024311154,50.52080435326821,1.1034475437577531,0
147.0827105398494,1852.525748769073,46.15713039549712,0.7829350575965193,0
102.3359143644218,3553.4525910809684,72.73851463331876,5.2868694983947515,0
120.29516725501523,3373.260172194086,25.92060523526753,4.2036259449528774,0
37.34661741055708,3147.908364774973,95.04901317383703,3.9550916814248422,0
75.61124841104025,3757.0966719201433,76.59334530743529,3.3608106032450955,1
101.55886601960921,3365.389467738489,40.454670048758324,1.640538015208292,0
76.78655009701566,512.4023826596496,90.69799110901927,2.4904814156082375,0
131.16530174605197,2787.7392866932382,24.41763423822418,2.8537688602239624,0
170.409934465291,3698.06466305166,50.60756927406102,4.68598071380432,1
74.8544154237557,5142.164191684663,11.699504923889265,3.8031501261217713,0
85.06293952920994,5211.281131715473,90.30169026532367,1.1812766519479851,1
117.32565885485586,1535.2059566430564,1.3928258757575556,4.631337442246014,0
157.91642783607918,2756.6609918325794,9.21111790635011,0.04906308674460671,0
73.38561220994063,1302.6085399077606,28.83554095913906,2.3937178393076635,0
117.68869352923815,5029.961950662547,75.07939943275237,0.6812059209622099,0
164.642832024889,4416.077855500983,67.87852599878823,1.2423254075135173,1
60.242546824657325,3587.8197414969463,48.05687617907747,6.895796972581134,0
71.58076552070801,3454.1278637650944,71.78899263549764,0.0,0
96.84394215757627,4847.029503707008,40.177194820639,1.3257301311456748,0
94.64566266598949,4627.014732585787,55.14852897048754,4.127306436185052,0
133.82586613913264,4601.3510797421195,84.6497407899506,2.0853932958679744,1
116.87349630159744,3747.908491910641,39.88774887880466,3.3179719237476344,0
57.07271401072306,2764.6471924748757,24.79757197596054,5.767403321301358,0
125.61610256061256,4128.3122993150155,57.57820470435303,4.276442604348524,0
92.50633989799447,4165.8517191345445,62.96247228504211,2.1018018816276975,0
147.51501505974622,2965.2861644970467,45.244164676491316,2.6558348573347863,0
91.18154692537935,2807.812483900359,69.99506015501534,4.08013389301045,0
90.647929502378,4562.4709017221885,38.223362898017854,4.200893464237803,0
126.39216691303467,5209.182400499599,49.8791010157937,3.008806166866155,0
132.6933503371374,2290.25745251856,57.12731576091641,3.6413282287799444,0
122.69973325399297,2886.9640317213907,53.15655485234319,3.7247553972223653,0
58.846507282578905,3605.683722113635,84.33907945238619,2.734967965694144,0
125.92920218710532,3767.598345802516,54.23342456028146,1.785810751395582,0
79.04350675305034,2564.9525009714594,37.83517085073703,4.521938242763775,0
116.63444518721418,5446.309841370677,59.82693097205893,3.5899929895465665,0
66.99660593085305,3727.2607654864396,69.91748284107233,0.023240961080298217,0
123.71698939606237,3849.2827430468305,65.01225045271316,1.3612917532487214,0
86.24385777933239,5264.853986643533,60.481252250810044,2.035454610062446,0
71.61076590614739,2695.5836565946356,7.8626517873947055,2.5965775832331226,0
131.28598522584898,3106.7226525255132,0.0,5.424651847307449,0
116.95143423670123,1718.8920896096326,76.9642340238841,9.345409432801217,1
91.8156897279173,2989.781094416109,54.44277751717493,0.0,0
153.37345253035602,1383.4189951947594,45.11719376706844,3.711701590991248,0
97.16805099607757,4070.9190050205725,63.35702868740029,3.164236501039202,0
111.38907367172551,3738.144962809671,92.85050207409157,2.7024575238169066,1
118.26403088388439,2834.9544014167363,79.00096561510546,4.107018376444999,0
91.20095168703165,3050.587509034986,69.96085918244064,3.2634044275860146,0
123.93184603653273,4105.14341345736,25.135897287337876,2.26476879971747,0
93.34251899059893,1809.304514667699,28.98244776439332,2.972885423391538,0
97.67893777194621,3455.662801230376,0.5938301080260691,4.178721009409174,0
150.866523234437,4051.6159307683097,61.21732768100035,3.9647719786708646,0
78.24898961665104,1069.5737654329916,70.72717038012877,3.3381790348397744,0
38.54566162728649,4009.6169051235665,76.77081823884382,1.8682130454001593,0
158.5224987280307,1196.8752133929192,58.4157535902733,8.67372887496102,1
186.1638217347213,3094.5714444477794,42.88744538731127,3.723861792779875,1
98.6216767856887,1775.2201384639425,30.93994758365719,4.543807635058916,0
51.701580382993995,4939.8337228040355,20.752077685190667,2.008501868216955,0
101.03213561519372,1827.6597288662747,41.40492552475064,3.3992279757626216,0
101.43505303579336,1217.694721564292,20.36531320649325,3.367557334212124,0
104.11529658080177,3363.327406403512,88.22690554428785,0.004287994733408108,0
76.4652233773668,2710.734432502163,11.995200365418496,1.541635213685654,0
127.97466068201126,1374.9694478714325,40.07153028705799,1.575417858968349,0
126.05049202836764,3798.3542572309625,0.0,1.8990716808222712,0
65.1510380480247,828.3303982736019,50.18650537815615,0.8040027012600013,0
130.17987038768356,1931.601782579612,45.50434879924982,3.091719163135595,0
171.72177115648785,2487.837022089261,35.5305510501962,5.757323329953384,0
114.70141002283985,4152.388552373333,24.080303762460392,3.28752134935281,0
100.11543718687541,4760.289861907371,46.39009417271015,0.6613253911026146,0
105.4143784291679,4513.312878526937,32.85887051338353,0.9467348975826554,0
128.2562287764834,3001.620435033688,44.392411981140064,2.2204290163276412,0
57.84476616872468,519.0552262102077,95.0040062923449,0.14635116075388183,0
115.30820596133105,3662.3357960073886,49.08058045077296,3.5719680889389216,0
97.59349295467779,4948.729936693161,54.462223750246025,5.623921519137582,0
165.69510475894182,4688.392497354879,33.761349296880816,1.9114573018365626,0
104.936920309383,3756.6717161717656,27.996141203606868,3.1834328941847083,0
159.97094584660843,1773.1743883244098,45.74195490195712,2.204514218062584,0
76.72078062908113,2578.4686883016657,99.23870063031839,1.7225591730845298,0
127.79459280250964,5517.851051515698,37.889797295213434,3.404502028207629,0
119.42399128603748,1516.7942652345234,53.166244384937194,1.6276176651415037,0
83.72037159532974,1794.0319652315304,24.758601394690373,1.3515191958549393,0
115.32550143453543,4355.925682209879,0.0,0.1024689871002189,0
147.0879022241872,2664.336113868664,27.45905235787014,3.1113419401714038,0
99.6948514246574,1749.1671261107442,100.0,5.17736698915311,1
59.40028167458253,5017.8336843549805,60.28640374894481,4.422558250047998,0
109.44278300944426,3746.3094989138426,84.75762966861555,5.9102549562943905,1
82.81176167828619,2727.100296517029,35.67341735028383,1.643272176335894,0
99.08921147825949,1805.796744376826,0.0,4.71888972149392,0
106.89768644537129,5677.111489194306,19.42571037129487,0.825486623668921,0
58.935972779746216,3153.2873318325405,54.130068375560235,4.330648641756721,0
60.99226310072841,4831.644196423602,51.1395586665257,6.24173209512152,0
124.90654829707185,4265.391166783778,42.376546293209266,4.015523947639594,1
93.89365648226403,2615.807800731343,29.852125022643566,6.2729576453281135,0
33.32039077455669,2563.2192439617456,68.12447867293157,1.8609463525252057,0
133.26957892314573,4917.607002983343,32.033000956892465,2.7268878848229243,0
117.95039972105239,4946.926452575829,53.067106172839544,1.194327266584551,0
88.2344580234023,978.5843156010095,52.91666994994515,3.1347914531945364,0
70.6747266082139,3852.5095053449722,32.774092183835066,3.47926955356712,0
135.3862287528917,3034.033375894153,24.467683643711258,3.073121110652243,0
120.37378709718641,1967.2614956099844,35.04729765529942,2.0567366735000547,0
181.73648240669812,3519.8729917687697,90.8728264441899,2.0282574802325457,1
122.60504331862394,1590.233009319153,72.14953499710366,3.678813339423023,0
121.0663087539025,2619.05365351403,72.18010683378978,2.6879633687841635,0
105.15141326053616,2230.5103060172028,25.20656638262669,0.5537117386499287,0
134.37978512013746,2622.8133635639483,8.6170658350002,0.06220837851343919,0
127.75428155847759,3122.3802809393997,70.82702233573274,1.7431900129103617,1
147.4436911283941,1997.4734252305177,66.34588278409699,0.328726270925757,0
93.72259988028662,5086.7178534946115,46.57552793436701,1.2825301491994099,0
96.40738409904161,3813.0275382792092,37.02675181654716,2.100360722099836,0
95.50041934316475,5359.3630184221665,7.2237175473205655,2.730255349785708,0
133.66991246126292,2997.4292470562104,64.90893105395686,1.6835710143517206,0
154.66597858314282,2556.409309089077,74.96202222152208,7.4025379839914285,1
96.41092016762215,5292.598800116831,26.775658440849828,0.4980924154534502,0
97.25419131379745,2537.1710096346214,28.220104098409887,5.412972789371344,0
119.23040840663356,3006.162525212729,76.06165066895457,2.651619310707281,0
102.6173618371782,4058.24586854106,29.30759172428299,1.7091139290346873,0
139.08202355722779,1711.0005757608055,89.8117182967275,4.145417643740747,1
41.53987313755204,4056.2472514649176,43.156383280448594,2.095963970643479,0
85.71980960264305,3896.542755730319,36.36560894908763,1.3052680120550917,0
86.25334300360733,4749.579988171004,46.143957416256875,6.592700624438176,0
40.088431635376686,4257.3247181148,33.7761001212534,0.004922669194322146,0
80.93912996903327,4729.94922753668,72.96952012096281,2.507952140867843,0
82.14531847431967,3062.326976530351,67.18899698897357,3.465309472607644,0
103.58384999502991,2179.8508342399605,69.75177894970894,5.89474311576699,1
143.7387302579713,5752.293425117845,46.44286675785081,2.2457218196160187,0
102.66387416875551,1370.2762399673288,31.780954459915016,8.364623637820145,0
78.33292345477349,1475.523131750278,41.87357722908009,4.525283893759028,0
108.56964404816588,3877.3182830356977,33.670302521736545,0.015370065727315719,0
141.71137701003374,5136.896799836574,80.540673436364,0.11163416336432617,1
80.10616476425014,3381.394535178025,70.23298595327367,3.5001257581082323,0
82.77210346323523,4382.159011958889,43.763847660979174,0.7135698456310549,0
127.04818362538336,815.2078619780161,22.23402435783699,4.127104032897262,0
102.75828156408598,2595.086764473042,84.15167118668468,2.0932294957773006,0
129.514114242542,945.1290082972142,49.81891760750145,0.6310804924394231,0
109.32996124985102,4158.636666462441,41.21082465374181,1.1158811863330858,0
131.21687657321877,1324.0204446404573,79.78978481639476,4.667193883191509,1
78.52654082182185,1649.2757394473474,29.683373664744185,0.006616629380458101,0
110.01689731308926,3823.4187939413746,37.74758956909606,5.093795130385699,0
103.60258605565701,4459.963124050261,39.49426888240754,5.099088502390352,0
73.2540425245201,2994.863401908372,13.142709071067305,2.409554885199773,0
62.81099186048685,3915.184716677104,57.16373579446348,0.1487222549485647,0
130.94960754369836,3823.859156830672,26.229097033054718,4.181630537723995,0
99.21073460980394,2926.850018028849,30.556742533455314,1.9628806219833654,0
79.72417834969237,1895.1778345524833,27.91916424885835,0.0,0
107.18536780191613,3876.9219228578622,28.51468433230874,6.8031948669173925,0
143.24575568795007,3908.230698289656,25.13233851633939,1.249889894549615,0
41.61039166826384,4308.480342979969,50.94298358453191,0.07961169776285837,0
65.11874383561565,3558.614654078038,43.62414266279069,3.634648745665708,0
81.73273783125791,1792.8894198164917,43.7992081391144,2.8215010942494283,0
153.80331289413994,4037.1364620658323,100.0,6.016301939888699,1
118.71687198201836,3241.5472694431655,40.15863127428533,2.157079932547533,0
133.4512611128163,2612.5051861806796,58.50029776736457,2.211654189846837,0
76.23373421958549,2828.011774055383,63.93398931678084,3.65683791886745,0
77.35561320362328,2381.6544183012375,42.92368799021531,3.3449837761129717,0
123.40023380078937,4308.362809707808,53.795804799099585,3.4873555977791093,0
111.92152064449982,1501.019138277552,44.70368300549938,3.5074497987342053,0
126.25750605086971,2002.0906054759482,49.51111302875763,3.380153406878084,0
105.15369182660022,2813.3259758362906,33.32196358729689,2.2134293557295535,0
117.94362587713792,5094.992560259289,30.57367877749863,4.636241680059304,0
115.43569451772326,4452.799603646233,44.224551116323994,2.262390607487975,0
133.98437497164196,1194.4937955239861,0.0,4.6055329591733125,0
133.88604298982168,4814.399859588528,81.729706566272,5.847718566882354,0
61.81453083339513,4809.040290842136,100.0,1.5928771867839657,0
42.7826922026022,1738.4493782869522,49.91468548469076,7.691313719509095,0
139.9352061007598,503.58495766676043,61.816328723381126,1.5488246178516936,0
145.54567641670877,3125.6621229836487,70.68557583667338,1.5440210611248242,1
79.50619102515208,4543.031825513056,11.614407289763191,4.003420157635398,0
54.344255786081625,5078.931963059515,67.60366282019311,3.878157510546038,0
113.59767675003704,2180.304628664442,34.29178710274144,3.0813324320622995,0
138.12849023499246,5340.343138786685,100.0,4.656891569332102,1
163.5920524212446,534.5038004087811,39.773812953800515,3.4498599379599413,0
125.7974477983863,2751.217059784362,67.73573319200695,7.27766325193611,0
98.10093697787302,2692.478156296499,40.353296227054784,2.9429607631012273,0
83.04536565642513,4591.466770960859,98.88754031196834,1.2533506467074917,0
110.18387340567274,4759.8000032198615,32.3192718838337,1.8614389518828771,0
101.26332607270284,4353.810583623092,72.18434487816928,3.930497381227668,0
80.20832160354149,1588.2988940697705,60.97205556068633,4.0068044734039105,0
171.58707754932198,4220.3363457059195,53.433850654890705,3.38760803845278,1
163.45545353097054,3794.442710172618,50.66171366182046,1.2419180797928926,1
143.8206878632385,1188.8922513473474,28.9981346113586,5.14744720586295,0
82.73401650801196,728.9505047343439,0.0,6.869062262233065,0
135.62206547380515,4414.411862266147,73.44926469745309,3.0237700764042312,1
128.99871886745487,2979.3267807144016,35.482388293490956,6.6341578488258595,0
123.68051488471842,1657.0801973275054,73.22493257757469,4.62368403750912,1
147.9677102483811,2940.4646242010263,53.5828813984857,7.463625866471719,1
128.71625664644705,3664.854379150952,76.81789022369476,3.9339537787843786,1
131.60136644086495,3125.240637673585,62.30283549460844,3.1822823772016537,0
129.06088684006855,1345.9111911459263,0.05008180812909736,4.69810995374501,0
119.74390488922461,5498.1080480918345,59.94691975522526,2.154928275539898,1
55.98917734291937,4422.666989497482,37.75069535433552,3.7696640537038095,0
112.08373739604329,2800.182249838266,73.73230256666093,5.692319628588253,1
93.71861180061275,2836.3613713962995,60.47795163342632,4.571701617383457,0
71.86015398804959,3623.4950025352773,58.865253687822076,2.825250279121472,0
161.4829914890017,1852.1102704870673,39.62738765252475,3.391506571000682,0
161.6432151885462,3579.7641489718603,20.517600909491552,4.475654835386786,0
151.3319342679029,1572.7610514971939,35.506225742056884,4.387703565058719,0
117.89742254750975,3107.786264745771,0.114291057006008,4.528531962498836,0
150.27744502585955,1818.2520722015142,26.66834392513682,3.690738823952155,0
110.34132991949109,1806.8185923468093,8.49455879613428,1.4320108032183654,0
115.8755446959828,5202.961033242447,10.010438340690088,1.690849801186243,0
77.30348941576536,3282.581137952633,46.05596353766868,3.94763798977513,0
122.29468063003331,3444.2116421191836,57.12950050385037,4.616337474961481,0
111.65257145499416,792.053090095948,44.3332417435787,4.2929907734700885,0
71.23935373003961,2502.8221011932997,31.73267321411061,1.7488959123273957,0
109.00849216563641,3754.167977770719,21.794372145330463,2.724636720350917,0
108.19756677124734,3451.972954148413,36.78612568231622,0.7301921113642069,0
163.43082210993288,632.216473045683,22.42045211924679,0.16091641797831718,0
136.7803394786177,3452.103209405805,46.89256785176122,3.210325062991911,0
110.58377312454166,3617.685753695792,6.490235758986993,5.734443251917268,0
117.06530603429911,4738.544871023878,62.6863998495159,3.2531157242148696,0
110.77616950684398,2372.8734849324715,33.458607602854265,6.84902078020068,0
103.88943564990912,518.4140876217572,55.69434151288109,2.658552612869323,0
77.334814286996,1995.5060300871266,68.02126257423718,3.074043378426276,0
105.43106224405267,1871.1944142987454,54.78669741498086,1.002345575325569,0
87.41146095845255,4097.210142876491,65.82717416646499,2.3518568347903237,0
73.36395641250627,500.0,0.8271190863343555,0.5802061146549897,0
125.11534085875803,2664.242286752955,33.55070341860303,0.0,0
121.93425174068861,4904.203916334098,72.34688048740188,0.641962040944706,0
56.607438546499765,3205.0917357756066,59.312192199105176,3.2007545445729337,0
105.62447402043385,4281.285724229467,92.21165894844121,1.5326633091051742,0
140.4864476795489,1266.2687317978625,84.15054341514355,1.9836397923201579,1
142.05031937316005,1285.5698367441253,53.776236123410065,3.872814542152587,0
140.862780649844,4951.865427762993,37.50983994809396,0.02942722720953869,0
111.62297330776825,3349.409519210728,21.36437938024703,3.137032615491266,0
84.58088718897514,3339.2936010130247,30.591601918887168,4.647880179771478,0
77.85277252017657,1821.3218936384847,33.925052793523896,4.861217527126199,0
119.54951063068737,3316.1068464665323,29.65347901853096,3.998822998922385,0
121.72701057891176,1803.0872772629505,22.80499353483768,2.8613914757320105,0
148.67345365449071,4681.47306016246,54.11844845722168,1.787479086355944,0
143.0797064517652,6453.324409936346,84.15119277461216,2.896364139088243,1
105.66308566343491,3750.755120031684,67.5645233279153,6.307032139389636,1
72.61246848741241,2382.692571631268,36.32915580987617,3.549714358723105,0
100.3007517368023,500.0,71.34960733254202,2.753007688447897,0
116.04435051655413,1181.0569464753542,53.92210376508191,4.076835369334343,0
104.04332048981398,5087.544965931965,42.850012204424615,3.1397876375459712,0
93.32927119623945,1943.5965507201693,42.81556698290853,3.3864741136889474,0
117.03148461012019,2778.4295120802103,42.75050201689225,2.4790286049817025,0
95.09609795248531,3985.126178503341,63.055518835452,2.1374263732978482,0
91.03182473261906,4968.9917075093135,45.63577122737763,5.011202693762067,0
119.08563550599663,2963.9567721427034,30.5126714379845,0.0,0
97.92990548619733,2742.7514401429075,27.375707654458214,3.9315198108700518,0
117.33596807220081,3286.922164185216,54.978087494938976,2.117962589934199,0
118.27387145970889,2424.6347675803904,53.42019422396359,0.08151075038367585,0
75.34765371549136,2519.8828317250845,36.578604753677126,1.0694798806388053,0
96.03596954932644,3702.462832511096,17.582760639436,2.9371840252038908,0
153.13245517099048,3418.494482584953,74.61763858762406,3.17483095144435,0
75.33753031029983,5778.330889520703,71.79175432540823,4.479079834892433,0
46.985839388546495,3680.817100318531,2.4498908154862726,4.559754184489842,0
53.3315517391857,4588.5414615549225,78.00021542151055,0.04943687031908289,0
111.15218367453207,1930.1869757324764,42.355048636445176,3.753417338622289,0
110.83432699319256,3801.2236681827058,50.753742542788046,4.425621944948854,0
106.90755019603513,2302.7347882933536,70.71198281924316,3.4234233777377434,0
146.07946656826806,3694.462568578283,84.99664321333759,4.035315269317362,1
30.17413850528314,4049.689082510495,71.76238893446934,0.0,0
121.47799772714751,3286.995390882652,49.451686653877786,0.980631900140019,0
156.9608853507912,6074.9402104955125,12.218826600580647,5.625531139551483,0
76.31370312252321,4917.6213368217905,0.9173755347045838,2.436103366038607,0
98.537830998355,4619.365379590605,67.46871162919419,7.468778739710483,0
86.98716585976946,4082.9558466371095,77.73408617238117,0.4154801466325596,0
83.05252075111062,5319.145208827751,25.051707735217626,6.090297882445228,0
100.5691465455523,1478.3741792609874,40.823699732734845,1.7237338869347236,0
153.39510946707006,4859.206212754095,30.51493149150964,4.701193522376008,0
165.88166403210766,1999.0686622690014,31.31517262654167,2.354288531200299,0
100.11071812141151,2547.8087470368946,74.90947143482056,3.1739627616967403,0
167.30057053676364,3875.3067603627096,50.89345976309726,4.166047851032007,0
111.2795694965893,4714.094374588469,38.5640479929272,1.8641860828168904,0
163.37140754021829,1830.6321780583075,99.24772005634536,4.716756487148563,1
107.40824882872677,2590.4539495572512,5.97442197850692,2.5288821036078355,0
113.9348814253882,3293.3620763999825,56.882842309562655,3.3922150812056806,0
120.88987832461784,2949.9999686594037,19.307403738321366,0.0,0
205.3360836582098,4256.817331274813,42.554746938687366,2.463811003636666,1
135.65455963603355,7340.654591232525,48.060847766489765,5.549602313143168,1
88.4994246604528,3697.498343473319,67.53545171809787,4.335028485775824,0
138.8494246189235,2309.463879427304,39.841134319122915,4.9043163042370574,0
99.07447159091738,1648.6376832363155,34.643819413519,3.1050763818193157,0
95.1192339436711,2782.796228196239,37.10633100592265,6.391712852985718,0
137.53859497230965,2062.346426748464,15.980793524184989,3.564274770947278,0
111.16956980902891,3773.350761457137,61.915918354297496,1.7083809403031742,0
118.50500564775818,3757.326127366883,52.005616356627144,4.744314288857515,0
110.59595749379402,2636.838189088701,57.23153008445914,4.893003986100734,1
120.14703734556466,5613.904965636679,43.21044534234717,4.324171155140468,0
121.1830968850817,2338.399708290005,38.78914841601386,2.19776304099787,0
51.549653455078996,3041.3247105090204,75.56962454694252,3.570491706758632,0
130.28293788175642,3941.4837292720226,67.52772863054842,5.78760596934559,1
80.16447323731573,4282.391361277882,79.89431797630398,3.9077967105771583,1
67.04216640732858,4724.098584431715,53.13848548119463,0.0,0
108.56465147593798,3701.3992055185367,81.08831521391585,1.7245916381992812,0
112.39380273776665,4465.557813705306,37.224642912786756,1.7131115560384247,0
88.96378245666334,2416.287634370169,40.6347276543502,1.5135375184339153,0
134.90383644047324,4317.538504499466,74.03176309057986,0.0,1
69.68239542614597,4286.803675583404,68.68175460177797,6.7668156124376875,0
98.05080129083305,4969.6218071637295,36.652433719118825,1.1916507043828122,0
91.56355574893736,1216.9884097055626,16.723899208124152,1.3450588661549026,0
108.30637223813103,2095.27845304176,36.919321369904225,0.007741253956566868,0
117.99504140993263,4193.967571217972,28.053518366874567,4.730414037151806,0
78.7926789748744,500.0,85.52752239123015,2.858913995896471,0
131.50207463315826,3835.281117942072,66.12830838156061,2.289176039570237,0
111.30016090653103,4512.957913153693,25.02932993304301,2.428371997893259,0
53.04500602203134,2499.110542054519,16.970418286698447,4.1034361773425445,0
51.00481603694823,2656.9072446518285,27.173483114978605,1.9925269440947968,0
109.78135192574183,1885.6715632989335,32.31380966647287,0.01317947501316718,0
103.29993358120863,2579.5313184807037,43.295122035522596,0.42081701820882494,0
106.22341463780688,2598.105024789373,70.3507236487126,0.34688466467756834,0
109.33861541171048,2358.37750604571,17.93481588880067,3.60878150373522,0
117.76795581312813,2304.3265442674146,100.0,4.9210657961752995,1
138.8300318768978,2883.823814264464,17.190655985250412,6.0092993486634105,0
76.97169437923714,2858.7347202180786,7.976767084593099,0.09104297852831364,0
74.72181803613168,5439.352229115345,87.28298823454834,4.22218859214881,0
77.00363722543612,2719.862339665916,76.00583624828066,1.8849799639180456,0
118.47588638678415,3609.761395162825,40.71694020712617,8.994466673287178,0
147.3962568674204,2512.1525585686823,52.77700275071943,5.704879647222236,1
96.64562629473244,2498.1256742701366,57.13512047605852,6.370563261178855,0
34.98813945172235,1121.8320802271437,49.476712015053565,4.618009315880377,0
58.63454637813838,1317.73395853948,13.012633979008568,3.771602585590134,0
84.31421171594373,1744.3589123197835,0.0,2.1056733619904597,0
93.02890293766754,3400.1240970696394,22.349780424005523,1.7525172046247437,0
98.2004789684826,4483.945766004299,90.19794025475338,1.410838259547989,0
111.25535124762244,1079.122726826203,89.55221767562999,4.229116234901694,1
99.17899738862647,2557.272469720489,41.375442494540096,6.151047888513141,0
141.23054883589398,1561.644141988613,21.578907336776194,2.387787519054263,0
90.06130411063761,2864.9580363763057,50.69484028053825,1.4977720463507913,0
83.98065332058273,4463.707428638417,58.34879011231753,0.14570953026963002,0
124.6095173964139,2644.863686437047,59.930755044619026,3.584058756285087,0
63.74188250723562,3143.244191027984,2.0981451616230467,5.373707889642995,0
121.77357625883081,4946.965674346737,100.0,5.5003104691415095,1
113.11411822929907,3736.4727829299386,73.9547179146218,5.7398076720176014,1
105.3416450375404,2305.4560062589217,38.19589823740656,3.7823289675543332,0
157.82859237329248,3398.3898021312857,26.129249186271355,3.209099361649128,0
91.9126156400382,2153.8744319655766,75.08365372222309,5.591749238768742,1
171.95385760252606,3706.783436982595,56.57323355749386,0.7870762808345421,0
103.24158428941062,3833.5095017099775,46.913970945006206,2.138700267734753,0
71.36272984292809,1563.4486911838524,55.792171827773856,6.413306504166308,0
112.4752847788486,3421.830147753796,40.79057757879369,0.8698322191930403,0
77.49557872920558,3053.6305059188853,56.05592542148769,3.025640956525221,0
87.62427479565405,3852.294904164861,61.19164421388405,4.140657160021071,0
122.2046793043741,4196.71298819112,52.35379945638835,3.170895352708796,0
127.09500323682346,3776.581613591947,52.763018258543916,5.323238203055549,0
91.7024507517345,2824.6178662826387,79.42409468725701,6.045062428268088,1
139.98798353337003,4341.8496915572705,5.344633446930055,3.9756427279050137,0
144.19751075039585,2180.7556226116885,25.053474123984657,5.839937733167985,0
152.75636893847454,1604.7795914016856,43.94167692116013,1.1141886708631863,0
125.35101014867782,500.0,28.996871747214406,2.7904482604089558,0
150.32407187804014,3088.894951480052,36.8145209651197,7.735758233464684,0
54.210124083460066,2222.199330599025,75.76659642935267,6.921026197171784,0
100.10562841757196,3689.0567396161814,42.01514557965518,0.44932247443690865,0
83.54938824540628,842.6834181872456,0.0,2.982994958240156,0
113.57765249203902,2433.3031405862994,36.02504340174483,3.3080700478397165,0
92.60160965303817,3752.9325281214624,47.788413479892796,3.7990923775336785,0
105.90476158011327,1924.3969946001123,47.88409399339532,5.6051164345055,0
166.39062997235249,3681.154256815182,57.47907893392328,6.778752049534148,1
105.0780694004458,2564.6772955954393,54.86780776371809,3.055501621937689,0
122.0878114734817,3165.89595444116,38.71226362465528,5.214113478728268,0
102.3351859941764,3922.6907653741164,19.21278078639073,4.363267762637914,0
112.008514702172,4361.494855570571,35.35919942360259,3.0091202564646653,0
109.91280909495042,3294.198291202977,31.267438224948922,0.0,0
123.11000676198385,2227.6695609660314,35.74936774698701,5.067631039107691,0
144.35997694803592,2660.6440847684216,63.25323554855502,4.248770144038017,1
159.45442929206484,3945.649627393177,52.51753260173418,3.7772611087362575,0
119.16528158712667,1981.777193918317,66.28268417151659,1.1150274056762837,0
127.08323344424328,3012.2073088063353,35.430705242190136,6.839793344923017,0
75.54250912334648,2728.885954622594,82.25257243539039,3.192488234248018,0
107.70489309283612,3041.5527309224276,60.98688142381765,0.7732452454191515,0
138.67909218537338,1992.3518822371718,49.56367841282803,0.359351478363397,0
135.0318838635232,964.5690528752615,59.3155937803882,4.34826717492086,0
116.00763987033743,3828.5217080534812,30.13004635393011,4.3533502062893215,0
136.05168922077274,4340.157012285667,0.0,2.112615410904773,0
124.43907399309406,1050.6194379554443,30.36049553891624,3.9470397072733787,0
146.55542105275663,3667.24451020795,64.52541573567397,4.33336892969577,1
118.40911252059631,4499.243994009483,47.68950276873219,3.2182669450526356,0
99.10998369107891,3882.1169778362487,41.94268773862031,1.5919879794557288,0
119.76837095414058,2707.514543028271,27.02890314078521,4.93668471713666,0
22.750373017970624,2068.1981372543037,1.6931916387252022,4.653410192264021,0
120.5800939608763,3301.4645367782045,76.76498079352177,4.115118397003871,1
20.0,3516.7639298191084,39.48767131578281,1.3305189915740336,0
57.953757728764906,3304.4986279147615,36.529093000785515,0.37368932557653134,0
122.91153141726494,2978.0391686159933,26.9803338392543,3.1711971439191724,0
124.74088727978246,1880.2115022914782,76.40696919931094,4.918803891716428,1
74.37875845765132,3711.0671811305947,67.11900587811674,5.075514194145196,0
88.41622130051675,3768.3427573793683,23.188115086030727,4.220645673083688,0
151.06850726222513,3435.8054620224884,72.52993117354663,2.0417059505673953,1
95.1996314517977,3348.141669451635,40.045094820750954,1.409912004427525,0
176.60629447570093,5194.366131157389,30.45827840517495,2.987251077311175,0
109.83269598901028,2453.2390193667625,38.2170536647587,3.1078787463811763,0
121.89526730395175,4749.7222222494875,26.1830962971772,5.176492305393037,0
158.82345941842794,2308.3588752021815,12.483392929888149,1.9799486257932526,0
114.10644453927371,4503.229335019972,64.22224875352919,2.1714863103483455,0
80.6777107174825,4646.09281316283,40.34045336398507,7.078393908199853,0
106.7439904953542,2851.4062935113093,60.70803391518339,6.120495396155154,0
109.13570044338827,5227.080530875948,51.82635607426826,1.1669725927860926,0
68.95642605017655,3750.6055913319215,58.604894584613405,5.957272186949744,0
102.98469172890739,2156.326432873648,0.0,0.7617120928173864,0
87.70410764614262,2702.493343829319,22.23810621506856,2.175722630921397,0
137.6589783473626,4566.765482628103,60.0363662355682,2.390962696817128,0
111.21623112711048,4285.93190961502,11.139735715753204,2.8814124883285483,0
101.24201644984443,1922.5335510796199,55.33332657411962,4.264557577902063,0
106.60015316318477,3034.47735071238,9.804259918413992,3.268389968292706,0
116.91594340244978,3410.984309263484,45.24525008672108,4.155470855102022,0
128.79289353874466,2653.812828524781,84.9341132459061,2.127220455223815,0
80.23882628482023,6017.293728642898,65.15485135766659,3.748970940568093,0
78.76792690286639,3492.540135020563,2.220250935161751,3.1642158157610183,0
143.20817094044793,3155.6533463061214,68.90532357154265,0.16879850328261353,0
97.98416902939331,4634.863862644876,92.1714275779977,3.998010685536516,1
67.06240980025194,2737.145593369726,100.0,3.1247817372125963,0
123.30055711769438,4410.954078124874,58.0990954724573,1.5565984065230463,0
122.73543967795348,1161.9471751140163,7.867072341427139,2.1491013255111815,0
64.3960941122117,2648.9802261905957,56.81183308040055,2.2286040528988185,0
116.5869547568275,4492.4378640789755,85.4845139978777,2.4847972677163614,1
131.79757649631418,5055.976002169717,37.98293608270993,6.580778883204739,1
121.15124033130961,2255.516575185272,70.22834531044816,7.264009652162463,1
129.2476417299542,2169.272119529952,24.416407263129223,0.07689947841050143,0
68.85673391069132,3877.4152683052735,54.87251870939083,4.070391583709322,0
119.27878597115354,2434.5259785373487,1.4357924833987965,4.9633053489444325,0
100.56019557684826,2885.4841258674405,23.704553882739706,2.6007591804261803,0
95.59147419304311,4242.324026093242,44.57621538852354,4.822539469689552,0
135.80930992984426,2492.780579821274,34.19304064989807,6.281793976565768,0
154.73437525618266,814.2908525291341,13.732900303984128,0.30743935887837115,0
163.73288175275232,1679.8398335978407,34.43178340971866,3.1809540082474967,0
149.75412415990232,3218.462944550151,55.101297497163145,6.976178487951814,0
106.60060380513572,993.1737452612952,43.506130991243396,0.48968969775226423,0
120.81795363812519,2822.8160641701274,49.49976182870611,2.743295033844833,0
132.61714828242378,1528.399299198934,62.88913069847717,2.138794015439882,0
114.3749686139112,5164.522073778264,38.799000469873434,5.114021342056374,0
113.22013620596461,5787.254152555015,77.25964274080107,5.359023664269982,1
134.41689434106104,1934.404682344156,16.900795775728493,3.2744669905139685,0
107.6318463793029,3485.804674771657,91.43471332087316,2.9849353936172958,1
88.42011938075059,2071.6896963097142,71.93818813404022,0.0,0
97.81584423066174,2838.1451173299465,36.10104416652104,5.923157929578238,0
128.51272483816064,5360.717929415201,36.401034079974956,2.279171788224646,0
110.49884553191846,2642.6655533066537,50.39165770177048,2.6755617798594025,0
119.92058313473444,2850.752917336755,60.970220979355126,4.977575970446686,0
130.25492747629528,2034.529318161961,72.92900652678256,3.3610361714810577,1
99.04885138426151,4555.586468182589,11.293356223958494,4.972014023283744,0
132.60205170292826,500.0,57.7039355525152,4.269484096488969,0
121.76394133385813,2661.543871584673,0.0,3.4470764866956074,0
72.94235661454854,3157.8516967584674,40.23820160886921,3.6291577764388463,0
153.43549425938156,2417.9072916032183,80.47503125732284,0.7222887264479425,0
94.89035002145965,4225.103115324701,10.579164648431355,2.711679451061662,0
59.55271100324185,4623.26028709179,4.361774550615269,5.199024343356321,0
78.55058615142435,1520.6965120279617,51.10024387363414,1.2129028980664107,0
79.05053356286842,5715.98583915282,80.92449857445533,1.63072002554565,0
112.15690762709887,1479.6681668939007,52.33969386862387,1.1899340388613189,0
101.25432958138704,4723.560603237642,0.0,3.2970951611593025,0
100.39000751881005,3366.283302764613,2.5621611832882114,5.837846685833121,0
128.52849130376526,2603.439040020317,46.20656864325385,4.061366383591064,0
120.36248084983075,2742.5361206390703,14.536410751013465,0.04764176249808339,0
118.94803339697845,3155.5617983585735,44.69325070154165,4.36713790191781,0
122.17648390753558,3433.4401020005307,47.469384814368865,2.122966458009106,0
128.23415213152597,2138.944127978307,33.99996809239698,4.039140876499711,0
47.641296990684495,2911.862171983301,88.99386808727508,2.6895629716812315,0
98.82426190102207,2259.31781421829,61.5339024490514,1.2653670261836678,0
45.061350652934514,1733.7538460362205,74.22656659034328,2.924166600261155,0
111.5669459285063,2210.0577236576087,68.72945763682611,2.078191572107674,0
110.35570929895587,1845.4110231207612,40.82019362996449,3.6613373312135633,0
141.16244975856222,2662.3253452057197,41.07445449854845,1.2053559438336414,0
146.32195846495296,3730.890247259407,37.21980031832749,0.7077235448563254,0
116.90487255671759,3344.6808475717976,62.31988848801167,4.510399552365752,0
95.14684648771582,5558.06611501801,30.54624814009042,5.254820205539134,0
124.41384045409336,540.7816360621642,88.80658822102772,4.127334220211928,0
93.85574134315213,3758.186392960035,25.367689219681214,1.691585645229209,0
110.18870365304151,3209.461585471041,47.590242147083416,1.513774238782566,0
139.6259609165629,4169.773471928429,39.13658321748065,1.651754746222849,0
93.37308605472339,4058.4898317817388,34.34545218225792,4.755528514933701,0
133.66085284993707,2986.4531205621547,99.53096700779791,1.4368278313393779,0
130.31318005309672,3450.8384716339374,32.68324288039585,4.714566295013597,0
81.85753945279602,2327.2853763885455,37.627498975840076,4.194199645958084,0
139.52607385557266,3946.171231775798,29.38975108971442,5.474146412760466,0
130.83435122731098,936.423651620882,48.09031577490324,5.03062589269141,0
113.05638332320282,4148.629284964612,42.16105391327451,4.051161206177329,0
86.51266604090347,3178.1857364274906,20.68542826758939,0.028355486908836817,0
83.9338991274776,2617.881033081073,36.57988059778189,4.220758276617537,0
93.76398865039319,2910.339549793303,60.4524168155715,3.2201325038435735,0
126.55336316686343,3014.4916093719953,71.09243904263684,2.2618004409577828,0
81.01746081033191,4790.471213649933,47.6833886413585,5.68099688174603,0
122.68560603083547,7081.813461968029,45.05512574659808,2.6810785162620063,0
73.00307163475219,4658.526355085662,34.796511440424055,1.9689370695938657,0
103.73095809462484,2523.5846898151844,30.468067201417064,5.136530852553982,0
112.96442209922206,3956.575761770627,21.617282080700672,2.211036147092666,0
183.72496475757092,3997.057396634969,4.809974056909526,1.7327678504608124,0
68.8835131344361,2074.9758054182716,26.86756839032692,0.7505299323500612,0
154.11701152018412,1702.8652438129543,67.54797667112656,1.3859959731865743,0
114.35948770832204,3148.206856157048,32.33232042067898,1.5453859131301935,0
122.45181127346004,4214.516660469023,38.34934440423892,4.2089882711827356,0
113.81550619827065,1274.96523258433,37.68783464028319,0.9728459984528025,0
123.3835646842536,2337.2341800708996,75.41011176749019,0.0,0
105.44825583241457,3905.235684095762,24.02278251845248,3.679101285900597,0
153.3573500336683,3231.939777910706,52.48270561142092,1.7715640051332997,0
96.08131929416982,4912.351554012556,44.948717201819804,2.9225490028744225,0
143.9312701727579,1527.1753676895476,44.665202290463675,5.6288433402482205,0
90.31555963558401,6043.084463367597,50.59546997247508,3.1497306927636703,0
107.76878059016641,1387.7455853666365,47.34232717571673,5.963516930504139,0
77.76410683401183,753.0317959984171,64.55410875871131,2.918379004399342,0
124.09577834061399,3119.4531385859877,44.03619055422192,5.09217819789528,0
152.57083568197555,1834.2968879316356,88.43399333571081,1.8972126616490144,1
107.54342459752058,3131.1888500904724,46.66018837129179,3.238299221835189,0
104.20900739140802,3122.268044540303,2.567196803638016,1.1293439877611995,0
77.02892222965015,2978.603005436133,63.337127954503146,1.398968495728164,0
103.81995928509377,2200.3311059232656,53.3158663505584,2.589741247053878,0
62.0968652688983,3722.1876696917047,45.941780831976054,0.3893029293934235,0
83.38900937515469,2839.3162077273455,39.55587806207295,3.227606049437823,0
116.98222642044216,4535.903553730455,0.0,2.364089055409577,0
149.92569142364212,2971.549712647515,0.0,3.518266626391459,0
193.87384927237395,1983.401109439004,86.46079043400191,0.33509125094492753,1
92.58136012336281,1168.08330021392,32.654337243503456,4.4173595593616755,0
153.46022503449913,2994.28104466436,69.30458562315063,6.35417966241306,1
117.02425834928165,1677.9470939721598,6.036988764772667,6.003894873797964,0
104.45775625128016,1576.4156708272544,20.03518846791739,6.811873942370153,0
123.05960279351471,3822.163625795509,57.866298849856584,3.110199516370413,0
111.81402619682126,1049.8639607606015,42.52057267585717,2.31974849771504,0
113.8377011343897,4873.940690324314,57.74645292332886,3.9097382013126762,0
97.58467534675223,3400.399143971969,46.95474044847022,2.624746123315473,0
67.81799605834223,3169.1657431300764,40.84799247048909,0.0,0
63.23143159848381,1933.2753254939923,29.312112010784013,4.764269152907325,0
129.3479664037179,4115.974189366306,15.879444013404207,2.4219863038861464,0
102.76678175876464,3212.274488728327,80.25717448251251,0.07340405466066977,0
91.4653399228244,2372.9222820932923,85.45334472293361,1.9096213431491105,0
109.7658836077026,3454.1201283256046,18.968005863996297,2.660787529731473,0
133.77827892032954,1202.266947632943,19.326414127293585,2.969279039898089,0
116.18982612136351,1245.488008778285,34.696472411129015,2.9952501919425916,0
90.59661819812868,1845.8864545272654,55.056794005303246,5.741707931502405,0
147.4209314544782,3645.701185268617,39.95586858417293,0.4915125206274701,0
157.24597911880034,3190.750782556739,58.51918421928476,2.7616444477345437,1
124.24395808372809,4453.451358464665,41.44239869720432,1.228864124299202,0
139.02031375650841,2106.297759919309,42.50454482141302,5.4939766431340935,0
147.2501186301793,3883.5704647527955,99.77331882797937,1.9060770673458942,1
143.90438291661138,3058.923754592208,31.831989140333903,2.307085827140771,0
128.3144058739725,2060.8252544879283,83.34869234258753,5.1040319797971,1
128.2362938042923,3658.7867552112248,81.24932584651238,5.642914128019226,1
125.3152332855397,3124.7393083776296,57.79453164041379,5.980522898621234,1
76.72913657846937,2405.6460982143512,0.0,0.02254498777971546,0
130.51815241863827,3248.4415782421365,44.07395519720444,4.046071011206367,0
69.38201054145676,3009.300807144982,32.33653476545517,3.508156606168862,0
86.24230035893424,3007.4680501457506,46.110358006305425,2.867696226962846,0
149.53656907073952,2711.6622275852624,18.324076397674357,3.1253653323496966,0
135.81879609485355,1627.550620178512,63.96739322578332,5.5598887877967265,1
154.11705007746016,3303.75903834771,69.64034959931055,5.123143247725789,1
101.8094086906732,2243.6524516801546,73.48272542370599,4.737255382507432,0
75.31785725479425,1932.4785212923853,35.13264486650542,3.473502982900044,0
102.1853083290877,2935.1588959608193,16.39763228163366,7.525776943215738,0
112.88873275440206,4085.793802644254,52.9230113624657,2.2590657452981353,0
113.02664697641521,3411.3154799745676,88.8363673849569,0.12656289172614427,0
143.74691895265738,2553.2040156846288,48.553906637880395,2.521324517476421,0
98.88040570119324,2472.7068722490503,56.11752783946041,3.1512432237042747,0
120.5791789147635,3967.3559201615076,42.192161948596365,5.665783474242316,0
80.66467637525732,513.0240780727989,35.29494307027452,1.96528573149872,0
123.37812929863192,4143.199802922062,61.60455246623549,3.993149967168957,0
110.15107460401138,933.1008487917786,41.67935514855324,0.016388362182354226,0
86.58616030940273,1504.3105570902517,58.49904065946879,5.129566720869078,0
103.12893043687895,2606.7932953222344,58.8190000206434,3.15541990264471,0
104.5884526367974,5825.9163681070095,54.357935203999375,2.4447856692556473,0
102.25387215435157,5229.47849756049,57.81775945501603,7.281570247795436,0
162.35295006779563,4088.202650055067,23.058738932611217,5.146710871006121,0
106.8790066528177,3646.386899968855,20.599264740320013,0.9058816910844817,0
103.08567275405804,988.4333140365835,46.131991971602105,2.826186386250028,0
46.87722526916904,3389.8416446079286,45.25231341004582,8.43912508762796,0
83.22042127888957,2533.966290126575,31.434557007306335,6.972555235238231,0
101.93614989827859,2242.6935250066867,50.29158246789045,4.907382466688411,0
89.24595069282877,3366.179163163128,66.21307584973722,0.03547324142180144,0
151.96685349354325,2643.1757542431087,74.59524541072281,5.658553996199736,1
104.53064304198152,4231.041543193946,80.55605785235046,1.6401971294597788,0
148.67988964006722,883.6850487868867,8.686745222894947,5.632995342987638,0
112.00070472624107,3295.3580317493665,14.45371139947426,1.6562239756083015,0
111.4752402756514,2148.359569748488,36.785157464713244,3.967595156555597,0
107.25121815958914,2708.04564167621,48.62822541071662,1.7197441955572181,0
110.48755222774737,3576.250669919635,38.169336041982795,2.2784788326609515,0
161.57814768322757,1873.056035165439,28.508452855828164,4.261365763411474,1
40.44781709663619,3369.1219804642924,35.74857555385038,0.32723913634455704,0
50.03253545929921,2944.292664060566,59.686669502222,7.777901216704966,0
93.96211108190909,2398.9383279106587,11.24083379535537,0.9704389249259062,0
110.61669267854842,2639.1825808185317,98.44230700297094,0.7438774532137535,0
130.25477632459683,3006.177522993416,42.989632795129936,4.122790504406873,0
124.28680859021827,2304.101904798862,71.33661113442274,5.553154462556084,1
98.71626463666442,3207.1347163800374,30.694608769784253,2.2894577222674246,0
141.1846923688541,2885.9309377205036,60.061660053487294,0.8754658137269257,0
140.49653733433675,2447.456624331411,51.59013473234811,1.1412823215742303,0
115.7153786970271,5102.185338800321,64.54561964196422,0.9635060417881077,0
138.76084626711966,3686.005951649685,39.44616566158949,3.644160374924976,0
118.27674296680549,2748.5736209160946,84.2386524388969,2.8097125025743646,0
92.77060088470554,3351.300415945215,7.043638885707366,3.831786643074297,0
130.89464697373444,1933.6233729240773,65.60153523975585,3.7023358227876235,0
113.42757025230712,2663.387949038558,48.7669863061493,4.696652693489494,0
109.61194938872798,2827.122086893209,18.552971273540035,2.171215838789634,0
154.77950436519245,1687.605084168395,92.20404934818177,1.5825485044482415,1
35.882311110110415,3670.1115428748753,89.85981740748097,3.375330247490045,0
67.7150226522655,2580.35362285472,2.326747851797364,2.8832221944460934,0
73.42862429559513,2738.3432639327416,51.34854488338633,3.480381761586299,0
98.99800662242475,2534.538943687632,60.96326811223074,1.5362176399437337,0
102.59185474214833,6763.887295374658,53.4023132744349,4.315497309185208,0
65.08505140581816,2404.103437208312,84.24754555071816,0.6349823099401379,0
80.35785078731236,718.4578438250056,80.78730942603984,2.083556700116755,0
84.10335016565969,1275.9494120133324,55.099036294470146,5.304854105076498,0
183.9269772700907,4090.5484810375297,97.87606883362476,0.7857699782201489,1
164.48026501750098,4829.820120487869,70.43677653846576,5.052576372747918,1
98.15184540114282,2379.7877908275195,36.19196041410273,0.19807702261863158,0
98.58367463082227,4741.932828882857,28.30530639730008,0.029435086315078535,0
75.41974168945099,4079.923560861831,74.81060081468611,0.09507845148812126,0
51.92258720472316,2981.457482448755,24.02133845510911,3.221748730809087,0
105.95299965456557,2910.4032090293554,35.51322143778299,4.460009671855088,0
79.81835248934425,3420.332483740945,36.949633400310084,5.623052143644198,0
107.84600479109473,4260.11129259462,55.31602100290698,5.493446848458038,0
61.80764276870415,3694.3600614534503,40.9131985100341,4.750030950392087,0
86.98441408026419,2401.9469257279306,13.630117315499547,1.3512727859097267,0
114.62001226916314,3011.882864444131,73.10970236789271,1.2919344501286119,0
120.73177550535067,5583.917373803773,35.49476936210885,4.563818700750049,0
121.70212964147579,3507.906501255224,93.94618235714739,5.832550754838956,1
70.10162941135432,4247.987373510784,53.61505455559651,0.975062693630977,0
135.55171068430147,3865.1950648461925,76.34403503500177,5.612437813801877,1
86.18738512121885,3519.36500676984,60.59122977138793,0.0,0
128.91744440930694,3341.011015406913,77.85091446270712,3.8224883782766774,1
109.88073342528735,4322.848738215479,56.687932731528704,2.7815457332664018,0
69.06988243483775,4069.579075170375,52.68475108535552,2.582258152214079,0
100.94822497894988,3492.75686555418,72.42429740977737,3.0984021171128306,0
121.06892375794527,2361.696884787516,100.0,1.334637694816458,0
127.94513598662758,3675.1158255466785,39.980213553261216,3.9072947250758947,0
105.30199396528404,3106.1881388634574,63.68007125237758,3.2135780622048524,0
155.5392527231507,2810.542054887955,44.495211771358335,4.77626132459906,0
139.77004543477193,6386.914677503986,55.37378534752449,6.228282528499834,1
102.33976232617188,1348.9342769742243,47.938941755701606,3.200031192191329,0
133.2549770410612,4382.434188258662,0.48692470873266014,1.3591554279858653,0
168.0847621183557,2154.1761793198298,40.301744087885986,0.7212254945780741,0
168.76640208109592,3374.9166414566434,69.58590132201762,6.397521850245379,1
73.58475625131524,6276.719037355267,24.44535991676234,6.094870293039396,0
81.86857451008616,2037.454549009274,69.92406108847504,4.702529790120209,0
154.91681399353666,2341.739051340688,52.608219826312784,3.0242936734365733,0
78.68716582378575,3148.3259845854245,42.18232379400125,4.6200371592621865,0
70.3235988316786,2216.687358164166,67.34893028014659,5.617183488057027,0
96.23749835369956,4271.646345017237,62.58524780840846,1.7901488944378954,0
123.04609247230938,2579.6283058848694,57.10489530417657,3.1185008795136553,0
106.91815593798988,3979.6424390462394,70.5411406440746,0.8324467000722249,0
90.44253882158036,1614.9277452866381,53.01690668358688,2.789832709354,0
89.62723553446013,1050.4561051269206,5.772567715404801,6.040399434501056,0
88.54770408075201,2923.385816433998,39.678230381871664,5.215643255270626,0
83.55928068091035,1300.3359316351255,0.291347448567309,3.289145359074841,0
178.27220389174212,5003.037501845251,57.77776153409245,0.0,1
118.81441209169633,1355.7436578370707,67.50777690283476,1.7439747380165818,0
136.12300284210923,1959.3396682161328,67.93053327065162,3.1563292648388983,0
95.07274471657792,3693.0434550360924,57.459113708592085,2.518635251057289,0
103.76109638339491,2486.611718158669,71.87457186602732,3.147560661135763,0
88.7657729952469,1391.4604895051052,4.787234124118724,3.502395241687571,0
30.43202350712651,5638.778722780541,41.05261556286591,1.8782883604819016,0
68.6509654493696,1986.047957383824,8.629743129255754,2.953529752041006,0
56.05449342374243,2983.2875886340466,39.23120544709566,2.753318361268879,0
42.15458256130724,2960.0111946264874,84.70885703195111,1.5303768373257645,0
73.81566828909308,4027.899453730712,72.68917259777558,6.68333093245303,0
149.1075149888228,3728.183178733073,64.36970071945936,2.0433019254740796,0
109.10920764590917,2185.645306777986,41.49541436476251,0.13653131368326135,0
148.94221303641459,2808.387489240114,16.818237580527153,6.497522327206511,0
122.83183461368705,2951.2689127388194,48.97523238844408,1.2395892682726242,0
134.1330281848078,4127.747572002455,71.82077747053614,4.772046368734875,1
82.83025440149505,1813.0098225979361,52.58588596685366,1.6083938860574631,0
125.41554067066059,5659.9576742867175,4.685567031644129,4.142142971390518,0
131.18181359551454,2293.0325003341186,43.51674973716693,2.876815067594853,0
92.2608052017176,3211.680555470416,0.4875527074496637,5.042734346603973,0
126.67003760116134,1796.5758928163834,65.1111642938635,2.574786897085341,0
126.17562106603661,1611.077915422106,26.637781046414243,1.6421198808415327,0
93.06906736674719,2144.5269641029035,11.685837990741103,3.4985162204365707,0
76.26686609191968,2032.8971508914137,67.49174081911336,2.2269042661939844,0
74.85737496209507,2754.5973467889708,58.147468925889484,0.05761400570165055,0
112.31316819301001,2025.1913373748343,52.446368786426156,1.8437083810990504,0
119.85119190212325,4014.3438149119393,99.61131600554569,8.776142016992473,1
86.94550326279817,2279.692961076686,63.088988699630974,0.0,0
110.07758255342614,2112.208266806825,29.77666484818884,3.4961342383163734,0
127.5343490649985,2731.2708034706684,58.167245306924336,2.45291369483665,0
128.65230907059072,4408.945717822184,36.540455128852884,6.70312205342308,0
157.1066124922678,3439.267235626167,78.64856304824255,0.84131145664997,0
148.68675695677635,3110.7491981718717,51.69185614127218,3.0961571388691222,0
79.73471905340547,1502.8360539913688,53.27763278359485,4.366296463504011,0
160.5007206560354,1835.7655968822974,8.66410633565092,2.636244462022288,0
93.51578261305536,1700.9336286285095,46.43075447527316,1.5060991442949674,0
141.0908254532247,4760.555027088724,44.91120292304108,2.931270482232553,0
112.01169921635324,3852.583344484276,16.5768502298738,2.350571784577452,0
97.72143479390205,2171.676369304679,43.07466243439184,2.3889367473864076,0
56.115774392806685,2510.043102458007,56.59502557096518,4.891343818895632,0
105.53317076966263,2197.5443744689724,44.87615762205643,3.8212661355964253,0
63.02578183709072,2177.6214189170764,10.365998086987812,4.145042446253125,0
139.45790733740992,3773.5862882434385,35.90279815168586,3.6954401195023436,0
155.60692106287783,2872.7901478273907,33.48604819845277,4.895145337563944,0
85.57703313102269,5684.894629758331,50.77552042872475,5.612202032693067,0
119.03983862548677,4714.558898080433,46.65813307137625,2.458508990922018,0
88.2463520140567,4764.039337008041,35.485379888761955,4.601446886103284,0
90.76532106978534,4039.560780983892,34.88964633302813,0.37709185262255496,0
132.78377369392214,2717.0581173616138,45.60731966674418,0.0,0
108.37033674862624,3935.686532196514,70.97316127766673,6.710118518895843,1
161.98258038505531,2797.755411708475,51.90961750928181,2.4395243599167307,0
95.15414801333387,5154.544275488031,83.45978572304777,3.4672945464375577,0
140.4921631372383,3694.8435414741366,75.26413700846857,0.5799482571425592,0
111.91955525416685,3545.6266990771624,83.00965378923642,0.5236321972351985,0
133.9445085616801,3361.833171368992,77.98227176807019,1.5128342034137086,0
96.8113257589396,5271.485533652826,83.93270525685865,4.308636941380941,1
108.11486999959548,1504.5989370506409,17.711757277037588,2.0376349250062056,0
106.40723450042746,5392.311441685423,60.36056705297807,2.318159515275535,0
84.76315908520432,2976.0087786591566,76.15019741001012,1.5074543881133922,0
129.8690488024792,1503.126528142141,80.81969108853038,5.400590453502953,0
129.76517372965816,2245.12033049573,25.53130670353196,4.720402842973543,0
128.02935249060775,1222.5054859224222,60.16748382571237,2.0029125317810847,0
155.86000889727933,4027.855483492461,49.29638143618555,4.362432112825315,0
152.89821916072808,1960.39970855327,91.91259997956453,2.602794094899684,0
98.86602743936899,3461.6660393616676,9.84723226832101,2.361736291916231,0
120.93733056568297,4558.035643887029,24.61473237818139,2.9288626477525006,0
91.08889784587251,2398.028964306596,1.3477794072380653,4.31833813878668,0
110.78937856656201,2876.2153913050033,48.495892288178354,1.1662768737439588,0
91.82597132056398,1637.206655186756,100.0,4.030345146195355,0
158.72268639047613,2741.3999926236247,42.516767277558884,7.981197766570132,1
121.90514259017502,6319.005988852981,47.95391259750019,3.362995742715049,0
103.77433769079141,4116.723018088678,58.080305067652496,3.060433942426744,0
146.33795916076934,2882.474306731891,44.71223459639595,2.8800550293405887,0
45.104357245472364,2478.3148486995524,54.75233848629634,4.05455363150575,0
49.63084710206784,3174.4016398640406,53.30632012553638,0.0,0
134.11042583375013,3312.9443748875624,25.302445408748568,6.456799120139483,0
111.99092325729147,2669.1325595817257,44.452066664779025,4.95597430740713,0
117.84512218496084,3836.912323077102,62.99444357373452,1.753086247180268,0
70.22374656379812,2078.2859230056365,66.98531549694032,3.080200575880704,0
108.77667369785219,2040.2868863318167,74.19563683589602,1.864517793261464,0
169.5127434419597,3657.5792569708874,55.05117940350394,3.5737608868338806,1
134.88449353770253,1837.1573815131953,51.27049514826741,3.114651042657704,1
114.64952194153146,4075.0069532037523,63.727477974523374,3.4833464226885096,0
97.07457069383956,3178.336816496012,27.512201630719808,0.9702710395949122,0
98.73546164312943,1015.937142858174,31.80150799125503,2.1939999753425803,0
46.01173605961231,3335.0005264569522,43.90183189285343,5.32283941780425,0
118.18453849033897,1182.9049853550716,13.550205036865606,1.8707619190060705,0
135.5035752220724,4028.3827536941044,56.77155105144809,0.06859374974429669,0
62.71036801489473,2896.357272045084,71.00169480718675,2.7355454352690782,0
90.22913847028225,5401.2114036540215,25.962886785397146,7.81763932599461,0
74.96765984742407,4497.865798240551,53.385326108863644,4.650383759717597,0
80.61654614718441,1906.4049470010732,30.48799850235205,1.8218744038289505,0
110.94238362674507,758.7572881118303,18.08592080689798,2.964367900198365,0
47.20676140466718,2269.94284765654,100.0,4.390771619073833,0
129.2557575469642,1727.976965643905,18.231457474471288,0.07369853668849884,0
132.00265376323213,5391.418586632309,14.518107696760365,1.3610453682434767,0
102.0293850384798,3165.6059380120623,52.314002850541705,3.8161363374218076,0
35.27776404544695,4314.773555492318,49.690324398183414,6.03836596542528,0
79.79653797104767,2861.2345910757053,61.025510277559505,2.080696370035394,0
147.10772955604196,2953.013588572388,94.65512074903238,6.058730901058976,1
26.455275449158023,3145.611063353131,30.823903439291335,1.5666794343011519,0
99.52059375071094,4563.892991735578,30.131968436179484,0.03150960596354401,0
74.26019962863651,3559.727420907051,83.49272304300655,4.48495056036977,0
133.90991100809785,1945.368534371573,69.237617034811,4.059686046093682,0
89.6761301745776,5136.849948607228,63.4287258859847,4.52991775292395,0
122.04617795430055,2852.602157664896,30.207683940860754,4.350761142998965,0
127.79230564686037,2637.453924293621,72.41759029532311,3.321149569583762,0
165.08872532719133,500.0,65.8770186816155,2.4168455647568963,0
103.81610329645184,3952.4802188282015,48.858182450378145,2.5710328431671585,0
120.30121419578626,3330.036607841457,29.35580616281969,2.0448737207867813,0
65.49597016658699,3333.4655274751226,49.31856339564856,2.2554639390770403,0
144.90996581651135,2719.46061454945,86.63359390173686,0.004737468698508832,0
87.42067805448208,2494.152122333794,17.742359972875203,0.5051490310067572,0
93.25696694960752,2774.9050111823267,22.11256533767432,2.6626446833847113,0
109.61915886839786,3741.3605897203724,30.23274895578741,0.0,0
62.84622841951698,3953.685629973979,33.99400180191309,0.0,0
116.91079191848895,2903.1953588515958,45.0176181164027,2.388538312255347,0
139.27030639141418,4330.23919765528,66.23355909631674,2.7361498254306373,0
118.42818081384546,3099.288373783315,56.91582718407955,2.3403609037704878,0
62.54401372253886,2600.766347244323,46.7896666746036,0.025815303428577088,0
106.52570246261513,3411.0419977667307,51.55569015382205,6.082189403980841,0
132.24605308511977,1559.4927658266677,59.27095726453106,0.1602002612541097,0
54.33141353483373,3463.288282844414,4.749066336692845,1.3798063524560393,0
78.00622122594486,1357.9513598485282,70.68019194185015,0.4306764013151425,0
135.63033880959046,1972.750761376148,25.66529813225599,5.537677376950887,0
118.49547524119006,757.009990490046,35.47073685520268,3.8247614753167665,0
122.136756447233,2999.7448413076304,52.25166992866616,2.0737497319348264,0
166.11907251034947,5130.552885260354,44.22208163303591,1.9996893104954658,0
124.21821090490548,3075.3635500442538,56.55544009731133,3.3064756641729023,0
128.64330324707467,3959.377316618554,49.45778825976489,0.46253507191551246,0
191.54194596640357,6034.608892803443,36.39615624381413,3.8115103258047913,1
103.51133749628724,3702.199699987921,83.02735429909814,1.912137666942238,0
85.91622121333558,2283.0784360242387,62.815586807171414,4.033432405098772,0
122.6311207949442,2488.8568166494815,52.55590542561306,4.005954648879142,0
123.5155515423274,3210.6295432066813,62.871806654913335,1.8743791036536561,0
93.83149170139274,2475.7560892655843,26.186818102317545,0.05418590701445282,0
79.44531233123209,2580.73698851761,98.57146170850001,2.477166138936188,0
178.6921400206472,4348.842167163308,18.8707621196393,0.12423321598762205,0
119.91827767868566,4454.4330720699445,47.18148343029901,3.218823538228303,0
88.3089762054688,1234.0268034410994,37.05409070024978,2.4778129780294593,0
137.7991593290756,2223.068087519687,35.63726768159853,1.840975646532625,0
106.77363107731134,2629.982807333052,32.90993801119491,0.3829811535584292,0
102.31728170971039,3901.073876876043,24.159415881808506,5.324666335434917,0
126.68000602079687,4550.637250694343,75.7939501959712,2.1130708118713053,0
70.71103182528353,6486.865964699536,14.226404697161358,7.75855501774928,0
120.3257319591785,2650.947653135551,67.9744934476899,3.110602886968487,0
167.0154484980898,2673.9164450420926,60.89524736830822,3.635609131018959,0
123.54987349121755,3885.24770347823,33.40527415034807,3.1481859100244276,0
99.42148419281762,2340.797635363652,57.01634059376725,3.7116769750623835,0
94.1122290990394,3054.6212091716143,43.13173628445153,5.249055190563286,0
98.15020387885225,2702.90572541887,15.867801605651369,5.166297438184227,0
101.90539918650325,510.18357447785763,17.484854679198936,0.04494320935943291,0
98.2911494471461,3347.9486409329297,64.70959140898611,4.7449327807487895,0
137.08460974441817,3000.1560579768,60.47388082669125,3.929761205409971,1
57.555809696986756,4717.56303455233,50.333812371314785,3.095137443244319,0
136.26914200509964,3212.508875992029,32.21849821386099,6.381600748528047,0
98.83534674927434,1699.7809963887019,40.45038128627457,6.513959470240891,0
121.2069603472694,2867.0940521060984,35.74844637865146,4.929117946282521,0
77.28294284841813,676.2392520921502,2.1367014525823116,1.9277167326091946,0
149.89330929774198,1740.8419618743064,45.48562339335372,0.6175568858842523,0
147.42395049169508,3969.019988230703,58.515745044889194,4.439036960333863,1
138.52574487303136,2930.96846704391,48.86956434851613,5.737761080259876,1
64.27810656037369,4309.314747340045,90.20689916655132,0.0,0
134.68675468494808,837.9456996859252,17.92249984516862,5.072772296309561,0
122.44069169339187,2915.1995073635844,28.633449826931983,2.4387476223991897,0
62.028448928312564,2626.258686792241,49.7452202386725,0.047817720419494586,0
109.81624075384427,4346.545933423635,48.82057301520723,4.00787616902972,0
120.61316919951216,4037.618172186987,2.530838633812215,4.827007076200257,0
126.93580362903984,3966.238706246105,60.31138040725301,2.35388349006176,0
115.42220326914325,5054.938826675385,52.064676323873755,0.895026931191043,0
118.87368084056843,2745.4008750811845,0.0,6.3855515145971,0
153.85448974528182,4827.316845598535,42.1694804470588,1.7734138846301646,0
146.38450680698284,1928.7720699316822,23.4583274925659,5.252764303923226,0
24.215655313481626,1901.4622902997314,36.020613377648445,0.024534714916085675,0
100.84913640939065,4122.949971535063,14.18958023104302,3.800834440036985,0
104.8526775734294,1376.9802981050025,58.61999783858791,3.772956675571874,0
57.643614076402294,3904.6576474650087,86.35139676031268,4.832820614795286,0
113.27974980452055,3280.618369824858,52.09431326306022,5.995619424610703,1
147.3552808893774,4464.361329784038,0.6481765724238979,1.3571921400202294,0
76.8244749489641,3126.816245129688,51.04166607192315,4.016067279890417,0
119.57448376115549,3315.49281029209,40.659222618185986,0.3014757000213029,0
82.229390917143,3814.0093755801413,15.345088852030955,0.19603280201201131,0
89.62159446299832,2408.135381456424,56.007389980134846,1.848096490717781,0
154.28554447357374,2375.554493766186,64.70024127568009,3.8166419180010984,0
93.69367270184146,3747.5729575945497,28.6756470233918,6.314236371533605,0
123.79105561772575,3104.2335492087627,5.08378642982138,6.651763478585414,0
54.171693991669,2745.8770349740153,0.0,2.295074973470796,0
165.59569055090049,3112.7931660813238,30.45890649895385,3.594748192069596,0
128.60586975739608,5104.594512278354,38.36250398046414,4.90455320578541,1
104.87602634718282,2669.547164403021,32.054048009154755,4.42495682884223,0
127.64672284884398,2654.6427189683573,25.370046408607617,2.6404081589347363,0
67.43619790699158,1148.5146859926544,58.04006962480771,3.1960005350456866,0
145.4534306851469,3152.0977238048877,55.859269126791574,2.700896004575063,1
100.58913737611911,4029.0067292008007,49.167727431515985,2.677082396906909,0
103.82003432961517,4178.528948771504,67.30634315447323,2.341486179814471,0
95.02034002930793,3340.244235239051,26.841409007228926,2.7562314462960753,0
92.30429494671361,4322.559657838236,15.268587423556738,2.198687727231953,0
130.52377665490928,4108.764349471681,31.253401279460995,0.6906523139967655,0
117.23562531591321,4541.362122396698,30.369999812165094,4.804239765943422,0
130.74814152501273,4367.463451957763,0.7547929858914901,4.0422014084237645,0
108.91907231622872,5053.988545000443,33.13073054463641,6.7565736561938445,0
125.00768377919172,2989.3961183688393,69.3749764118551,3.7934021440539247,0
97.63840931957215,1611.2125538413836,67.53295815704465,2.1926303435212895,0
176.62743968554318,4019.6686222901103,56.87235540327107,1.719276126149224,0
62.859315124062114,4114.827772966606,47.88229287773568,3.0915762405338425,0
147.95807562976205,5067.507580859839,81.23475417815932,4.141634949974415,1
151.4129415895074,4727.559232010137,15.244431431354203,2.516181281664093,0
84.29063228632378,5519.0962943676905,20.251350053826172,0.0,0
177.26881122362684,3933.5089350929193,74.58807211123175,1.5932287355727572,0
139.2210319396085,3455.696560760838,46.64713774341722,3.051232366576563,0
138.85760930533095,1546.342794135601,27.44932211759818,4.46343733831466,0
110.99792756444303,3560.041226050865,59.11955697438569,0.06572368757068445,0
104.28927624774721,2537.2161436973706,34.69229922727946,3.5084655868758485,0
103.3138432685645,3459.8860845747863,23.71182771172982,3.366563429031159,0
121.24342310802338,3237.811889192424,24.138733867745295,2.1029087260464867,0
152.1365608287734,3777.9725268117404,51.79933247167135,1.8665698444409353,1
115.42127235988401,3087.389072340667,48.68198395990418,1.5195457442184641,0
82.4126268070306,4326.209717747846,82.4545139897307,3.2714809523599104,0
134.21332474636378,500.0,34.07856919093995,5.243725879083057,0
137.39444292826082,3422.6084440415884,38.339912292552384,5.397862276506614,0
129.80849494798875,4644.076163041774,81.12471842021026,0.7603342101659232,1
132.26671960990868,5446.014072041735,69.26673425321651,2.672872911746976,0
102.3684649338671,4054.7964067927855,49.79482572140781,0.0397843175325935,0
82.04559110252771,5253.4059895213095,6.580665060273013,3.324583249288435,0
84.24060199083974,3388.784804074276,26.295700947728516,4.290148252985191,0
61.01138953630952,3204.7341441138033,20.969762062383623,6.0998903868126755,0
116.93853307337923,3858.604067072555,46.395840267750856,0.0,0
107.83324709932018,3189.3644424618087,31.22038674432752,0.8589978750751883,0
96.31308591698793,2265.939500097627,86.1873356411775,3.203312851989495,1
21.07857182578706,2537.875296126845,4.625347802374874,0.018607287461015816,0
72.43444343929875,1825.763909683781,14.856616733040045,3.3000585596786665,0
143.7526154750705,3833.58831864469,50.661008366614226,4.250195013577228,0
90.35233108073,3217.4893421847805,59.73719277929313,0.4434469073158097,0
120.47392815942965,2789.8225246455804,1.125284377213237,3.184349128601519,0
67.91756170033986,2536.0231522819827,2.9287653550089283,0.7037558864664551,0
153.23142969692412,3774.259038851138,38.584336678247915,5.725812447247637,0
105.0849405526769,4161.865322725712,79.75410799181418,3.484743674863402,0
119.10313431641677,1819.5886953307572,93.10132288427674,1.6410863570814045,0
179.71046743063167,1672.0556053477121,33.56754946992513,0.49002129181676457,0
155.03218385388323,4336.365753797144,41.58242628921814,3.8219218091504947,0
100.32426968254735,1604.115958634279,24.09409742169202,5.709913316335077,0
92.32525378140956,3845.1930199817352,60.19254148706073,1.5019477898110851,0
100.314429787366,5138.81939039548,82.66451888033153,2.1536683860450334,0
124.99262620996068,5146.266061695591,75.57136344021124,1.4604473422618565,0
106.75445074740715,4080.549701338537,43.87861008575868,6.173116031042193,0
97.64831764782714,4030.6566369575557,23.987833708496762,0.030625755602612655,0
153.89663403725993,5946.382045200917,46.197519469144794,5.4994829765185935,1
107.19021688757925,500.0,81.76393450973835,2.2569497614919882,0
179.85222430557715,2629.870126699618,35.852745072171665,2.894345368715851,0
112.61529595848161,4216.012015114748,0.17573738688263602,2.316701465731245,0
163.7727369170005,2799.1649781856986,32.99980669668873,3.484113320343783,0
120.85693422507492,4674.002772722278,41.62839469635048,1.5659966260150564,0
138.2115858963551,3171.8697823077887,0.0,5.039951088862573,0
87.84005763277261,3361.1545415077258,49.786564514553476,5.191642737069635,0
83.4737435421398,2870.8019186113547,59.59626547771169,1.0129469027750382,0
123.97962941855927,2584.16196202523,89.84818382527239,4.36944615950587,1
140.4781536061224,2526.5280173128217,12.257676855121005,2.263471613822749,0
111.62633462156799,3513.6993044574074,62.60565011713683,3.19903227464227,0
71.41779976430405,2270.0590343608196,68.82096659197839,6.022305323732118,0
69.16140668607899,4362.398424671262,58.07455935249455,1.5952571928922274,0
67.05905242427427,3979.022394196291,18.00952646629997,4.912948195782174,0
57.42386717926531,4512.957998366809,18.21477272067422,3.9412845417307856,0
113.38626293132499,1803.131834983326,48.93893044020884,2.630609096329516,0
143.82498404976172,1146.7296672957812,47.188077525751616,3.719135040801942,0
109.15868875753594,3161.9890923488424,36.2478600121169,3.4835745676947276,0
42.440430611539234,6650.5706554383905,77.43741724230873,0.7041531311454589,0
104.24000627885292,4726.815415942161,33.20512074016473,1.7628040470632986,0
105.2587875022574,2601.0771109198067,0.0,1.0001577666868366,0
173.29963065836654,3713.2846686512607,36.498241262802765,2.46306518516487,1
65.64604827442248,4079.755099507463,58.61641746359689,5.67762127189425,0
98.1817563160248,1542.6898986548674,55.908196902256975,4.140461618883905,0
161.02375342204573,4822.63199971176,54.66442172423205,0.07026413921382119,0
123.28849932853599,3040.2228454208966,81.03980460795994,2.4864855726238893,1
126.45324412198353,3075.0925942831136,15.791329198864617,3.431598495380732,0
113.10899151360238,3188.5023933263706,35.50495452624762,4.4835579624567234,0
119.46061978391774,4578.311161587397,82.8185846656571,1.8273724060632452,1
133.62996518518406,2285.204705387925,0.0,0.43981643284739874,0
85.85096621184886,1163.517078244734,42.24130503942166,2.885032985332179,0
136.4232314237497,3618.8524447443688,78.5035806997595,4.071576928829329,1
68.02920924589863,754.9799268725875,74.70380427285902,3.4431373556915235,0
120.67953740933926,2843.238326987371,62.74752992740967,1.2228819615534507,0
115.23658868878472,4637.39233024651,62.92436185547913,6.444815575257234,0
92.1978524405737,3948.9940700299658,17.727005871482884,2.820456244432845,0
109.59965282180936,4496.37008570314,79.36081679916623,3.4634209522837653,1
91.20733449104003,3938.0807695393346,13.498279493715216,1.6966430050494903,0
78.61728177489957,6111.396037136401,18.67191753960738,5.25201242123709,0
99.62695210639355,2529.821732397657,53.333807408048685,4.221212017795419,0
76.80866252654275,3691.6686296017065,33.24790966885992,3.660357531029143,0
119.54355970528778,2672.973387979839,49.458703919106014,0.5822243500515522,0
75.91278150273828,4338.243348944265,54.41265176456501,5.198953997941158,0
131.18539597614256,3128.0724663635297,91.11596962940972,4.384882236880325,1
74.4485739011658,5239.803555104577,55.0182379190391,4.993883670510292,0
92.76122030414257,2580.9066832078724,26.7555814628795,2.995051784434923,0
90.99774252484717,4916.418474614522,62.53646625037752,2.863645701455841,0
149.5222133923616,3903.8610792240347,23.138759015624352,2.595136395381566,0
120.60898268801675,3151.9892533721318,68.03639742735925,7.57501927310456,0
104.00303051389137,3829.7773881604753,47.88418123884696,1.9590612952387443,0
125.09413138852219,3522.838804127404,55.534943989415325,0.582085212978573,0
46.58100099236176,3626.8825119850944,1.8332062806385192,2.2625626631804634,0
108.47945088982813,2922.932177109804,0.0,1.7990511814909205,0
169.75335087551312,2416.398293729945,9.29769015721166,5.445372367963117,0
114.71558162743314,2762.334013374848,88.15382771287179,0.3533799816249875,1
112.1163662017524,1151.4041886640005,14.160030816189835,1.8359009024164503,0
126.69901553049193,4229.090425271076,59.618129111991635,3.3537441949246594,0
136.97993401107254,1730.9419907472522,28.53741864666581,5.499110235338235,0
49.74574563330207,2924.5139357365892,37.82069273557049,4.343338276819673,0
59.541024970334455,3962.1255247025833,42.74394320786381,6.1883033349589125,0
115.86966693031967,4216.457720171682,86.60154266323192,3.6897108158229592,1
89.07813404392184,1077.9624646187297,62.18040529135334,2.5707358394572957,0
149.1005510042515,3075.721934807635,53.247518708747485,4.763662952366961,1
100.27124356799212,3771.5772842025863,77.5380478251591,0.2390713930216907,0
52.32527130697935,3273.8371888300003,28.348332406526108,0.0,0
71.72067317766341,4839.629632554294,70.21956830474058,4.922799439987647,0
27.41237793894893,2212.803531796074,65.97609825938704,3.4666975974771246,0
101.9449235496453,757.4038272776519,69.66342733364013,4.858345151889071,0
104.1709604930866,4167.83454451095,41.11990789491102,1.3238845267465362,0
97.53771665471493,2566.321612674881,33.81486809081798,5.590245695802988,0
142.14943947303885,1096.9564251485938,22.272059696922927,4.298935574610955,0
146.22371184822407,3026.7619379193657,24.90085612393135,2.9350341716885797,0
104.89353687183257,4687.089941049864,21.142964068347204,3.429347924316073,0
46.43513384980189,1646.3230693893697,57.09505662041541,3.655410754541336,0
128.2060077834983,5990.66937724865,39.677719298949704,1.2543667003549976,0
126.60338002680656,2196.1634586732876,56.00918918790246,2.1685135792248715,0
118.71213791307102,3313.7274362044927,57.37521195501213,3.76111736655947,0
139.3631698381489,1753.4972282583099,20.46171209896963,2.12665355388161,0
74.9313782566123,3260.873745377354,17.766893397096347,0.0,0
170.68404695896703,3025.4061671448453,38.58530080608962,3.50159471389709,0
80.95010590555881,1430.962340127721,25.84159003737556,4.629861159044479,0
132.3305084655468,6574.819115511767,24.18701126631876,5.153345983349359,0
59.12992793029169,2630.8651125979954,89.17444319812284,4.0472270118408975,0
82.11086581706667,2633.1994163257223,7.022515751863774,4.65753110509766,0
156.2954059135888,4362.597969708735,95.94406630484522,5.01576425410052,1
100.8009135542312,5364.139426084457,53.68910852340591,3.152454170122153,0
135.18087105803824,4537.779056209466,65.59876630830051,0.0,0
117.56975589657034,1736.7200941226063,66.83231330061554,5.398285931703865,0
106.69418051065551,3438.247554348262,59.52335685388343,1.246832124624652,0
151.11079868552824,938.7908886572035,86.5870650552267,0.7592251835174334,0
103.37095020646437,4270.811540149831,18.433553168888334,0.7728457496172961,0
56.48953020489581,1205.6018618065918,42.967505089113516,8.003771516766152,0
85.63897187723403,2226.5285885480585,21.623235929473353,3.897615830441902,0
126.8741652550912,3198.057800463622,1.5211009126443495,0.9357325186976186,0
122.09814847313937,3727.21775636876,27.1658207242302,1.6658610977977066,0
62.97505224984894,2869.0016594079448,90.88971739343174,3.0163036870022983,0
88.5444991016404,4975.076209354784,38.64468145451155,4.004037706957043,0
92.8841326877384,4090.808769628032,97.80616031248127,3.5627336817879187,0
98.97879201050979,3972.9077076664084,98.40610400065904,1.0842469118629965,1
68.82218311396836,1731.1140066549906,98.83691869641217,3.661664791906143,0
91.30898708806639,5242.816411432689,92.62324781711038,1.7015780292854021,0
87.915252899705,2246.2473703290552,99.34787848032073,5.088446711799953,1
133.57518882760982,5289.911686766911,53.3341869530616,3.1128917050755986,1
133.88763731124678,5628.572191471004,49.54839914858864,1.4226510393227267,0
105.54749995236399,3830.4659144633097,50.11545081535028,4.375945954186564,0
98.50700196502929,4457.957629357037,44.141633530898375,3.8083862957886443,0
113.77742832072441,527.6659223455098,50.77198071703965,2.022166731138777,0
85.84853163138168,2949.3617166880244,61.57252688688883,4.474475703399752,0
75.67611758670003,4527.588621414465,35.04568771084032,4.285381750510055,0
82.33007147994591,4277.292425069461,11.439923066781965,5.346630470652268,0
91.24511398411788,1726.671828622305,53.500546419567854,4.422066036845415,0
75.03488980650086,2843.560400540426,28.825089150574424,2.5594574978740154,0
114.99264195653998,514.8181722586547,30.61292322029093,0.0,0
132.00700914382088,3693.244122063575,38.19383152483536,3.289795691791688,1
63.2093114887556,953.4561454047076,35.093189592999366,3.6096317993391045,0
110.83387623485102,4549.698038413535,72.23713900122891,3.1610034769060493,0
103.34480240228318,4607.745920748885,42.96749757906428,0.037814537559158104,0
120.12181238477078,2614.757030352036,73.39876254606783,4.371005118012806,0
109.67554238459684,3839.3144869663793,49.88370593115544,1.2250815287116223,0
65.94627501934009,2931.932132074206,41.05815068868011,4.30370513247318,0
71.94689432741217,3441.7701715542257,48.90505889908165,6.38865062305022,0
110.49514595489805,1836.0148415139818,10.916667341053087,2.473948656551692,0
140.5474142127344,3928.4146213482386,55.12906296001898,3.8414907592658643,0
43.92164006582401,1234.4638165088813,65.56919514610739,3.0133157608246726,0
120.41050846158109,981.5177684129637,68.01307041139697,4.115808422045649,0
145.40325735550857,3053.99463369085,13.038264175770998,3.178531462443908,0
105.33988754818971,2889.0917815733737,5.040945443603124,1.9925319569627973,0
126.4015789165681,3526.126279776352,31.98302398030047,1.2066123752282094,0
88.9210768996242,2403.0966236083905,77.36907262648744,6.232271188098383,0
105.79715826548063,5437.445295030753,50.93952758784565,3.9167086800127904,0
60.96349553012866,3407.983624814835,27.20133067422696,4.644623121375875,0
39.12341574578095,3477.1265076341533,7.727683528980792,3.7367458506286515,0
137.94016236115908,3431.817801769765,26.130310071619444,4.994617125868493,0
80.21091119719694,4389.013870673395,24.476990128318725,1.2710961308004087,0
95.88618149858385,3909.0913744483155,68.31695148919194,3.293157838800655,0
68.70576646247918,3721.7052820519593,73.19199898320991,4.058900612737518,0
68.43597951508849,4112.954797864437,20.40193916339836,5.558058863699295,0
105.1302326509669,1035.091360945674,65.55571791623123,8.324551666876733,0
87.87384034792689,1084.3060050888535,59.695128129786035,3.716179850497592,0
121.38407492074045,3128.0602576622996,17.145375530517413,1.639414374772812,0
123.57343481046787,2950.6746494302633,44.38060239166766,0.5465570880777231,0
119.3564719265332,3896.848998779815,53.95750390599903,1.2194033627174805,0
117.72988680910876,3219.9386687009264,48.15266966555419,1.4978763039939125,0
158.10288523683934,3914.9633501607213,3.6582860663853145,0.11290820225361652,0
77.41199627470252,1705.0880798753071,47.2832092720993,1.8043684807188811,0
108.97610690097547,3182.2351365261047,61.885828249861504,4.442440263106841,0
143.76360752345144,1623.8605769223432,83.92894118465452,3.1208601680809887,1
147.79507275093164,3657.6515497676764,26.82172369051013,2.460448140762678,0
67.41307103085856,933.6112367486173,30.792116429870095,0.0,0
101.21906304324712,3609.9610504373923,42.751856885769826,5.217185064896372,0
150.8124997186443,1458.6246719906455,50.55116220310176,3.8814876170857167,0
125.36498296826586,2743.5556879127535,48.88728011448747,3.0510124552688414,0
116.2413467579097,4283.069084184611,61.36039622875525,0.0,0
103.90445641284506,3477.6199241911213,16.623424286871995,2.000438949211688,0
98.70445379855703,1181.3420320755595,54.071847964894964,3.740987681658154,0
119.00693671862722,2371.723790610636,24.527487718491937,2.992749893694154,0
102.16084371074419,1392.7246379364703,43.33292320629982,3.4196573340280216,0
108.00620762070845,1172.5949464908758,85.9155086085698,4.31533221042573,1
113.12999925155378,3321.51388480338,5.817467119580923,3.365376687623582,0
89.28492592847273,3852.0971787186927,38.46191804806632,4.345749816522467,0
125.7864617387916,3722.4540290220043,11.073860441944088,1.283489287759767,0
197.2673890739355,3949.7256197220077,48.63540526980702,0.44737895874575695,0
56.49844447465585,3142.6426685054184,69.1842967345036,3.9390461952923235,0
119.40954110993489,2818.868976708376,48.328021702399866,4.412083349313986,1
87.38543388949438,1947.0069115655465,42.20411150850312,3.9942518297898904,0
127.4896914332934,2641.2923372933406,78.60731035913555,3.3140644222994435,0
111.64797478462222,1606.293550943696,55.308156460576214,2.3069686111425356,0
133.12287994547512,2155.784795196383,65.50209488945643,3.4154724987580622,0
145.1333273649044,3300.6486587615973,63.060760924852,3.7231743905768835,0
115.63266962092099,3055.877481447095,0.0,3.88782461482955,0
144.44767732173358,6909.913333750286,44.485925351977265,8.251062032285994,1
39.49144592966415,1599.4134973793848,16.303456485728702,1.2415373868961717,0
157.48349951663488,3024.237521110068,23.643650161418048,9.460417881974747,1
121.67179903714683,1453.340571985562,81.89807957328946,0.4120626971288829,0
142.29256646472692,2744.6935863014123,34.24074947237213,3.80160373829461,0
73.19797338457983,2773.1077544629275,94.39366232106985,0.5951085722747737,0
84.90175336775619,4199.437936350097,10.277762757242419,3.594034745796733,0
114.84956141216608,2684.0956652878303,16.06150582368195,4.965290167448541,0
109.73440948792182,2935.2711614052623,64.712509569245,3.097959987861999,0
118.59461427573608,2676.273739347766,38.46514197633308,4.929321507019109,0
142.0334642994806,1531.3155435189474,51.620484254567224,2.17904785343008,0
57.09631522010928,2393.893909075745,44.242436854570116,0.020237218247409736,0
139.11488205763735,2767.6621044465146,41.785349282283,4.279084623880489,0
109.8350217551236,3268.3668506430877,37.702524876300416,3.1039924819712934,0
103.6593622261939,3869.2916618673707,51.2975878022418,1.9296860173169441,0
66.17846276964767,2904.633821365885,61.30556889759301,2.160361898596201,0
125.59696909662594,2842.597785556224,85.9854327320328,3.8023646457498708,0
37.17703660629746,1126.5882524888493,40.038440942642694,1.3575473381820198,0
129.12749254393722,3863.5454481329866,32.569311349556294,3.706692052480469,0
65.47765399626665,2344.2092511212904,32.51728141202856,5.347377335903567,0
111.4363228205167,4083.9358428076785,82.07824000337992,7.14606133400666,1
106.62110080846182,4769.370849536861,61.7299503552469,5.833041224120724,0
144.93094279169142,2985.221286653695,0.0,3.321627193639768,0
104.83079780713605,1964.8050458991847,0.9331132882174042,3.4697994995076606,0
88.65050747772527,3180.463354683317,22.909469733288343,2.242977509344234,0
95.01973184581567,3619.1246975637405,49.109866068212305,2.1093700584704163,0
147.36030507966305,2810.9314119373817,42.367195460596264,4.795620867550295,1
126.47013019343343,2556.9924570066205,54.961462161880405,2.3409192433325656,0
98.38639231067204,3855.6940879197423,41.292565211141884,3.9113502102736457,0
103.07649297981617,3811.159354268089,83.43403214373568,1.0810026123920138,0
63.09484830126785,2810.016070017721,63.43015516605119,5.702129237234159,0
121.0176612404134,1212.3339738809223,48.13151297852654,2.478947882395802,0
57.746731014331885,3748.9168650984984,73.45958161746823,5.217380995527751,0
132.73379439739716,2289.807308404122,4.213612432876141,1.6001383952619737,0
114.2025314383123,3449.77486604088,42.800080780839146,1.5061762898825066,0
181.28031332767944,3343.478102529939,49.573468717548685,5.724119125163075,1
77.0963101850909,928.3125368707615,58.28776020855443,1.7626110644485327,0
106.37604081727724,3330.2160387273993,2.2493374899047787,0.0,0
163.95969067739335,3828.776933185391,40.20222431102313,0.9190995413510983,0
145.32417393961194,3966.1427758669315,56.051745690432504,4.754978729734636,1
91.10289409276359,3355.9249242282376,57.38951690314795,4.517610706644578,0
116.94206361952945,824.5120859932855,74.84627255576311,1.4207426671796444,0
110.63234399258796,4733.089503200012,63.45868998669234,1.7381819620427827,0
118.40016525246544,3684.5755446976978,42.97089732035758,4.393212664943975,0
89.15960164332841,1765.5501129182198,59.57003915824901,5.693799757994098,0
107.6621371996982,2243.9772955846715,40.754770343361606,2.8045411430233043,0
61.67089708172248,3471.194374967603,50.74724183520315,4.051129545713768,0
113.83096779438415,4033.2794348009315,65.341059956225,4.74705480470939,1
123.88900141046729,2610.5138383844364,43.92493407386787,7.275356711918736,1
103.11277922904833,4201.905102755164,54.89861630340815,0.661090857365022,0
61.20093517751244,1061.65882081532,65.82230902594077,1.6465625831881863,0
139.44761076756146,1947.465865880224,62.03922813767663,2.0283040522160927,0
120.41101060646913,715.8097065676845,75.68922417953007,4.61780826606754,0
87.41626201787852,2096.7048736526103,97.43984762466214,2.4416876628502715,0
100.92154770424052,4987.772201430959,62.840736099408716,3.583047178319301,0
65.01828140158847,5681.582092924293,30.723871415058348,3.164356409458788,0
79.46864653398669,3493.312334112507,58.83668408294994,3.0026292458976225,0
94.90757394021985,2414.1028849585496,57.03878216291832,3.215455688972698,0
146.88344594213171,2941.928176224572,60.013714220311776,5.110499762788808,0
90.28801591712792,3772.3268885545976,83.54215344584337,1.0070699306960604,0
129.18861502592011,1343.1102386962332,3.120545640489585,2.7061415954082166,0
94.18117238879154,2556.309814381863,83.51308383493998,0.5867477353449807,0
117.81207217598441,4933.3965231485545,91.72532231061984,3.372600794498048,1
106.17324756662877,1931.2841044227457,57.90999176226809,2.6209559412704553,0
136.42910993657907,2316.0677898023973,62.152394038425605,5.152815103584292,0
94.03811754693261,3194.9612196217736,40.86860940740909,2.983601855038639,0
63.09472460234946,3584.227841134537,45.84306316885028,2.0459328386290982,0
68.02607163567633,2425.472203366882,62.62555034720535,2.506193892084987,0
93.19673208550483,3301.170352462422,61.92549616466134,6.352189600505628,0
73.33730105934083,3929.5373937592876,64.89023057022644,0.016260275295538248,0
122.28119198504415,5545.426394724103,63.556084325053995,1.7770817850386875,0
96.21355926445362,3038.9679255838078,66.68773781645793,3.0590518344990407,0
180.07930178142436,3177.6359250998644,66.26872643634695,1.793971331278774,1
58.51795963407319,5044.229017255755,19.26919692290049,3.9451428944908105,0
116.56234619041349,2537.9529347474804,63.38625833777333,2.853599555344931,0
75.5737578605603,1645.4439937035183,92.75709810150006,3.4960733786431932,0
95.07307728840884,3497.9263797919943,46.50101493368466,3.3531789310392353,0
114.30649114150759,4506.097528229698,83.95954069978998,2.775790757600984,0
39.69448652315459,3606.491961541219,21.846362881410716,0.5271666363234252,0
117.29550288614054,3057.8604423212946,44.88129267428482,3.348075216533064,0
167.51825026989806,1476.0950439937485,30.048280818316027,0.0,0
96.52968126272238,3136.16120307498,80.35943856358391,1.757645463184889,0
117.17351001685041,4722.734671213251,87.8451181946109,3.989235201902362,1
140.28530997142457,1704.9935898468755,43.914475487749826,5.365297068131626,0
105.05048109427916,2919.814351406973,73.43175651215108,7.74304947459654,1
92.5001715469055,2730.0852498829668,86.3397177627622,2.2023639440544334,0
41.608296910991896,2379.764569636225,43.44283891241253,1.2409370615030826,0
129.09413921768638,3512.876079544848,48.44184215191101,4.085088846209197,0
105.87839506447399,3731.4494926764983,60.49671704370947,6.728669745979921,0
79.92226188767141,3704.5892544073736,26.792379362918204,6.02094287573552,0
114.05090219156132,2021.0157178826762,46.63047540709461,0.8946310467695916,0
92.70894948517653,1202.5443449960621,97.83026597256912,2.66140184266268,0
94.27188615760244,3522.1957538949137,32.62412238462343,4.70435607459953,0
128.08635588031987,2536.72225759905,64.2334595863196,4.844536645244816,1
69.55717158342169,5394.37760679368,57.59692471126854,4.237111630679617,0
140.9929547041768,5479.482075299962,41.152906038065964,2.143420870308286,0
68.71717033805389,5606.4036577602,52.97298073482521,4.149806824546096,0
90.09179654787724,2039.658104415656,89.01313221010331,4.850347883238402,1
167.0357681952761,3894.8579824129283,58.19153549012373,1.107550902343167,1
143.78831443950673,4222.276384373046,61.011548353800144,5.665486125334399,1
112.0662963002637,4102.433725029265,88.20746068942482,4.968960522482128,1
81.89920376263586,2790.01920426299,37.91503896083242,1.522481581718926,0
94.15719173543597,4715.497194586531,18.923629901868523,4.923109101005843,0
111.98323188741048,3229.138651929182,87.14278522288306,4.705689916244976,1
110.72420414075773,3358.838199846112,49.187105614296364,4.66877816971032,0
107.52497044276907,1363.85416756523,66.41789250934488,6.188840853073012,0
109.06679336079861,3995.244495433735,28.107510524789554,3.012670370721759,0
102.82332126671672,2905.309505814168,55.39658170390102,3.632536499720879,0
67.18155573452948,3773.7645814862085,17.787509272409785,0.0706011546301115,0
94.12406807791886,3468.9453159922036,44.615795197240814,5.156069361200897,0
136.87272819897686,3394.881449533551,28.65271340582131,5.093779054096327,0
69.44346974056619,3139.454409877674,22.77927624737694,5.704154701081822,0
104.72383308267524,4153.388158808124,37.58445034725165,1.0764327621105223,0
85.23179649661331,2935.5881858819644,0.0,4.910797580226254,0
112.7990056481471,1465.4571156856093,14.635649797086227,5.133898714161749,0
97.93611154357745,3890.1893962830095,63.856182107539176,1.8255422168853352,0
154.1250004530894,2225.5638445914046,54.45030848717429,5.071066657744479,0
125.68647990229185,1612.1304612580104,15.204396839407805,3.9280517761633953,0
71.1179972862538,1974.602210933191,60.77257882136396,0.0,0
130.16639165181803,3548.8322627291095,24.86295078664404,4.169046944654781,0
87.06004738031699,3099.1283620843847,61.50839450920665,1.5512478851936535,0
92.6162540530156,698.2286867692936,45.80354635206032,0.0,0
119.05087043673731,2742.9815869374193,37.25751928069496,3.690903574908856,0
94.59976060105824,4590.217799408359,42.53656856259062,2.847771354443602,0
136.92916711908288,2620.2763075814496,100.0,5.800634057637679,1
87.16014941006314,2973.2407374201293,26.627143333894388,3.398501492479507,0
91.19573976566437,4436.452610906778,50.87580862260618,4.5662860963488185,0
90.77500898002462,4168.3888122355165,62.8732135575242,4.053267832866436,0
92.84602555217278,4418.2025206040025,20.244232637421852,5.092930893896891,0
143.0334991733505,508.13456161993645,5.635943801152852,1.2159350364366284,0
128.8115716809428,5265.558991887651,31.25117605439665,3.3965033080956744,0
161.79458517293583,3972.808827805391,66.15934775822183,2.74455183860666,1
178.19706802204996,6171.248302905819,35.714190074381314,4.27918721109508,1
79.07665281682544,2253.155847320452,39.31885772976743,3.5122171965809055,0
112.13064130911464,1092.5996128724898,66.80953058535376,1.822927622568227,0
74.2244415294748,3199.8919085198545,26.44076614881117,2.3261082400611217,0
85.80662289777543,2844.962559382692,42.33299322009652,6.363768011717133,0
90.88740527916421,3995.473913881152,6.31811491423026,0.0,0
78.22239526254495,4498.154961259112,53.09293524114531,4.4369066871643765,0
78.61250705846224,3107.069165685412,48.19045345482991,5.508901673844611,0
105.6347556022376,2930.31065109619,65.71156773479001,4.1758332014482695,0
73.312315337396,3822.3238249617534,15.935289843947547,6.925602951947327,0
134.12097436892407,2888.8970303216565,44.35135385630389,4.807055231738811,0
82.71087484841303,2786.3023540346753,12.072701205130775,3.8259148799156115,0
194.3844082923723,4451.505764719708,38.39899712354923,1.9994551157841718,0
96.82553624669696,4708.925050615939,83.52585824037473,3.7432064111389747,0
112.21090494827982,4503.31827644686,38.17300180271323,4.389063032044204,0
71.55874501227687,2983.687124267258,12.453872518315768,2.9915393539297037,0
160.97978685504765,611.7480973307465,27.58039303693891,1.5171831626308214,0
143.58377677381165,3004.0254661744366,2.9795361368732847,0.5258522741453899,0
118.99620315037204,2298.73181689756,16.60225760908674,3.3845760500293993,0
69.86395458207586,3043.4427623675006,62.574489549905266,0.08181052651981696,0
116.4665646171344,2384.8292447640415,9.138555423682465,1.9819395443779408,0
76.59103550109842,3188.3667540114907,54.00873766806001,0.012609087789631677,0
154.00752139289125,1982.056564316776,43.64518125464543,4.715115472179259,0
134.22291856421688,1653.2045622022647,31.015345179447998,5.243302906451483,0
113.26050523739703,4645.520123739974,49.135500809978666,3.1672389331280915,0
36.23027548856611,2055.3024953484273,21.850368099551385,6.662572477617281,0
80.24833788493395,3200.7085807817666,63.93281296781252,5.707837180537382,0
131.23673673741433,4341.73247055689,28.51065231324694,3.9463744661241553,0
146.1309657240936,4317.555057008845,37.07530504358152,2.697171396730367,0
143.26873895568818,4148.549079147359,34.12010589862308,2.2801377721011002,0
62.75512103357209,3571.341229086417,62.860625670219086,4.092216843914223,0
118.94956092029751,4072.0053036203785,58.88833883038297,2.7166080656416014,0
140.1664470683885,4912.590007867925,0.0,4.160256016737376,0
60.67934421512088,3707.3141480237,52.07281831114661,4.165679561417522,0
109.68426375173163,1014.1363325701922,1.2352830415431146,2.588032989122214,0
118.11158206066732,2560.7868495248345,33.69553774395849,5.278409139245054,0
100.20785426622598,4044.600849923565,41.37488477307424,2.6253494152813044,0
54.34906364495847,2443.5803987292024,37.38845717240683,3.129531270029693,0
100.47318815906492,5160.0080529133065,55.811398470520594,1.0496319307259103,0
100.02765909012535,3122.2864243402996,61.281917740081035,2.4636104072087406,0
105.08745992238484,3312.3700006375407,25.400457063435173,7.229588328897996,0
92.90781556436448,4534.580088430286,21.5466397518542,1.1891294733212836,0
96.45391706749528,2964.6672385660254,45.19439496951257,3.936631516562232,0
108.69854579233406,3373.858580247918,7.361772709495053,2.0189459474393017,0
123.09295958159737,4286.216041425935,34.520758116071235,0.0,0
101.56583263979003,1420.3201459554425,79.03185713015075,4.12547835215832,0
97.82094095270764,2901.5099247645207,6.0206745764316265,1.8072929300251412,0
112.10391444792549,4185.553578113436,34.6549120348198,3.7311710490288275,0
52.428597593730046,3303.628033935758,31.026433954772436,5.00918565907038,0
124.28401851574398,4983.68729627406,96.17315625949446,3.4871613363130534,1
110.47778994746423,1303.9797690130426,29.924850429758067,3.700457103900983,0
111.13759501814665,1157.2653025885304,31.123987460136803,1.243062098163289,0
138.72610395595618,4120.906174910003,19.17145051573911,4.423998723788779,0
52.14519901919268,4261.697955595594,45.404900835219074,2.571152331541557,0
50.37247303332717,3013.809741205882,53.20230602336016,0.0,0
118.51907369968241,3655.803328599333,23.89357405148501,4.6483770715036385,0
109.8255561784014,4094.485553492723,69.57995066873784,5.349104973223632,1
114.8996569772492,2211.3095582424667,53.353262898500844,6.043731418048299,0
95.84075416597638,2344.5656065703724,65.7756881649446,7.3305640811795145,0
130.44334080298884,3461.8372718702426,36.337169607854975,4.5361720043531495,0
138.1861224792053,4269.508566088937,52.372394059624256,3.9522263115570087,0
124.7404460048276,1768.7519984825092,41.13634241627541,5.2331119296480315,0
102.555909309873,2966.5404853284203,82.87558993730579,1.2511560788595875,0
46.936761620923726,2914.4915985931393,47.630762049468814,0.0,0
132.67560436852085,3693.1784910079095,45.30742315668214,1.9513808937615833,0
146.0713133806624,3175.972825179681,32.2004702007645,5.45986361238819,0
129.91585728226835,2548.10678373925,33.44992066549861,1.6864727131173156,0
83.68320591223647,4671.301928393079,50.01303952381916,3.8528723933522815,0
130.23170539790974,2561.3353413150076,62.505153747076946,4.17690808346091,0
136.52183159471008,2842.5457240455316,27.238406980185633,3.519345778012292,0
156.37425647590828,1317.940116656772,46.916323457017675,0.3742675749817029,0
82.69060554013566,2349.968280055012,45.539530295515476,3.69241720034329,0
102.4753774291933,3816.2306019807947,53.139777309088764,2.1130528624367177,0
132.1876420809108,3580.1060419589653,3.473685412115571,6.457068178849025,0
111.74686947161531,3880.7257172074706,22.520532041765225,5.434538619120918,0
77.05665732298125,3858.717768078173,11.517719055265164,2.224053899204371,0
122.73728674575361,5701.235069272434,47.93852479872057,6.603887149765624,1
126.375292930754,2303.6283458977186,21.631721512526468,3.7413915162186377,0
113.72027714759176,1252.8940447443144,30.88191074451158,0.0,0
116.43578620005505,1967.8661757542427,15.84093878399047,2.8666030429665024,0
102.69112162879524,2350.221427598106,35.43560768677384,6.206720268239553,0
154.51840466941692,2013.9218685200199,15.000651763303589,1.3668865311917584,0
83.00213858708328,3279.1057448854276,63.635835945285315,2.8449995504885983,0
92.305179539235,4694.281583498333,57.80774701223877,0.34797701008397575,0
109.85505320177751,5026.659267585334,49.212195828336604,0.5686739386139776,0
135.88485411110537,3779.241552856706,38.59781546407578,1.2772875762669165,0
65.03350502300667,5763.264934841208,0.0,0.49921295220198025,0
70.1447225844763,2795.1657253307826,31.372365671400615,1.802783311487422,0
49.5591654283614,1259.7004733859235,24.63002416709618,6.470802593218065,0
111.03877996555393,4438.160112823808,52.49653237567816,2.8458047493622303,0
77.3370861015093,994.4337542719504,62.053491505903764,4.620729461445385,0
98.32575414017205,2302.462782468326,52.84870121950626,5.104473889279464,0
129.56379223942088,3835.793821339727,78.86890430747354,0.7525761694146249,0
91.03634768404818,3109.1732588662767,30.556846039991022,1.329464677262539,0
116.79628768592946,2947.50645415197,29.03132061152236,4.475211014292837,0
101.38923365963444,1765.383507029051,68.78361482445187,1.6451581878367865,0
130.77528692159484,3173.747862146333,49.08644589096847,4.4406704217197905,0
124.73966015047597,4411.727134417929,40.390752711905364,6.382592441627244,0
89.74576758471709,3169.5630821849186,93.10277075400015,0.09269088247016508,0
105.2270344991131,2199.1266788503826,61.00391230568116,2.3082665648464524,0
141.08037991975561,1667.3521385007884,40.94924302147455,2.514944779986819,0
122.25595067873623,2228.453459391726,30.2950991010732,1.9760974059885323,0
68.3790402284298,3712.2015800707095,76.74696556688575,1.8006804847148263,0
129.45290883482198,3630.3200715034454,51.97752464510893,2.0421170954816317,0
77.30363491244302,2214.8753837587083,46.02186031622221,2.991940190709067,0
152.36327569863954,538.7273078928116,62.215854080881556,3.3797118150317806,0
141.1445918242375,3686.2043446394077,64.86542287325501,4.904199976241675,1
118.74677167408731,2148.6914359334264,59.21201665742584,2.9531479545950647,0
114.6977403789921,3982.8637510274,68.83103203589553,5.173257213927168,0
103.63633950314754,2283.9153747391906,53.1069232196319,1.8542841328609958,0
130.2586609446966,2000.5688936975525,60.09332373106856,0.5665666154210797,0
98.43443220309315,3360.3358780883264,23.272385342858854,2.360164418793291,0
117.41808992656777,6062.370720396059,88.173920542637,3.8995511416588284,1
135.79303574834216,4067.476471616459,14.058546699658974,4.6663855814845485,0
93.12705012405311,3339.614393600402,55.074064142661335,5.914673879749586,0
91.33645901268805,3662.510659356783,11.407863590813738,3.6212098602163447,0
74.50653532555839,1096.7082056718086,43.20494815366381,4.454409521109797,0
77.96319798632898,1849.6898079385353,29.335222976048396,5.739170889189492,0
54.697502988160444,500.0,48.108593588574145,1.4733203872321563,0
132.29572355710263,5275.756347699575,53.417681078614194,2.455992592943867,0
163.96960361026893,5024.31677628802,23.543824230265194,8.632715893577975,1
152.86187210387985,3656.707685546784,43.17906199414192,4.686900635380189,0
61.709520255140056,3334.0716429265804,78.81123553921967,3.9732513683529005,0
131.40794536892503,1338.9050083747038,13.815238485458613,4.794077211906191,0
152.6585940688661,2924.8590332713784,23.229771964046922,0.2962539552499337,0
96.12752757447929,5341.51747140384,66.66975604568351,1.7064672771101042,0
113.05257982393398,3370.8932838440137,47.552780796011135,0.9425484597050096,0
49.7726136673856,2512.2856719738334,47.84523927478518,3.8963439964769404,0
118.3681597896896,1088.1019855209577,67.5215028027171,2.3941913479917067,0
77.85171224898967,4889.8738984029815,26.712735551551614,3.226148813198648,0
116.50967400819366,3123.5727527853523,32.17421575210085,2.389978421618652,0
63.84186623466646,1081.1048417227994,26.984534647602597,0.0,0
126.4026178850815,2068.9569176113673,37.46714557930009,4.823062250460912,0
140.3839420886842,1664.347515003375,81.51385234678969,0.0,0
86.48355644012344,3057.6542772172,4.288907461443789,1.5559294220470827,0
75.85004838816673,3436.997903366583,18.22141120479947,0.343995788138249,0
46.008946685464025,2595.2338080309587,9.058335892483102,1.177177141663429,0
101.95873199561971,4120.188328993261,80.37431031082708,3.389348123800504,0
93.15311897099707,3286.445289165753,30.132260872110667,5.420734870374974,0
63.5445806821005,4449.252513591353,36.624856357493655,0.07377981372236113,0
123.61833259854777,2775.6078289987627,4.108382627942765,1.8522940021844836,0
96.35824103837972,6856.073751540547,33.96070045742611,0.0,0
77.59556307312815,2550.8807503703083,69.23873964716256,1.7575245827608827,0
93.75588608210045,2116.8667937231476,48.874830780199375,3.0782336293780777,0
141.80775903605186,1952.8393408531242,43.65556045123458,4.56422143887764,0
128.48389502653336,2974.637049479286,5.916450072364182,0.0,0
106.67634935516794,1142.576533429713,36.75426652305068,4.217161838110311,0
128.36327018247516,3555.970106553316,48.39177892903608,1.1023726872752728,0
75.68318876332401,911.9979773283795,20.498527320274807,0.573502414127529,0
111.41929514457718,3395.700549923116,62.36116794550389,3.148349205441174,0
114.74768440808262,1559.8635882822953,68.52754518195084,4.2454975164543844,0
95.64557499919843,2739.3402917963476,31.61114874788399,2.7486350368440817,0
123.05223696255811,3919.5891690345306,61.29176429698352,0.7381516909188723,0
86.55169211888632,5970.5093565084335,40.44028562288096,2.747224265790763,0
126.13627102699844,1927.305269225847,75.2583974392173,1.6168699961447817,1
126.59597484730777,3037.496160051793,95.49302767935099,4.222855219007273,1
22.426684293082864,2340.3004097988437,16.162826695714564,5.176858965598221,0
145.2408258379243,2120.3057547191484,63.08737311158243,5.059357426495441,0
20.0,2331.8791980243454,77.45915004754995,2.949995358351558,0
91.22634071787657,4151.0355101811665,18.774944371521897,5.2197209485675335,0
140.94453502530692,2634.5191314969497,30.55329013469682,1.0609857055251561,0
99.9303761554103,5895.36777114335,32.179591505985776,6.596541419566171,0
65.73364855485218,3694.8330404910544,41.52196375256931,0.866782195860096,0
76.45560508323314,1972.8631889198043,33.44864029433493,0.0,0
141.36076170389555,2783.85847191143,41.30166943108992,5.767500854109075,0
52.44256318711863,2238.411819763405,67.56528547213811,1.535827955533308,0
144.0241646905952,4156.392045606897,1.7443773466213344,3.22348877812688,0
107.86400534468285,1234.585028898182,20.788487928013843,0.8306088584954505,0
74.66451726802894,1593.5201202870849,65.19721723764731,7.706842225950555,0
93.10122447181664,2485.9859541945752,59.90395837990813,6.685611582164554,0
79.52676904847965,4043.3322237347543,22.98469715630324,6.063236025041515,0
135.8083518658706,4703.326760829283,61.02738646219308,3.121490090857224,0
132.22089808157358,4857.158967951073,79.99776848003492,4.947784551186564,1
58.69391887014852,3818.82693926553,42.86601879028015,2.891739205518846,0
98.2481339107417,3105.6208916418227,18.377996537456156,5.22238207351193,0
84.36555631880547,4140.278109282016,67.07326593133594,2.1010820907892342,0
149.18559696878458,1853.7237622859097,87.81120864735995,6.189668313820905,1
69.22294556874547,1016.40044958143,21.993628078776563,2.051307956119721,0
158.46476296397577,3736.996812252632,45.80477809121073,2.318716362744849,0
108.81847950284681,1968.5801630159888,72.00293849338594,2.021180334483427,0
74.0960282086679,3110.875515965776,46.93979893382807,3.4422945192063596,0
89.51480643749363,3338.1883296469546,2.2857872670841206,2.2556261011269116,0
85.77843866692858,3479.4864455980673,54.97248272105962,3.952016439625351,0
71.89641481277732,4317.843258065767,20.435281154851758,2.055211270370283,0
113.13519640613409,4201.758192552168,11.378398856437524,4.661786910171153,0
73.27712487201602,3443.1515639994673,1.950128589879808,6.0987533391325135,0
45.40345514449652,2693.9669594137026,75.10197922263983,3.2354624562728267,0
98.38998659125033,3327.481207439555,22.658006901258844,7.470254812260041,0
55.104914987451934,2477.1149166164996,53.4057072739159,5.232901053139924,0
87.51119762250686,2937.157055707833,59.353270765583595,7.309419815334179,0
82.48205916134576,6347.367971695522,48.30885736521713,2.964961262859908,0
83.4657260327535,3408.1695764868123,51.72302450398572,0.030282477597684487,0
169.8809866877788,3734.758936704579,55.171691985791846,1.548646415664255,0
111.38663520381935,2340.719137958028,48.54250470659081,1.79331218176543,0
117.12608458759154,4411.985246900539,27.436463697847085,1.1280204268374354,0
57.30900152484388,4125.297008220188,22.245452744351937,0.008598559637225795,0
90.44972979131916,4118.306683629133,42.11865720738367,5.0881658100643,0
116.39385550298633,3487.78671047555,40.87838568189861,0.0,0
79.93904576744914,4417.287030447879,55.79069933112787,4.849252312786954,0
137.08180937088397,4749.658386740632,72.90376351180697,7.387060145336822,1
73.40794857139161,3528.488115148611,51.82713157817513,1.4594290113570343,0
100.86941722088494,3060.045805249666,25.589524203614193,3.748355682163747,0
92.36800158061742,4282.040342598177,3.2441868080838883,2.077515894557048,0
114.24309944690306,2134.1834095123527,26.05593028909815,4.505945717713123,0
90.33101724054393,2358.3715805784905,10.098280003722499,0.6076611405835797,0
101.74749742339812,3155.583437221842,26.262014337067445,2.749152529117156,0
103.35277538002495,1104.8975006749724,50.61374250720973,5.229647976158686,0
88.51672512493107,4228.01489988781,46.099073575319466,2.901757311678259,0
124.86385886554447,2055.4610206604125,92.58408472122751,0.08005256748280344,1
117.19844969020157,2574.009740784096,54.3652734287825,5.455176175871061,1
107.07183783220974,2943.9494552941833,93.1087104598096,0.42825261980553714,0
97.25534340756735,3238.6680698133036,64.83571856367406,3.244194519567682,0
134.6127863267862,2780.5274305915204,73.93900201470996,4.118185228435194,0
102.95656679370452,3131.125700272438,37.536759649952614,3.3285172106794527,0
100.6151998923028,3133.7353668758865,17.10983928772391,8.118556351427001,0
113.03693390457593,2649.273228163971,35.986317404475585,4.454488029836634,0
160.79332306446716,2301.4604984050475,45.24993827895567,2.4732514086121,0
70.01950375228316,4471.297975940989,31.434896131995245,4.279530359256169,0
132.79453056126746,646.8471488864913,21.622342681310347,3.5085128864014394,0
53.36247300229969,2930.5786131138257,55.87159236315927,3.0552668458531276,0
116.72726462043917,2645.3858005498787,19.5329158298247,3.581655496989054,0
157.4376186802625,3709.047848203939,10.246161057430886,2.045471504689543,0
124.26550273960126,1437.7532116335399,14.230187248450049,3.4445836666180605,0
115.04021074217846,2587.5963160944157,38.83980615495497,1.9811204565589928,0
92.98928141757246,3076.318165652031,18.091887499424132,0.0,0
110.87045860281543,4461.9300596790345,39.47548834994296,5.267504455451992,0
102.13335577564266,3613.772953705211,60.5350710551089,1.8684575445882328,0
86.8973367899192,1810.325544125137,58.43560665742234,3.2205155012174425,0
101.37475512473725,2610.6496591081745,27.648423016795757,1.5137591871812341,0
115.35274487368612,4269.434988280512,10.419084775182037,1.5059178949145229,0
86.46811324389701,1760.472162898554,31.27786839764448,0.902038989563765,0
86.28190287293485,3132.1524426097862,60.7005041158922,4.972345232405796,0
69.12797099197451,3227.1215418039264,67.8336195161649,5.347277159069296,0
121.54407557765481,2729.1516462667882,53.014345645048685,2.936915785605918,0
126.85141632344127,6434.751253758674,75.37075293325886,1.9174228146683774,0
116.83939319299407,2721.0691755672947,89.3093641390951,0.005448376172425575,0
138.52194868599165,3745.804704017579,33.61775161893168,4.577928640511605,0
112.14894378552843,2261.37109910909,82.51597361828803,1.693016541580397,0
122.05100499570788,3796.3251513702066,38.3448883213974,0.7900106333215364,0
119.91178457781315,4232.1615092048805,71.21577579944844,3.0300256997746073,1
107.63582627423541,2500.1648358279344,61.79594351310472,2.3648243230258275,0
93.94724440949174,3125.726337004656,0.0,0.023178812624411498,0
176.30931271412848,2103.812853682952,21.31988156628566,0.26166725908221067,0
96.41939040034694,1814.302390808722,16.805802682806327,3.662013747562944,0
89.19201260562276,4480.023844776502,0.0,1.7042697845062282,0
123.0093875861338,2511.837764996329,65.6721870412953,4.0254541829621795,0
117.83363635057043,500.0,97.12781515877484,3.2749859827614287,0
68.60917527359572,5307.286252924802,40.41068828965768,5.123959400259065,0
144.1362939007906,2275.8329986585527,67.61765316513757,1.3678339533303683,0
107.9719696059574,2874.159740209667,82.13278028645837,3.49785638392269,0
77.37223272927318,5152.6042098115495,52.038446720037115,4.310850794323539,0
146.25787736270536,3030.405386789558,41.68477075957949,1.637514242891633,0
128.81048056682977,3006.5927024560815,40.41716209503319,5.295216293267368,0
72.23794247262032,1747.866011590638,57.92871955132,0.0,0
162.63193150526857,1257.7999533162097,67.84498227477758,1.3860053659594278,1
129.85213952224387,2985.455738280663,58.01197125844511,0.0,0
109.92646415274969,3640.9055860190033,55.99057101733594,1.6090968547417366,0
157.58665547875663,3562.3745326203893,43.805211301472326,2.5808156722463917,0
114.18334561199556,2612.582430698221,4.612758522180645,4.676162622090848,0
109.83312096665986,3243.8604854781784,69.93724994090479,2.6717164842382606,0
90.36242794456736,999.6259625897515,13.416710314504671,1.833170522337447,0
128.1882440968071,3783.3284155247875,60.83351467286752,0.08627339374939982,0
124.59686937498556,3402.458108813429,66.16416409379191,0.5818315341145065,0
110.94737729364527,5586.183310001911,15.746239277629938,3.6669789368804384,0
86.76523545315275,3153.955984786423,29.425337795591936,4.836730022585518,0
113.628231182416,2069.8495928448688,99.40614542787822,2.1290482915400135,1
107.69641174312686,3147.0190692868987,45.66153269828984,5.438100684728859,0
69.82864878630265,2816.365786342748,14.56679989324684,1.1684034695266723,0
65.41345671605903,3751.8125887348856,65.57987645894083,2.2376373081991106,0
127.70604783204658,3243.97954275452,23.317358624295025,2.3606754152502116,0
31.91690788248494,1663.1740320700148,1.9233193965638244,6.085753391853594,0
116.38380325871721,1247.2067275711427,56.37525964457147,3.275743722179618,0
95.16758814832387,3531.5852148924946,21.29084879278563,0.025464433738768406,0
149.52743364619715,4846.846726366672,53.28260527833543,4.8735781834809835,1
95.03621868473806,3286.32153189965,23.72644855985328,6.702110248617205,0
130.30438856655988,4191.106655376632,59.79071849466814,2.4930249292789735,0
97.8258355773955,4414.847823492476,47.74643749623433,1.185261313986959,0
113.93275517163245,3541.482561311857,0.14766710511573095,4.79548850560269,0
132.47634398797663,2225.7320890352166,56.84442345231681,6.904315483166824,1
95.91372406600998,3390.1819572138743,39.923702273678884,4.662235755046906,0
140.46713630262403,4649.107896904823,80.97303105881996,0.0,0
80.65952051862743,3827.399414565313,55.13508065597173,4.506765572777388,0
118.99585277654064,4109.683039047909,65.09647336731555,3.8023863327142235,0
137.30255304109582,2652.8394330667006,29.188495548027372,1.126106746953864,0
130.12004493883214,2937.8290903870447,25.375590868279836,5.518432304628975,0
167.52640402000253,3060.9499497929537,44.627126034807745,3.7957777893964355,1
87.1197394061266,3148.6050442077176,36.30532330680893,5.537259597387382,0
68.62953185884705,4609.867933742071,80.01440697225257,0.9028032021462539,0
80.1879515841995,519.0290658274439,39.14728242473003,3.8517296979345064,0
129.45375060835903,3215.6416941473617,14.424581286998215,1.2576542051954167,0
124.29385578034542,3100.967507618955,24.90090049476652,3.4749241501214296,0
112.41131764501523,1509.1306974106171,66.2600975775108,5.956504739440263,1
76.41973698060143,4029.190623975875,42.17570868109907,0.03765805496772544,0
132.03047494592516,2332.5318000422744,41.11427399475166,0.34089470396638094,0
73.59048913343695,2769.364340402258,68.5808371652023,4.967840980796795,0
145.00246638809637,5415.938865935232,21.479962274217602,3.015197893543074,0
195.57890942743745,4421.60490080219,0.0,5.295116475332914,0
121.41061088673898,3910.2134963716644,22.366722347835584,1.371822225339843,0
127.39597119721564,3651.076337947967,49.973571989214534,3.090492326998223,1
95.3674267129405,3010.590078078792,38.01638247428517,4.465014716131693,0
54.916731218070304,5607.2572268157755,6.914915139980791,3.469999808732871,0
91.00327117010627,4118.630616046259,72.27114891396711,0.0,0
77.10586894361407,2286.339834764902,49.92773144986143,8.679229835041806,0
66.76914237986036,1528.609928422258,53.329211277086145,3.374415375402042,0
162.08010440544672,3904.877022448092,56.686547583630784,0.250758654435129,0
118.12909539602772,3160.1814585335455,13.40599609018954,3.6265599639140755,0
121.49862697366791,1460.8066161829895,48.20032333664767,3.803132218573884,0
101.01449572434994,3734.2882886624852,69.55985843122731,4.905408137339284,0
104.74889614177368,2897.863117088406,73.70029323994797,4.851663401670214,0
139.13490327499372,3845.054639342031,63.25598706863394,2.556762198790547,0
108.54847591419565,3689.703193829864,55.18563416881288,0.0,0
125.23742753294005,2459.3574088204427,4.020876188379775,3.8999862847485227,0
103.88645434068883,3961.5662617033863,45.1054448746436,0.018936133703061235,0
100.00990020492088,2597.7814659562428,22.262667924399327,5.418712721686092,0
67.5155820297734,2637.1280495012193,75.1143164220186,1.5370017737197896,0
50.96032300899943,2556.074311898635,74.0676658894302,4.261502947629067,0
101.78920980715422,4538.586671881036,21.99756140620884,1.7765023037541599,0
111.46699436362572,2875.1166044362412,43.66665764493652,2.0864601077011806,0
71.49681609679226,4856.498592544229,49.260238262563604,1.4058119918410295,0
108.73303190974738,5350.661608756315,67.40782620435598,4.389030421462756,0
111.40081721880813,2306.1125075722157,1.667409664488352,1.731979735158758,0
44.25663469169021,500.40565564145726,0.0,4.475430963101287,0
82.83569849167989,4451.721800968776,47.74005102836458,1.7701251929330446,0
122.15256040031828,2807.8726237552114,0.1301205384291918,2.573398495880551,0
121.22186901878456,2149.933445513567,48.87869022072877,3.0403179444695767,0
76.13304200415138,2478.3561275180577,58.03682464973488,3.3012526227325245,0
114.4843465460335,2721.430643233552,75.83129915942705,1.2090720895093774,0
140.4937845343157,4773.017271900012,29.17472552765892,4.437651088944097,0
132.91528581659222,3401.218673922496,47.52754502625649,2.4634409485812183,0
107.54150830507167,4771.886957693509,62.92750605486343,4.084289860559455,0
96.57351632665397,3834.86817353334,17.155692734149326,2.960097075472843,0
91.63355730885844,2853.5130230400946,66.73825876837833,4.21655704419657,0
124.52974429336096,2716.6531501226596,52.49374493343955,2.194895106839074,0
115.66107597641258,3890.5219361083214,27.120919615122546,1.4071732039284113,0
129.56897148418315,4186.704671188916,48.97735917769232,3.786309925881521,0
113.9217579714608,4384.953952974087,42.67201699612325,2.034135183100494,0
133.98294515227047,2871.377486109311,62.81583383877322,5.937124878082572,0
112.62940657134487,3415.5854636266963,36.022528435688294,3.0608867335422234,0
133.63038112346624,3917.1368560443034,50.891410435991354,0.24227255691207517,0
135.8420699026211,2766.7864504621334,33.83369002187478,1.8467483946024694,0
85.95875897976646,1851.5822819442146,25.471217201667244,0.98693238290542,0
56.01463595047464,2243.978623853345,49.782878632595406,5.240706251976808,0
156.46424534448252,2906.682652788163,21.604460308057433,4.62635257867094,0
117.96205314992957,3998.9304960183777,65.36668719401857,2.816898239484953,0
58.52798062410422,4680.902150855301,61.48939896187802,3.56758876702842,0
88.30908672966538,1584.0050149288584,23.389054852307986,2.8684416288381684,0
132.6119312577394,2491.834332984852,47.16284195843309,4.715829131365493,0
101.56479828438694,2808.8844004071193,24.08105304710965,4.076843552084852,0
94.38510786599751,4152.9060176408875,6.04351825611117,4.367603212611056,0
151.95263278181721,2590.1254424014937,31.33095663066622,2.541505427688398,0
77.77176442685428,2674.8124717225155,44.36344171577093,1.7746615198477729,0
85.49262584336888,1539.540657408143,59.666133400611606,4.313387618424849,0
116.50399190450042,3809.089657946282,48.427621623594646,6.228911424369388,1
121.04580741217838,3028.9388222640905,67.29357248737209,5.257008938526668,0
124.82398598726783,2416.304556545727,21.077647394534914,6.1069981458744165,0
136.9676816862366,2884.1552875616712,38.166929522486726,3.3536743676448,0
115.6422688253877,4544.980435037289,86.71671788203274,1.0564691452727462,0
124.73412294367843,1974.6454446855375,0.0,1.2662838086113715,0
102.21142410543354,2199.352857988482,34.304250071402464,5.723828461017435,0
112.11851155871598,4697.732627129671,20.334305789875707,0.015604953962838612,0
112.75919790414754,3298.5535943319333,39.560270477480834,6.062962341948265,1
116.14621727900115,4007.096721450158,33.42810976953403,1.4611204055110592,0
133.64929220457066,3660.624973867895,59.38894437833485,6.90472381376949,1
126.61014711749786,3178.8255978118955,52.62290705027673,3.0157851428340097,0
111.44635575576162,2783.9218412365753,11.231121282404308,4.426659306801449,0
85.50115184744747,4215.144038963245,31.260995031247248,7.860271337344852,0
112.18209788144057,4571.4923528859335,42.79334548124595,2.3547820818014995,0
108.20449993122233,4485.721713272142,63.11045353475735,2.2906426884449087,0
116.26056084360516,1769.5527440638107,99.91261578026946,1.6096343126194281,0
176.01788492883227,4770.758124052437,65.28181421999275,1.0451415792760135,0
93.8004318404089,2768.4285995558416,21.155447888709425,2.3215872718870783,0
122.27500142150409,2321.286995915103,42.1660797006714,1.7920035029640444,0
141.99456479306903,3017.49237532178,48.72211584528369,0.54198711817869,0
112.85584183544425,4182.78151484242,30.988689934843222,2.591374028587785,0
180.15647740498693,3907.5253160705583,55.116660751737555,3.8740484238192114,1
98.22293901935353,2891.803565938114,2.4235934243603285,1.1469523691042103,0
120.04846847634764,4231.024465626193,57.66590935828193,2.7003402315363783,0
85.79029023992298,3362.1087210741684,35.68128251049756,5.874548026624826,0
99.2702744614432,2524.894480892902,42.44892357034061,0.1151682761195473,0
117.4094926236155,2369.3978142675346,81.47626695696218,6.874099784611708,1
135.66513260540745,3662.214357620074,13.646390140510935,1.7606725390274414,0
119.58643972226128,3135.938379999386,53.61497773017886,3.447439607074692,0
147.58306253081304,1533.7739075308311,63.51839515358497,5.560237981892526,1
107.0705025464871,4209.617984086213,50.062288818221596,6.1652082013655125,1
100.48766239942032,2611.596578305634,4.541798923667085,3.916614289225694,0
191.52214861633135,5099.1554608689285,79.40494320279407,1.6141250697216505,1
121.94633569040221,1505.9977154572082,39.393318819287366,1.4097738814397052,0
88.45944368396795,2959.2203427414975,31.258530449211626,1.8371301658020278,0
90.12544267905734,2375.224754741721,37.987867985549585,6.774738514569993,0
81.88540581995356,2031.8049758741367,33.32913415915846,2.150323648291434,0
138.17224420721715,2613.1341318865284,17.29089712884358,3.64360967260104,0
99.019166622253,5345.021767394092,49.26192973695983,1.046657352868318,0
113.94272288393833,3407.328522772003,29.275778120054113,0.6224911009008447,0
106.8818986857468,2218.7990492438016,62.352891517444206,3.128795682541429,0
132.31108622411273,1038.0711431815712,56.85824184668557,2.404886178450249,0
84.0912923648837,1133.9365995803566,85.71826365324077,2.5348703113920497,0
77.41276848219147,2529.181280724645,39.82753126904749,0.01622461151230171,0
116.13992699113757,2447.854138617243,26.787229568205497,2.8991201148239396,0
127.70543420924591,2928.7616549547524,8.718264473197562,6.195259852818605,0
119.86386983426361,517.2108166951376,98.12060465500892,1.3480989020856224,0
86.05574047434213,3092.907816953268,62.471798157326965,4.806774605276712,0
130.8156258814296,4440.436044430344,28.781520325423585,0.005413165090795518,0
88.47644187568999,5138.695692517448,84.8816196661403,1.372589515131371,0
94.44089506994187,906.1313726802321,77.11771811042635,0.00997307515406591,0
81.61237458298243,2253.1352240572464,14.214743661229223,5.5020282311797635,0
149.31182714699682,2164.4008181888767,25.702453995085083,4.767019255882831,0
128.6583424694844,3382.9477421451656,41.2376885187523,0.9311476959110084,0
127.71365995099366,1766.0170607836253,18.147571889584427,3.581832903821964,0
147.25311479749809,5215.504143408268,41.638761762259705,5.496816687277704,1
194.38646342791066,3266.20161630847,60.14120021312738,5.723961813588344,1
57.873257859901244,3051.5881196558935,9.016633003538619,2.2058263232800037,0
88.22677978848026,5104.006970149372,51.3415678408098,0.0,0
91.5960297683423,3149.4530121917032,73.44554044822482,1.2534858979975592,0
84.81927902900193,3679.612029162034,53.845894682243994,4.5645373220280865,0
77.07180554034029,2295.7153728370145,40.8621474429018,7.232170958307592,0
100.73397270927644,1537.9840202317725,27.469693202915945,2.9255498224491934,0
73.21368924867315,2426.8982584469622,67.47288969617233,1.7477178354008802,0
120.01890277523786,5790.996780306339,14.592111154347322,7.790650498663007,1
111.58657495382913,3995.304926171336,50.826540059577944,3.9032662882076137,0
124.74783454503255,3530.156202851954,47.76577251022258,0.4751146123788967,0
125.23950373570388,1999.6757329800064,72.06890891517725,2.698153760657187,0
127.80345239795234,4281.45762696588,34.98566469484418,4.931698290741694,0
99.67508548633432,1571.0027538419797,33.93793976136253,2.8559360098960838,0
173.493772356089,1328.4769028828846,14.115892740635354,4.674894433346796,0
116.63727166235459,2524.6354983739393,55.52791223294785,0.01905321883415165,0
53.34593932162517,5585.8242683058415,36.41313316195993,0.18950885536948808,0
79.93616390727162,5518.867184366872,22.360211666887682,1.4352115375683758,0
58.076306952648906,2666.1596497712535,25.150961277976013,2.403074245104694,0
110.04401186785505,2383.675148812668,60.81091297077218,3.6410494285405552,0
106.5499961621905,1239.2518284024345,16.836732239864848,4.355223281888497,0
95.93345643173431,3267.0219170927626,18.899967937944055,7.942310543366595,0
169.5906523830971,3414.3895418766797,66.4063854854247,1.5226831486086887,1
126.75027436113032,4150.934489267522,37.90144141791369,2.384925121078553,0
131.69397992273417,4268.659589978169,70.4222479437433,1.5732913715825414,0
81.64955618170923,2951.4147388380484,35.93551739433551,5.264627582911144,0
80.38276051220495,3878.669136146883,46.604484565610434,5.37263560795355,0
111.47514607584124,2325.89612382269,48.64666191699023,2.161193927784457,0
114.74088361556507,3826.6297402636424,79.06687493047875,7.1855534923570055,1
54.41738159819213,2581.9826718458694,76.60486321633445,1.5596423269315816,0
104.68130956992326,3770.9043383563735,74.82596011737658,5.088621963056115,1
110.37283197205568,3688.48728028104,28.093692948155336,5.815020207091786,0
103.29373752695243,3290.17466600571,20.876754257798748,0.26370129743495196,0
85.54063104322938,4090.196243086438,64.05718124987833,4.087528924066166,0
94.17540133704223,1293.1646210181316,77.83606919714767,0.030222395064452397,0
104.86366037344835,1992.0129087540313,73.42760040404919,4.650129551854034,0
111.92885286321632,2879.0482365212324,45.315097010472215,0.8435648539553078,0
127.24261605566062,1415.9719791696843,62.73426310582972,4.167947944364181,0
141.6571548474011,2759.2554294823685,66.44290530999412,4.571443006123713,1
100.65671487039961,2723.6798676817057,49.052517594431386,5.206913369876534,0
95.99793148891575,4783.06958193981,49.505857599599885,4.695344373577642,0
122.91891899022573,3348.0740896087386,46.955333282780245,3.212308552278597,0
128.27377593259817,4479.343532823029,24.95613081931501,2.218036024105292,0
96.98646465040866,3533.6621284737835,26.888288821242174,2.8529522646728234,0
133.68055757206346,2545.4938580238145,26.265353051409864,0.8288176366328466,0
139.85745209581216,3381.479895249643,5.8979209684932234,2.570591182973704,0
148.1293213782995,4064.2374946631,50.90999433730262,2.368044672248762,0
163.4335825837264,4641.82698955273,43.32393532912264,1.5310617635766257,0
84.13163974679985,3057.81393541248,64.64407409883633,0.0,0
109.89492625459461,1226.5424306815487,75.50358813928239,0.5476717007550617,0
110.5135138202511,1116.3782612752982,78.25565469467841,0.023800336083329012,0
107.24902865903634,2792.559777751105,78.537261299253,2.4358053025710964,0
90.4826989717483,500.0,24.819756689976472,3.7748409889071888,0
64.43292230404248,5365.8471953579465,7.866232994257821,0.0,0
113.18551380093636,3932.5339277176704,68.0821612114415,3.505623466790612,0
86.9906747589425,2441.302262552583,77.84521137816098,2.8643276669404623,0
112.76143131384929,1882.4432809488458,80.5392320056683,0.7216990382986295,0
84.8437108083068,4401.867225290011,55.044898500523765,2.203539325881354,0
76.78739317484661,1869.5540736392811,0.0,5.1401637182340485,0
116.42652423678884,1976.8022661404436,52.91120004023477,1.0507908829686263,0
115.01736877509086,2290.804498940098,58.03132841883423,3.1230421702984397,0
126.95799164161343,3351.9454386048847,76.69671696734927,3.7755868795454868,0
176.19170652941486,3923.9780412987157,79.46839955020168,1.3374283371528026,1
118.68113976313346,4629.000025690908,67.57987751695428,5.001497906623903,0
124.68853989485659,4480.689540940842,33.50499680326395,3.8167848599966274,0
78.15415577081862,3206.979126844786,18.728495399022357,2.4326846885599296,0
71.02223306824719,4422.5949812085855,57.99172116839414,7.717294893918943,1
157.19389384258977,2370.442720093079,25.77068900518504,4.998181789260824,0
82.66894477029116,1025.856607063258,80.6734195370843,0.0,0
78.32407467010466,2366.794781622689,1.5123885715181813,2.1631348010665383,0
108.26967336914846,2228.931989712099,59.05688800762389,7.93416361046091,1
107.17148153594187,2431.775543107382,53.291132819119646,1.096672645053125,0
82.5471438401255,2056.6686527801367,38.404308441322634,3.1309026220399043,0
101.64615420309784,2634.726174179262,22.737218947406593,5.4107309733152915,0
147.21014352256887,3937.4308679891374,2.3199792307130425,4.272481371149783,0
85.56960602443834,5240.0858166621965,28.830453808906753,4.612530911660609,0
67.79945327970346,1124.6313008855413,32.78730271751878,4.542759988389261,0
138.4354657967673,1658.9946569991966,72.66298485001597,3.103378646682529,0
125.27501776200008,2243.352282739403,24.95438479366948,1.4374637998274564,0
91.51636382290265,4112.629615898545,56.789409742902485,3.9512250262480824,0
62.11958852307548,2957.390611634385,14.768906124096457,2.168981456945378,0
87.125318819394,2351.121961183387,57.38567108211842,1.9866772886115627,0
108.24876401206417,4074.9922152689037,1.4387682711707397,5.951171279339514,0
145.12634225773394,4321.824373994493,97.34152031647216,2.308534456889015,1
78.71180612539722,3192.847815189684,42.047618251497745,6.450468734901112,0
107.90308513150342,2247.857048327131,0.0,3.5700134155841887,0
130.51086912650905,3538.413822056113,27.15684314934602,2.681069790783506,0
38.69493978831984,2871.8298185451467,22.692064123098497,0.01282724405658741,0
141.20297930849898,2916.095099795115,28.760225564906946,7.235028306857642,1
73.9443406395439,2612.7696619127564,33.41715703398611,2.952662717662029,0
119.80070795662898,4301.027651981281,26.727333498136385,0.007558318332209266,0
116.98390113447627,3557.9029335782398,26.382176727130286,4.974700224849227,0
142.65375489624066,4399.194721394096,18.0911115499931,2.8817170208836975,0
126.08999574595185,4806.522956517833,62.90280578327493,1.1761804182881728,0
38.732774924717404,3765.2677526656576,74.14948230412274,4.872332476860672,0
86.43419539954917,2595.641688879355,37.47823130100042,0.07349557468272709,0
114.33999682521254,4451.479963795365,44.980018168740116,1.5326117713340222,0
103.7213318107674,3737.997348380488,16.674349792516555,2.385600921835522,0
124.48070448532366,6312.493632213406,47.820360762420385,4.61741002489438,0
133.27220926592165,3583.573284076093,48.67311437173263,7.436351186875121,1
127.91427202804884,3994.92524683242,40.02492496260271,2.5473805846431903,0
103.54296154087798,3566.606330390345,54.39921172097026,3.966607701337141,0
55.07773196927846,3078.819073723339,51.59413061040464,8.540579599347984,0
95.9633593558327,2900.545492919482,19.26257644104334,3.08083872902459,0
121.78887733534523,3570.0277061424167,74.42927812524711,3.973161161357825,0
76.92189022300674,3900.005145997303,39.64892538208846,0.5392271493128554,0
128.74593522841323,4613.274264300304,88.9045161307369,6.95955176677119,1
138.0476183448772,3546.565180146274,55.60634817315734,1.5382684812395453,0
113.9553323497258,2687.7342971025514,97.21746123539532,3.4641422227213776,0
20.0,2753.533372471049,70.90536004627084,3.466684363002936,0
71.64349183110949,1603.625201085259,50.68565053322357,3.1626323547176245,0
167.22838740095204,5196.972064491766,25.232596280073732,2.1419658476367083,0
93.5038495986107,2544.119966874956,26.10786812045603,3.446513787106411,0
50.408649888501024,4366.535156800247,57.31662948786766,6.486359432234552,0
146.9378248764764,3528.524978476495,49.98387015023087,7.605886872905356,1
110.67842638280308,3590.195026300053,29.6900001931641,2.595583117905624,0
142.8898406586022,3049.455081704965,64.08764389265495,2.101707973275545,0
118.64891464050082,2252.2872056148594,46.9895858942604,1.3556428692364002,0
124.22510829710824,2073.230010229562,64.22642858849805,8.292235808575862,1
121.14539594774202,5293.562521642441,23.108023752674136,3.246327988768013,0
130.81031724893137,3333.4023244028454,68.06344328832516,5.191880445117791,1
177.7406125141149,4559.746327017613,57.069030986905915,4.37576058476379,1
139.0104103636912,4899.353077242825,77.7866112753559,7.430777227598433,1
62.3325709427753,2679.3085785501407,68.91307900487882,2.398025959818029,0
123.08839223955667,3686.45044813745,43.53545343119729,0.8483738919198681,0
144.10425278551688,3242.5078906129156,40.735708508069266,6.877089048724202,1
146.29169420640943,1815.6438369549214,89.59801660066096,4.769598381148143,1
96.95087591466829,2996.767686149069,36.47226699339779,3.887329604048461,0
144.35007507242526,3889.7026188281257,64.37978866987159,6.035729596540234,1
137.41650138431203,2582.367175804006,37.49100153961308,3.982638550225304,0
187.87613828080498,2783.967060019065,0.0,6.2463864448658795,0
87.71949610176064,2973.1547495845984,12.913486358742382,3.4811990938404684,0
94.41690635865758,5720.684994334406,54.271064578016876,4.841511193263559,0
101.31560171245451,955.8308990217434,61.16904292185789,4.115597257463002,0
95.2040162445961,3790.7735110937147,56.164014181127534,2.4090518656021715,0
84.21121033601005,2875.009730327022,72.69102181146413,2.652819170299951,0
27.20482088345374,2427.9220947698846,54.921437701730156,2.1509503904737537,0
97.2262075803505,2900.4612700676657,27.836654711328514,3.58240620173126,0
121.43491537621499,3969.0309894251336,57.20776281639547,2.0774359558318025,0
95.79439101506685,4089.678733484859,49.67549989325641,3.9589253999379617,0
167.92439759164347,3456.5538324223594,30.41590141950728,3.7626114524411687,0
110.95982107510298,4530.597407907351,56.62033157031024,3.3570038248164193,0
148.4504829769872,4729.4480518264945,45.64240717380414,3.45408158414676,0
117.65542165082302,4205.979605948961,29.329110663635987,1.9061758771671202,0
134.80356836139583,2557.257975040529,40.58810614297523,2.354341079918989,0
118.76817218129639,3815.5138915876855,80.02387345857323,0.0,1
150.9679151274444,3801.373487323901,80.54567458394978,2.708943400558282,0
112.36028854105923,2199.9936964819312,48.05902292108656,1.0799542374264013,0
125.43058018076665,1339.9750496727147,44.30473561397127,3.175478014352719,0
121.01583869570729,824.8925437640389,6.190703641258034,1.6300726890322792,0
101.01357889811126,3276.9917046570818,88.21199802611052,0.0,0
122.5004474387332,3558.0516148183387,72.03467661116714,7.5189455482170535,1
176.16174826887524,1784.1399912895463,62.039972533702,2.4747037411297956,1
102.19651768286595,4425.819468065359,0.0,5.888287743867994,0
122.27047211402693,3365.73458868168,48.83283626725494,1.8989643358551678,0
148.20250550082602,4825.390438287253,43.716071060696336,6.480142953778531,0
143.64567446588495,3642.722303104134,64.1006320784067,0.7574206386047652,0
110.13512221270021,1920.7343369264531,34.22381072817608,3.364550179200062,0
38.67525765147378,3750.4303090366193,40.25809006762013,0.8749243339328632,0
125.74064484769032,4001.7757433655415,60.06943192384575,8.178727849426895,0
43.14956038214787,2527.5855751098497,23.564399844264727,2.5343071475358654,0
153.96715001935834,1478.1985035342711,28.540228927701595,4.659751904887281,1
115.48105450457109,3326.9703442420014,49.80477765604897,3.929499450838965,0
140.402718249616,1981.3948844292645,79.88751044003678,2.9598907498151057,0
82.75929548709445,4553.39471924141,64.94877867007465,4.04093561130188,0
63.157147256567995,2698.931226137788,72.81351378645445,5.633238545615703,0
117.25239219017284,5282.561780162021,46.46543984197103,4.311460087272066,0
109.10145464724438,650.1366009512209,82.85656499531127,3.4144817169271384,0
95.62505161432146,3369.6839880688426,2.6562702074639892,4.037991727542753,0
112.5605424684778,4918.8204059733525,97.59627806893842,6.79810208704582,1
192.6300014976585,2130.473553068187,99.22801820393414,2.1762560282157057,1
135.71460795023117,3015.541314380864,59.30906668101373,0.0,0
140.6586384938985,2733.242346316106,65.45035493020806,0.7902223172882712,0
135.65129057785,2381.909970268201,46.08555349754543,0.9732520160436272,0
154.48668474389314,3495.5852798927313,40.67375763909594,1.2686141230461887,0
104.4874715189787,1638.4225012740828,26.954106188313954,1.3312592098712255,0
48.08526817576823,3030.4262969415377,45.920451625288386,3.029623030907989,0
104.23903348831303,3819.874959933945,57.52272376588321,3.4602869905919276,0
134.51734021584656,2916.5734310742673,55.126722324657095,3.398819363331076,0
80.86567213618977,1988.4810372806623,96.0097205968463,1.5259718712260952,0
103.98249490137032,4418.87965591259,46.3831993216651,4.965676240456943,0
89.88500046804205,4061.948576293132,7.693388105884032,4.083207383826,0
155.36007901594053,1937.4963498422246,87.08581567079162,6.149460932732945,1
132.5138371695341,1656.8106606148813,13.266679913000674,4.701042644007608,0
129.53963625016573,2064.354934505135,30.64623608866763,2.3090120377982855,0
129.2734952110727,3856.5191197108666,51.26984927876394,5.658112756501942,0
108.60290849492651,3554.8890202265757,56.845940534000015,3.553154478093133,0
115.51270692426154,4209.269789245988,11.252477706065747,4.614058914865914,0
74.74003081015333,2818.748947137271,24.649928402385722,4.532880846296273,0
44.5850760855202,2108.461249587676,8.116581086098705,2.6719337317305905,0
114.09604595633567,4308.206719401563,59.71381175313395,3.222927487021318,0
120.13547309852795,2548.8587534962003,74.64653705062054,2.7379958438720666,1
146.41798316923115,3391.4130787166396,17.150086516985173,1.2961618858057742,0
156.7408168212081,1286.0079184732056,70.46973824238934,0.032767979074884455,0
157.29612955083442,2473.919608499223,67.45543564859143,1.5720624506652645,0
80.23627730695368,4398.808224810724,26.44762276564053,3.3752238278564324,0
99.36478211603838,2367.8373410343324,1.4986393713181863,5.210455417822732,0
124.55372432278008,4182.507178151558,17.511221919109495,4.585958113809053,0
186.2504762540109,500.0,28.936013934277973,2.3957564095743162,0
154.76567670367155,2540.0888225971376,83.95599106308697,1.6830629112932676,0
143.6429181476453,3001.46236259045,42.868501746800675,2.6753696787514376,1
98.29175387177865,5263.896921377329,19.24721460906107,1.0615451919395398,0
83.59562439570081,1806.4778393431297,47.28109950025773,0.024095093927877165,0
134.17635173052614,4021.8465953968343,14.652837546440255,0.03173016275658221,0
77.25197293301615,4510.316256614692,58.92530723868885,5.748886568170566,0
102.66930897592809,2332.6091885640813,22.08087961386461,6.728853484556994,0
106.62226109268333,2785.675381866234,23.664554700003745,4.453762486920233,0
158.46626390110964,3361.9041676152037,53.155505401329386,2.8730004378521246,1
99.69971689909741,1468.7292551882308,88.00087303720623,0.2615636322111594,0
36.86072475873922,2642.0001789058333,97.61453207500705,2.7932202236961645,0
125.55615135095957,4744.153148335026,18.49821638189235,4.229493141326764,0
88.78276390268977,3832.932695888156,29.086971741901674,4.61813573597123,0
111.43156231383715,3041.69562825884,57.783450182436205,4.365600691183307,0
108.15024867439533,3362.796272719758,74.27354554568109,5.3507549191263175,0
102.06141974123395,3876.251020945022,0.1360600573936205,6.926891227245211,0
134.3483401444138,4120.175190087007,46.32196395360212,2.19562546423643,0
63.96649618189927,2574.8266056723983,31.017630572151013,8.565550279001629,0
94.30951871589072,5043.6818139306915,0.0,0.0,0
130.9640870866527,4795.878656169986,11.893049217439794,1.4786134091317358,0
90.86867327654828,3991.2930297487214,31.003034107728816,3.4058700985319326,0
61.77207608236894,2183.4820546902824,44.4118906308467,4.068923332556787,0
130.51235054064603,1961.5261324825578,72.33969474647628,2.694485550480318,0
143.92500477468536,2826.61985200316,55.15212736253265,2.0305115455634812,0
107.85899989984497,3287.652073916233,67.16777050600709,7.3750856800524405,1
50.66160197580077,1102.2721295556235,46.098224019431754,1.914611811419259,0
131.15424604790854,3771.8944242232874,27.194708584413945,0.8576176001707653,0
60.38994628511085,4755.973379427987,40.79537765768062,6.396341907988777,0
119.50565203523195,3892.20367880611,62.65799132184129,4.843095806439897,1
83.39753444773528,2339.806253740033,71.80750488237265,5.247902684351881,0
75.49209599542029,2255.9639111678725,43.518779255690966,3.3847604306643464,0
96.87475804123562,3585.640189834732,22.248772879256194,0.26560791853339843,0
104.44855576117727,3047.414886935896,54.19942906201964,3.200364767860177,0
90.91504009826149,3730.893032462564,59.09723932372416,0.03360782267927783,0
127.44101309367436,3938.6910653715786,74.99322401496588,3.477279789480271,0
96.85472838885373,4521.2074759452435,26.60039743254996,4.204100711486588,0
139.06123893023454,1826.2972992808134,29.307927589311824,5.135579777378801,1
118.59497856474982,3447.9667259367197,62.065656412632485,2.793144694822839,1
89.28514216939686,2762.842523673386,33.5885783753235,4.4980237742226326,0
83.88045046073209,3076.884807134583,36.0574768474485,1.1555051346306073,0
60.853980080657166,4239.064252921485,73.8231738156147,4.963320448298784,0
119.31707931069054,4359.445306229088,11.154278396928548,4.454364084888562,0
98.9919942042316,4882.349295596662,94.236690547227,1.451741535947283,1
39.18167914532407,3689.3721431647614,30.315785368739057,4.05949609448909,0
94.33459737519001,3098.4706066034396,69.44861170102986,5.258668649126814,0
82.91709612052291,2860.101806332072,40.780902548707274,3.2101020282303865,0
157.62036064752587,1116.6792612404706,48.64501701746136,1.3893770584936107,0
58.7981709536994,4803.62818371271,38.93490419976917,3.33426774548505,0
67.3024811862297,2810.9908868537477,65.45863311367758,4.095632104588504,0
142.2044195130621,3790.2208061120195,36.02387014805019,1.3721193011684782,0
151.27795566556978,3984.5787880264957,31.247068772914492,1.0907082046127496,0
87.25508873484567,1710.407008930726,91.14440694102449,4.11475403427145,1
91.0359879799413,2087.902237879518,46.559150922533156,4.682489736779803,0
128.17441986689582,5064.089804404582,28.05881006671978,7.310913447410912,0
40.798604081432586,3515.500506842486,8.353590428739306,4.371012977947042,0
54.108376579360424,2537.631527482621,91.3180302433085,0.6096047174403607,0
101.3831582575743,3046.8029605828406,30.706538158798594,7.1594941865218145,0
156.94807145601993,4442.666712262401,96.47557774138693,5.058167563812508,1
97.19285486304129,4324.9755797167845,55.86588258498944,0.004607889843641653,0
112.86654610138737,1431.2615996069965,47.62946038936279,0.9808455104077107,0
143.6035243139216,5138.435674042765,49.52223176537106,2.094186435933367,0
172.7495021619334,4384.040495395583,99.31147270310701,4.780576274063774,1
93.21002767380112,3035.594292191823,0.0,0.0,0
109.66757188371517,1776.735373661178,51.977121805655074,2.727102159164143,0
164.76936428840241,4466.340279023858,38.95668541656338,4.559547866383712,0
64.4968919712145,3781.7970498494838,40.27052212643955,0.0,0
140.0205382382115,1419.0416042688787,47.281960001686215,4.5763487364288205,1
79.37018962911066,2925.333682821237,37.93009744243237,4.73926310662305,0
112.98081252282323,6976.151848947873,50.60111947077906,1.3717503781278082,0
103.09255450501166,3240.601272801973,44.95831516235115,0.6842352114626609,0
80.71236372433458,2288.588193005249,16.046906022592072,1.3035052019003388,0
80.92145964075519,1993.5112056598925,54.829843645165354,0.0,0
119.01776913698092,5304.044134202503,61.90254094171999,2.3001426560547675,0
139.21236366281107,4220.441040190387,30.747263551029118,3.3910856632835134,0
106.10666132563519,4873.8561541247045,90.41522882006379,0.4774634719376975,1
112.29973665309322,3480.399839836589,77.4304520553177,4.994401093215583,0
127.44922340834889,4711.962249380227,66.24958784240211,3.2123540380833817,0
80.03418737993618,2167.484916414908,65.10435308080335,3.5759523834257827,0
132.33504683629823,3379.206315769238,47.804121004068485,2.1972741489865664,0
134.5125030040943,3551.5327388694905,74.82151293229836,4.549394102509791,0
187.98668953299173,4829.270050159844,85.59610155736492,5.630738092253654,1
99.5276215300413,3576.159771934707,64.82217267732688,2.1769633943750937,0
96.21377606572615,2418.6592265384274,32.070728866249084,4.532983019214924,0
133.27994226756573,3249.7995627192363,45.53469031607936,4.560681418209309,0
134.55186737249304,1211.7141143028236,61.69377759001466,3.8988384919928487,0
93.99649100791927,500.0,65.08829476284944,6.35143084301712,0
98.1210549034594,4183.255193143999,43.11741595350776,1.5709065539786435,0
126.5573358258026,2767.318875049611,29.673749701620622,2.0892534132144984,0
84.88921153325053,2918.619863546874,88.55892573483958,1.408976043103286,0
97.76105054851715,4202.132617498245,17.897199594960707,4.416338467029753,0
112.7751849513794,4896.814407742895,23.41371111773653,2.4888652888356697,0
139.2407837300075,3830.3675308701536,12.034899005284437,1.57782471084202,0
91.51853495467755,5514.787625214182,22.71913996740108,6.33870418512041,0
55.05636941378646,3803.3465418977366,76.17827084151877,6.61480123324584,0
52.315347965872526,3569.1769424184026,78.38474596746258,2.343154908370706,0
73.2448010526234,3507.792696074969,43.51447429706138,0.31638935533698154,0
70.98522812072095,1628.0094636148588,59.95775002879985,6.741194184898236,0
105.5807392490419,4329.397540296401,45.1592919928194,3.9304713907946325,0
74.9041587834756,500.0,14.116301895530139,3.8631337134449817,0
89.20908930726436,2477.0968296376936,100.0,3.293750662803581,0
86.87369205206485,3232.0960736812735,79.41388063422481,1.4055917701144256,0
96.23433374993013,2256.6470981536822,52.42011144025143,2.1088106721304656,0
149.966134978921,2659.072156785702,24.168853948755057,4.2942358295145,0
130.45868546799892,5399.246150384027,38.47479907990256,2.0859817039436757,1
110.26285155693817,4551.7553316126905,27.346345788257622,3.8129791088935754,0
95.46958992093796,2381.3323752495803,47.461630326179275,2.910389478193399,0
96.57228509364205,2633.495763463649,49.658995641217714,0.875368062700419,0
120.50361328054458,1668.930867125166,35.85299887760941,6.259031976446582,0
127.5320797338154,4060.8866347985004,9.98571766882365,4.259193857623331,0
83.38390721683533,2904.5787193469573,98.01158122296543,3.6591195530211804,1
111.10761787915195,822.9160896782756,48.04733746455016,4.125490001512961,0
48.90139095037923,3356.1568184710773,56.27748046305942,0.02578165243173814,0
117.25383781946668,3736.0393735599437,35.12444435168419,2.014140923310214,0
132.75135281150304,4332.759730422792,5.453259382099174,0.0,0
101.50037233889154,3075.6824696184294,42.50178203787637,3.358555092560397,0
164.68424213855198,2766.5762430016307,36.230544682035124,3.6005862665242674,1
83.48396001696447,5609.351383916865,63.63092254623279,3.300820452851824,0
116.81126845898271,3216.939923235312,66.4668950016125,5.321003538056274,0
109.0783740444697,4075.753667974661,64.91939950140188,0.015644734710816836,0
107.19421065698921,2565.3573642606243,69.2981172663442,1.4204742675641382,0
106.35334252431893,4027.9951312562903,91.97970833113017,3.819896586598659,1
112.53504015757939,1419.570421185408,53.972030714533,3.4693243212969684,0
135.06712487880333,2631.5224029282085,70.8338729884182,0.35263107219267514,0
151.0023987461032,1765.9913755445082,58.22825451320318,5.446204125146334,0
110.01705267852357,2485.721013027639,0.7391399807152788,6.014893452219746,0
134.1739667653072,4696.687360996492,41.71782334253405,3.9315446453366123,0
88.31388030915238,2454.2370372213554,24.56972233501459,0.00474332924769508,0
132.54136211357377,4065.377224246355,49.297252030370224,3.355737930674417,0
87.25504653266817,5013.837398602166,24.017423946762793,3.6273000815675114,0
142.9749672956917,3165.309472013103,62.07952889209833,2.4525479775951307,0
176.09734425179835,4395.144698599506,70.15326390921327,5.656699722406561,1
106.1399713536298,3821.755851500509,74.41651644688916,2.7847664961233023,0
44.445590593048216,3355.701089445843,82.85458475340573,7.155406576200075,1
93.66619507476757,4097.106036923667,1.233633523924419,4.538973510554057,0
147.47442883375126,5417.651617730081,13.563830373716593,3.653373396999435,0
126.53693603471316,2436.5695519357696,99.15816456880957,4.872344979701653,1
117.1674247497986,2079.8453369284202,70.6582430522981,6.078989974876864,1
140.73456442978343,1989.3581820087306,48.55126346052899,4.8181833407337455,0
124.3754821069984,4401.451902397867,45.00827339066886,2.922932093649165,0
146.18449941804,4562.625663327619,41.70479165414885,1.6736728189709922,0
137.95712609255838,2597.2795907265804,0.0,0.8068231629558971,0
156.27969902898877,635.9173523604519,29.276985141952622,0.0,0
120.87329839142511,2393.578160482309,43.983887004075264,3.3440046299021375,0
136.79828627952682,3859.4960236421393,27.960321202577138,2.2045487944014024,0
101.41391296063345,3080.580213261805,29.616624488001225,2.3037835404441602,0
92.15068819090811,3418.2602693161843,98.38460988823746,5.096968575911855,1
161.28789485922076,2592.325480849228,38.569982254156024,2.7732736242903027,0
116.33841118984255,4427.195631616087,49.66981306619512,6.781960771108373,0
134.5519306707697,3642.021339043601,52.07218701670836,1.8107930644865173,0
113.25661371647602,3919.511238632441,59.402671742813496,1.0403196255328293,0
91.91850904292961,3400.9407683560853,33.058695866805266,0.37965504786944937,0
111.05780289655833,3846.9768564036417,73.70369459015228,4.434224656723246,1
152.75503055834105,3757.59518187774,56.17471795278397,5.229243746172911,1
127.08387312141659,2080.6874368413714,12.441426211529578,1.8872327832449167,0
59.251374521368554,3645.1294635145127,40.86501807784565,0.9066838126719317,0
103.5840654786114,4102.1392439297115,41.03668606924981,6.10564933780003,0
163.14759287303383,4618.101308326382,38.902238166784,0.033958086788801384,0
103.85191112685693,3695.334438164619,58.1420342789325,5.06190422703516,0
56.55670993846525,2020.8308805125964,61.827471285316136,1.8266394107094013,0
166.93699364355663,2219.0735968587146,56.27275348254806,3.8038398757330256,0
130.20141853089848,2712.9430250303767,53.66051892078575,5.140665775224785,0
108.02242709249471,3428.8369053545207,47.2322265546525,3.881068144848215,0
98.34614964480564,3058.4392369295665,1.8655038940034454,2.358122608076939,0
142.1105340181436,1893.2238627540137,65.66149048562973,5.822965009905203,1
93.59654332501734,1861.008643117633,56.677503691496405,3.6113736097596685,0
144.424609438395,676.0363808166362,19.761412824498624,9.931380442840014,0
125.8191874527666,500.0,52.22446296166026,0.056834404110896075,0
117.39989438027038,3054.6803166572736,59.51455039237281,0.0,0
114.60866334373513,5970.73547275398,72.83956159169097,4.925895806810469,1
104.71411022323394,5369.298320306738,57.09816365333844,2.912541569516318,0
140.53672011175487,2025.1357544450943,49.42753089824706,4.522228003982717,0
84.04178206939403,3388.0753579820725,67.21550813866172,0.7637299399204561,0
62.025944045014896,1460.417022531451,36.80161554526297,3.0860869587394544,0
128.5830892674246,1590.9148497655792,59.433987257296856,3.935793743263348,0
128.90624947189306,1765.5744774350248,28.53380481449935,1.9506342273121713,0
124.25102007777774,2929.036219528473,73.790336131566,3.5131521316427796,0
122.43084711212218,2986.7585118552415,4.502879210042532,0.31930908538771163,0
100.48337688982687,3513.2878335563296,66.05994129093574,3.694834267348391,0
133.88292478932507,3998.9400134283733,43.77623366798852,5.8177551182840626,0
108.16146595150258,2782.74295349937,66.78155806950643,0.574894117418445,0
95.44853431608377,3220.811929703695,27.5660259704223,0.37669394367932413,0
100.41552172654842,1855.6458870999827,45.2048904101719,5.373070504090243,0
170.74863789951237,1588.9934746880535,48.72543882719306,0.40162885768094786,0
57.22177057391243,1411.7342751808537,55.243494050023536,4.7445219317124625,0
124.84290758171032,3972.259685831503,17.559404844829082,3.1335022565488146,0
59.81698031835186,2811.11481822042,60.1253966558349,2.1170060024822637,0
107.08148995497561,952.4104823846709,2.4032623516001315,5.868982955287423,0
96.98780421718097,3122.587391232082,27.252244634148614,4.806476818681933,0
46.53583688864818,1672.6354419802435,5.326857068788693,3.6212276358878563,0
121.95653615684344,5183.632669301928,67.16286742647664,0.04302583336259358,0
99.23365636742338,2523.813565041419,55.71062540632458,4.422300770467593,0
46.66448651022648,4045.7509865998095,59.516217410900225,0.7887387647127578,0
135.02965064130368,4502.993900592229,83.54795885758901,2.6045963297086727,1
153.4226162121661,2071.442701624357,36.055593608903386,3.0194649509303844,0
155.033298994633,3319.5886926167245,62.153851959829744,6.751668749485668,1
121.23881397901242,3845.45241189279,43.81669241008659,2.487289282371099,0
111.80585353535483,3345.0490206052823,43.955348947073944,0.17534958058721306,0
149.18711540187272,3637.1066420164752,76.71799498235903,5.917722447617068,1
160.30824708388826,1625.9004044624573,97.89342493714847,4.398189782997324,1
144.2505752629879,3848.097629144867,37.145290530792415,4.539442737144067,0
81.7655331774281,2622.9141686952207,63.29439697779629,5.992600512539096,0
116.14635667740029,3614.1337732365373,54.384372864251816,6.355316147698376,0
123.14783078729951,4312.499436252723,54.56019706543461,1.216399315917503,0
55.52566152098301,4027.0278033683844,52.1903729971866,0.17787481602179028,0
124.00325082269227,3648.0459254870416,35.22971891858019,4.703833483294125,0
177.7512695572768,3995.2035744389977,0.0,2.3948251827317453,0
128.91061518393784,4006.29480776454,81.9554191219031,2.596312208355479,0
154.17322543286747,4985.141241186704,28.244998858353252,0.642836112606412,0
115.48050008414266,3179.2271360552763,37.04352960553086,4.1907466518444485,0
108.02702437543579,3408.7965339890434,38.844087269366256,3.7250584357698022,0
121.28593248542744,4313.245709354662,26.345146416637846,2.6236883507706197,0
86.17030845896087,2593.170813824466,49.90087821032065,0.21544207130460094,0
81.59197004867201,1519.564247808712,43.305597393387174,5.412032285425945,0
147.79905450515056,3760.016720948996,25.740224126915297,3.5418454678608744,0
151.27912464042262,2946.690615464263,49.08504879929123,5.276882048744063,1
80.78513677415386,1745.1943704118667,43.99352406233767,0.05651079280140266,0
138.7437181413159,3808.9215447065103,67.10103875262706,3.190731833223888,0
107.10090441892328,4929.43270481868,10.553967795921665,1.6221331089949553,0
120.71974032863277,1289.4805137334824,25.137139697327168,3.08662852714485,0
124.07655165595584,4411.403627603159,61.512670276236484,4.90086826284354,0
140.22952190793598,500.0,28.933564309112704,3.7708319682439346,0
112.62617256855695,2701.1219997589747,22.449781474063162,2.9389565151173174,0
152.1980441755719,5442.134699996119,30.434189097288215,3.0222663074219716,0
118.76324510231399,2806.2577444761537,41.70457643039315,0.0,0
128.75474162079658,3328.1475035235785,43.50762808129882,1.153254455037138,0
85.49283730260382,4104.142862685861,41.242409566892746,5.166205609117812,0
175.2975213768008,1130.1716396204583,20.270985217238398,2.009444089625612,0
124.52830253216045,3252.2161514680715,64.6147352694326,5.310055398783886,0
131.71488909054452,3270.4850416595978,76.06036714016739,4.710804928762871,1
62.684427657528694,5435.01737195268,2.5133727984362713,4.711630539461515,0
84.67931103351835,1734.450702800423,6.287913566940562,3.6371117413023955,0
147.19237733504463,2753.4210938297992,70.56774491024493,2.1841389602481804,0
118.22529343362417,2125.7418947997858,83.14247030219408,2.674398754925068,0
53.22097605612254,1955.6234893799433,0.0,4.244066611495844,0
140.87894849334288,4557.750264883116,67.16907615393995,0.035628947728239345,1
94.10340089158335,3231.687995341328,87.07400807408288,5.5159305567712105,1
152.12026461515907,2519.39803328029,22.933079643149455,2.0478561772385864,0
107.5681060843792,2586.793267551956,86.7915052824444,2.854116447982497,0
116.05659322858125,2518.5858047852107,39.08609872341343,2.820292617738844,0
145.39448607850923,2664.663769869651,50.37872942118037,2.988712919075173,0
83.23345244016325,1666.9111991611696,24.10626036507693,0.4141623329593498,0
80.56780308870577,2882.703654422575,71.19242170212705,3.2991427741912727,0
104.05627384764779,2744.1249881727294,64.85590350001965,4.234312115846861,1
135.15654477427708,2297.367520129896,87.88944717552343,0.0,0
70.51513351979023,3359.549603835728,82.64155951388264,0.35363342725753605,0
59.833157035215635,3487.737811127534,45.29311271291078,4.795534185844202,0
135.45407694129204,2508.621017951575,98.22081983722259,4.516315656462439,1
92.19807227537163,3007.327600324159,81.23628990300101,3.652073147669232,0
98.02743338353062,5775.001420029207,58.063507490049346,1.6607966394935991,0
54.54560930446605,5759.090007074661,20.005584195500152,4.38516855460666,0
90.0153702502831,1933.208762708305,5.630762639142843,0.5308606908081949,0
110.03587165027261,2100.2448626276505,7.226533115393221,2.7177799637282183,0
137.98074910396096,1939.948671658655,22.045539839008853,0.3596260033150382,0
85.51945183581842,4455.298434797839,77.23791579219113,2.6808867686400863,0
159.3130579895638,2682.4851161410365,57.075378263058894,0.9475443882092309,0
89.77143836003818,3465.6215573374598,32.078098034549846,4.438872177653514,0
89.10510839101957,5590.681528408221,42.726890191110485,3.828101797927023,0
156.30554554191377,3186.420959528593,38.90447228797064,1.8422720690302243,0
116.65389403741345,4058.6749676957033,63.35254292702606,5.201813485525169,0
93.35495444197808,3821.5952177916374,22.908942786421008,1.113682686385372,0
104.59413340298133,2514.4384514543876,52.50590984427033,2.878330006663279,0
150.3052992078275,4478.230544963778,54.66333083640479,1.7087625429922009,1
154.27391043561173,2152.2376183267625,23.08909050928361,4.432672648854083,0
86.0027846549244,4756.954196629961,83.52103910032413,4.329825558533076,1
107.86734631100515,2474.9517618077143,37.27343968798147,5.5763103860728105,0
112.73232434714903,2629.156757163826,19.027418740712985,3.175320229525384,0
79.8129996110401,1901.2209159965998,66.65348037286087,0.020853456741112282,0
108.33618001266643,2088.791110917752,49.131908750560484,2.2013790305079968,0
110.13719083583521,2690.3046567871115,55.21075289957076,6.068973430522246,0
145.14415622553884,526.4110932152709,14.015832539621133,2.410643180823407,0
145.98448236080836,2920.280354648571,65.06296584902712,0.02889677491760922,0
100.5195177915326,2597.397375592167,97.39366190934024,3.9833817825023776,1
104.00358271657124,4179.930074006547,17.710236445176363,4.120259723478314,0
129.8220442202243,3671.373287838035,56.60133298187025,1.5554832867559008,0
92.44753982738806,2384.9937233307523,27.270527697386346,2.472583937439494,0
127.70019076516007,2598.5173658623708,100.0,1.3430475387666008,1
107.10249546141985,2901.97944525273,75.75176935291088,3.99402839753738,0
80.56789050607759,4971.917197842072,51.88487789792205,3.1208118858903684,0
81.13606682668416,2180.534364684872,13.969423954270956,0.632809576828781,0
152.94463721358392,2333.002774308144,23.86528850299298,2.9679386456781836,0
105.09984380955636,1844.676456501611,63.41177540993611,1.420913278256449,0
159.12181341812683,1436.4007368148555,10.05386824294408,5.915796149628131,0
94.66472767495588,3582.5564931417193,11.54318451630757,4.796004125845895,0
118.8774735510121,3446.97107552813,45.97546277380144,2.7333669779438114,0
181.721464949594,4761.668334321392,43.076444828359804,3.1557841656379955,1
77.99236594109178,4462.598423538766,55.089984802280746,4.975802853801826,0
53.270223159307044,6070.001385997535,30.186233567704203,2.6889773814434488,0
148.91638675402473,3113.7815163582563,70.20811320024103,4.521245221426296,0
85.00565609237492,2874.6858067718563,20.91379881408948,6.06192408254522,0
109.00695183439193,1615.190293692136,59.49522964944482,2.0346128163002386,0
92.22149403389761,4044.458281141825,47.52442641342888,6.309123122218686,0
117.92737287786194,3312.2222618726305,62.70122732420376,5.6865330855351255,1
81.95802682921621,3977.751029938009,74.48157581365928,3.5596087746904663,1
104.87751290723558,1787.1397843280304,36.93987481829539,2.0885809549305567,0
123.49868810818663,3623.319580735014,31.481861454597897,3.556435843308454,0
80.56027636598576,3431.6604513926245,4.673915865015259,2.5949881421580265,0
88.98608697801886,3378.163978408702,0.0,1.384386687260259,0
100.16551089433796,2375.650570407757,40.84821879426578,4.046152609890839,0
67.5885051603568,4624.648299877579,44.349316046888354,0.9137218054841271,0
97.76025675643797,5661.443768191719,18.3832438138202,2.253160543437159,0
113.72846461302841,1855.3708926544289,22.645235731317975,2.364687305075303,0
98.04670264639975,4053.168902086455,83.62730464092598,0.2702265594803228,0
101.9020610746741,500.0,67.57155063682637,4.353063871157889,0
109.74006278876487,3999.7966196225493,11.284153911720663,2.5374925736485694,0
89.98427320200501,944.6609429814089,33.04971496507201,5.6436129831026,0
130.59481794383575,2579.009195100374,56.179709559570334,2.5076086075756314,0
153.76678599748064,1589.005054076408,30.61158410603813,2.1802509817924056,0
96.3493551802631,2911.3170771509813,25.165077759186524,1.1943651979913423,0
124.98164457928368,4244.371624078284,35.88817840969699,3.1179933671411044,0
102.31153865400896,962.5171369398628,72.0120495964999,3.071519517382765,0
120.8271812850621,2748.306004924533,73.36851544902477,4.525414381574114,1
157.13353298699067,2583.4900830522047,26.443906028500695,3.0931445053813205,0
125.28341012378922,5112.641961598937,57.77511112926137,7.1742946384334285,1
56.30985932903174,3730.9204080936033,48.44228372048537,3.816736975058237,0
123.90390225025882,1772.3360237060485,17.993632330490968,1.01293622130322,0
147.43097138308946,2624.1465692989423,39.50014259646917,0.8039068499367031,0
103.28585984225853,5060.625302454306,13.974207873967455,4.097710226880884,0
140.2182926374073,4063.4276074807467,71.69814546249467,0.9854504471605939,1
90.11163704828216,2099.009572349271,83.6534577128758,4.250835999367341,1
66.01013063722539,2861.1597729404175,34.427015307087466,4.873079156625553,0
114.10376300797456,2907.709650779078,28.797572867483733,4.831858303787453,0
56.85859055326719,2549.093973939154,72.97167012718828,1.2231067747396274,0
102.8920632362543,1177.3408910369358,78.36231316076623,4.86345701820309,0
149.53878888817457,2383.3527886784595,19.042612442351228,3.6305977198036556,0
53.23522112610893,4933.174174682771,41.61921262653231,1.7497589883947915,0
71.59756063132538,2737.2156618998547,43.98586087612739,2.6791445997514067,0
79.62489849657733,3042.437079316643,28.818432614199892,3.9105705536691797,0
108.56748400455804,3375.6243475645424,53.011933982418874,1.7529751069687174,0
98.24022607598585,5882.743977667725,29.36312109303882,3.586812572233952,0
152.42465347449414,3220.1018556023228,29.779083705430644,5.888466156968207,0
138.64750445355762,4516.633656555742,40.211788508999255,4.9704724424591475,0
124.55336706659068,2474.6062119641188,8.746753884979828,3.2694989375648476,0
114.43650075938316,2882.9990824023853,0.0,3.4587253136691607,0
121.96570776914226,3168.5511024813773,67.41077356907795,1.8263989666681115,0
83.78235316637623,2288.1810486082713,28.561396357708855,1.976171969137404,0
135.65204108478085,2947.9169246341726,97.02916943385155,0.0,0
76.46768282295338,4288.62757054344,96.9951707852384,3.4741873060867263,0
135.41810240711655,2228.947802653639,28.91367400847065,4.4348757186591055,0
145.47944431697584,3199.0302879439787,100.0,2.8199292565972747,1
115.62002956646214,4075.4838116035303,66.32381426118434,1.1976990283948796,0
104.52100011693848,2237.318041212698,28.608516060616722,3.1729083534645914,0
121.6214617882962,4531.324468252656,0.3236165806121388,5.669095893553046,0
23.682391337013122,3250.077192247577,61.77654916627011,4.860495399977491,0
119.5721463345451,2976.359247174159,45.41411051669265,2.926038495176461,0
106.92142576847104,804.2225413624141,53.62379785998944,7.122260292144595,0
108.11322481434225,2737.7315146017545,41.422467500388386,8.322875556410462,0
130.69224801842705,3647.375037483001,14.555286187831719,1.9932572064944785,0
107.75894129028656,5298.548559662918,32.453942414740816,2.5007609848657535,0
75.27061123896405,3886.6234755140476,62.55414767261041,4.369806546907173,0
105.70316060731874,4530.385252930796,35.05475710113679,1.294906613895379,0
112.02820587708854,1769.5571359572607,37.257873649330314,4.750795536377281,0
113.52179453823788,3037.310971724283,6.199647252357698,3.2494691431615026,0
115.03605426548133,4676.697246267648,47.298234726473396,3.7314618411217,0
140.88770533857405,2130.5564673080225,17.3717396033258,1.7803493627653737,0
77.42822399562007,4396.717093268247,69.46069955343019,1.5036628936675127,0
115.81221987125379,4108.970046134574,25.808463992953257,0.0,0
147.86115802950505,3572.332078962249,35.09231803423102,5.942489367328074,0
58.130278522776266,2838.6558825329716,97.88555804922926,4.908669995397533,0
114.92867259343907,2013.7140837987354,39.00595987008286,4.480421428163814,0
92.96155749453311,5319.821097461782,34.52209130199363,3.7870228311178815,0
99.22680363955554,3935.4914896815617,59.04438259472524,0.03114662082574228,0
83.21405888643346,3614.0245472312336,0.4916806997000712,1.6074547229751959,0
104.55864706469237,2705.0869189101354,75.9015527860711,2.465311259860804,0
165.3055308627604,3244.5396960374887,70.98153697902622,0.862541223475737,0
72.25007171504832,3381.118383839204,58.606216193077145,0.07295380368719204,0
73.95152155611537,3687.119797488545,0.0,0.9798750607527001,0
70.95860393029864,4073.5624939428426,39.87648987837829,3.118809105536669,0
162.04530761650426,2251.349382981823,14.965207660580315,3.1221169644454636,0
95.53437836547681,1443.3777588212645,71.7209834775651,4.840539994382511,0
109.44079344422181,3299.542596208767,69.94841358901326,7.077829882357209,1
97.93986036742055,1074.7763990951375,58.30149234945748,4.3918056288991325,0
82.25250730667659,2795.845755887588,15.839120641786929,2.6647245689619576,0
102.73475993541403,2599.6521906547205,84.90400097592278,6.572519605703683,1
183.77105905353415,3789.145389195947,39.73855178394439,0.03900520844005915,0
151.9365075062155,5540.249087459062,90.78914155757822,0.06753125759459659,1
83.27697992149774,880.4760237692625,48.39496561760888,1.194840894064281,0
129.25816941280888,5928.011209048693,55.86825505750242,4.644758980787284,1
85.13451892537203,2899.065307583068,34.4754843018318,3.409040613026705,0
55.75739914741876,3604.0215690948235,78.84260375436307,0.8099650604502973,0
140.86968613261988,1505.5044952449605,59.977610607788485,1.5422558804419857,0
144.83434778084214,4352.027472547591,82.46551834806853,0.5736067114087866,0
141.43209092542727,3258.210433917152,49.603461407103254,0.5078557169391883,0
96.1884759545645,3145.9347584961297,44.398166648523876,6.140880659389565,0
104.83566512201226,892.9113931819489,61.98193169663847,2.6730473800417114,0
132.51732684058499,3311.684925032657,83.33046651963373,6.463915097912129,1
122.04603471167123,4199.401254827282,70.31552753073163,1.2466386860873624,0
98.22219004597058,2937.179443622197,50.41092818211534,4.023983835954862,0
60.66248666267168,4614.446240613377,0.0,3.4853124221315617,0
113.42062423051458,4542.793962028534,65.64018367900765,4.719134691843267,0
142.42557420460972,2440.0359527673045,9.849025315035156,3.38634779192031,0
74.46023012096073,5122.828282139499,45.74189811029818,5.013677193702224,0
129.06270623888452,3285.210214545773,41.76692441440926,4.182935096698069,0
119.50881384162551,3283.643474195107,7.920878816721011,0.7252640570106882,0
132.1101229745155,3304.988478215784,54.246646757091085,4.454727521501828,0
136.77704579635025,3290.0134397738616,96.48728721026812,2.7431790898164716,1
89.31570210333342,506.59918452594843,37.000229169449305,1.4623061339652321,0
62.05661408319464,2982.4260987224807,64.19046014175493,4.456836282870471,0
94.61450057644957,1557.2031407188292,100.0,4.828351661433566,0
136.40258252261526,5186.693653909319,64.8355556744188,2.0046891169947734,1
93.37201457522336,5090.837712098236,29.40981638114477,2.319549286164966,0
89.14892485246726,4255.627723155221,51.75455046663068,0.1237986321373831,0
55.645760991573084,2885.3038775643067,56.96691215720553,0.04188866763954028,0
162.0393734462624,1982.7716118489313,81.47113601558596,2.5728873317508043,0
134.98195954555118,2426.191431317679,75.80481960157321,4.580234139093941,0
133.2616991339022,5510.143367519963,0.0,1.8280110841389934,0
138.549836792508,2354.7000046125563,22.216810149751538,5.845921310342364,0
126.86386466912525,510.6992060574256,46.4141325980662,2.576130785630496,0
102.87779912424519,4401.632344356556,20.58404404156907,2.597125299750221,0
105.92920542528998,5022.6956790801905,0.0,2.3419772266477072,0
97.08205539271779,5220.6712360443025,27.449941429234563,4.980695494173061,0
189.13189970224687,4476.429571416935,45.96646860847917,1.0616375398667628,1
126.4579977685012,4648.310608344304,34.21168413921501,2.741030905076972,0
96.19459528373326,3254.9441028611427,19.51601945500831,1.8810993319196674,0
123.74984717082992,701.1513698868756,45.10596899373019,1.8990415618209553,0
79.59642538694281,3239.247104276649,52.85337318746199,3.1364684423889,0
156.07964441745136,3948.4916950860747,32.44291331403048,2.7804332311871773,0
90.24282883574001,3030.095585578303,78.39248753344683,5.018159756318989,0
124.37433082236485,3014.679087547459,46.681084317823384,2.9802158389458318,0
142.2571378018023,2038.176328986252,22.568425945500724,4.120489477989547,0
121.9517317454755,2026.6456599873916,16.806876241598633,3.3472653650682838,0
113.07020048838,5407.798487519602,42.50853830587539,5.771700990524006,1
110.22929077004684,5449.957960961564,71.36316054833632,2.3977133374351274,1
107.93305628365601,3207.160888443687,24.905248355151354,2.44207907236341,0
92.34288943265747,3547.9012188888682,58.196593565216936,4.475204717991179,0
96.42410492066723,2020.1088293083176,48.79051870602193,2.4389942609137227,0
154.25327261642443,3982.393689002515,96.47847563031236,3.967484825997661,1
106.47671210892732,5325.351104797328,53.49849274407188,7.628444373869858,0
86.88612687514889,1397.9647068840281,26.456197430072894,1.0284116243300634,0
94.86846692626354,3758.126401836564,64.40007236277597,5.958353520876995,0
143.50679752355987,3831.1832950501407,63.88826970900608,2.019570622663957,0
129.9846518555514,3819.54738081878,37.22573403057653,5.663402492174455,0
126.43168084357113,5218.758434308773,14.097253155143337,4.404353218120907,0
102.33095282170461,5605.604544566226,60.01557340814787,4.114535940108777,0
127.36599165465823,2896.0014439815914,49.95628857406545,2.7382639620012155,0
90.72860686091326,4008.3193190692286,7.688128138387783,2.507719536963862,0
102.33873830336766,3288.7972989648347,50.44466320975454,1.63926389570808,0
139.7340217216455,2457.8772057920282,27.934346415579185,3.001502943391618,0
136.11264431371623,3539.628223513187,6.85696666944188,2.6470603176264595,0
80.82285508460944,3995.106981007787,37.214093317806274,3.411724912304812,0
84.50718610704128,3490.3748473521064,74.85962444820605,0.07831100743302158,0
113.3381285814984,2120.5334166698303,74.7353268852882,3.1055433399871033,0
162.10441460434288,2628.9549796939928,68.89742214576827,5.523548305758087,1
52.19281815729387,2684.349028350165,54.03124141110037,4.826448398727153,0
117.91237051335726,2162.9915883170415,62.69255373607801,3.046232356412485,0
68.87314803352893,3583.137466379541,47.3025949922812,8.178556019068242,0
90.34478922004867,3733.0649521381824,15.737453600427264,1.8328797336626976,0
99.30461669659918,4323.415076395206,22.610216011906804,2.835204616274986,0
96.94873315163589,2164.1462686924724,30.063938464695998,0.0,0
94.60717175459452,2525.9514422712573,81.77918906642218,2.147221711897975,0
110.0414937441544,5060.099019022476,71.23446653862844,6.615389877604864,1
94.4812924471544,3003.786134735143,16.516493445967498,2.3229299384380946,0
66.01567256467784,3239.960594312746,46.28253146127258,0.01054816272648017,0
133.29858406491272,2996.154726245636,34.38983602947738,4.769190123400422,0
132.94636694380998,4543.482590684381,40.55004585329444,3.7599793273537836,0
135.41718695035482,4621.524783443655,30.297554642035635,4.661020901259683,0
63.77331958587149,4540.900069852524,78.21680972395689,2.356968188576517,0
118.83835860709762,3208.978330222896,45.41553924182832,0.9654634431847856,0
130.14218251429048,2143.786924101597,50.79601525874311,2.6285836659959982,0
80.04301489327132,5482.036929287157,49.39469277257627,4.03182894883813,0
109.62988205200591,4231.876855337805,20.529904178938114,2.97971610646548,0
106.01898782427175,2661.813032063926,44.93609688780972,3.7447755167815053,0
165.7707539861331,4912.843034074891,70.988008175767,1.9405127528708481,1
168.1407460057751,2568.2965506614605,82.12302918859068,3.7874775235073046,1
59.73099983680445,4895.469508865548,17.961771878330676,2.838827386286474,0
184.09903071063715,4989.1422925158,6.1667415528130345,1.6756211362091915,0
83.00893108797489,2091.6419102656478,48.28605546619541,3.2828165370330153,0
138.98128147616006,3912.1360781324724,71.7224076719395,2.12129844418956,1
138.90355658515537,4112.882528594828,55.23219119429014,4.178690260402941,1
80.13844821400914,6309.954938083492,64.52324451236429,4.853425668241479,0
124.3709570419853,2310.9322968677047,9.500087700364498,4.0241146802517465,0
107.16977341727026,4932.7892521534395,30.927149579534447,0.0,0
126.60837269350031,3215.264641669105,0.8109297528893512,1.044398074265889,0
116.54718611634456,1723.16222010042,39.533616131103294,1.7208540145762634,0
145.5824305564433,3062.1975425336354,0.648733765173954,1.4362614626426116,0
112.81879131143542,3162.0231465170355,77.4503759100287,1.9095460514548805,0
104.88849847608476,1975.7674995504356,82.63562588172125,4.763279247596121,1
143.14578857773074,3549.426469878002,47.86502728667924,4.368309759559749,0
127.39600645994419,4330.50536173894,6.455867166215017,2.1046403732495356,0
131.29818113010907,3508.791360691024,55.60103269860457,4.2174263504305225,0
90.39873761327462,2550.1949296476096,91.49863698852927,3.6328502289993967,0
79.02953943271999,3006.4438524347484,60.36609004777998,2.902253413184896,0
93.73697253928142,3185.107892307775,73.7958672424027,5.286960474091646,0
90.63976929401642,3443.191052317187,33.61082492916111,1.6368970133321163,0
132.33661869845494,4515.794050977125,22.974001280552603,3.1854294113057757,0
139.55563334854867,3542.0860123354864,41.2857319519309,0.9561267878797365,0
105.06027077086598,1506.8375439778642,2.3856593884762685,1.0484652582100964,0
152.3279969324197,2503.8312238696603,100.0,0.21832686607975718,1
151.14301241938077,3383.9997977531348,47.32856019290354,1.0476055203202714,0
117.12027942579658,4545.793104597339,67.29978004332989,3.2094111888514982,0
84.78952391122873,4742.418278520849,35.050116907223114,2.34869138143468,0
157.26688246214331,5323.440244483377,5.126707209711031,2.401330922933574,0
108.42660089657362,3363.6623839033623,80.67552427234514,2.3503977746495015,0
113.86997180225266,4106.383628383316,18.460506917707523,6.476910456554704,0
99.8730032145699,1437.405557687207,53.94761483138966,0.7823724487598902,0
83.4773702626914,3701.9638205701845,56.9312584524808,0.5577151082913089,0
65.22344673341608,1937.542721744557,46.40391379464861,1.2938122824821474,0
128.97948120158753,3168.4988653071086,23.04067577561531,2.856808830528513,0
86.59598357291765,6836.722263009333,40.92231828129247,3.9959374265491854,0
201.64882393724162,3578.7979296183566,20.35905230088358,4.355713117274674,0
77.06822739989595,2144.602007031658,65.03648621799384,4.868218265902053,0
72.00152823559031,3677.4967792073708,58.475484954372355,2.7535489579295502,0
125.18264444922993,2588.498999251282,44.75543589119458,2.203597501970475,0
156.26575320601572,1999.827281414185,30.279927219319195,6.2042586074015835,1
112.51088878416114,5739.252459458578,98.9132762208066,0.013378364189476114,0
127.72938031653868,4468.908474865987,13.323501212548313,3.201301000302219,0
54.07570374747654,3593.042468257164,5.013343336235479,3.8512919653897013,0
89.32427391174318,2737.563456273031,44.78484238995471,6.790057905480552,0
78.0629852302402,2855.9487425872303,37.41510355938392,0.0,0
53.62028953076014,5044.739689743369,70.71352224400978,2.1123633846021646,0
113.11327532982139,3573.742779668654,62.78303356842887,0.2848404418738575,0
42.77330892035079,509.073635963174,44.811542034357124,0.0,0
69.84725618778636,6109.900071474418,57.646738862664584,2.6064110636272178,0
94.01059554875879,3399.766102591746,55.16826896771659,4.654596517592395,0
84.84262028491827,3616.4704125580624,97.0509533416756,5.424813246461178,1
121.97316888004272,4507.68328764728,51.12694536323091,1.9283720620237697,0
118.7152787021646,3703.906055621235,27.411182417257923,4.321790265182973,0
136.14644932758503,4113.451458136494,49.2292891130688,2.4697400362760273,0
133.83931266475597,2661.4268579720274,0.06145869671847528,4.0554055769314505,0
144.22773643643367,1726.7648841343798,45.68504894439043,5.33537538132784,0
110.75388440533229,3566.655180693838,70.88756792256264,2.5391945196291457,0
119.70361983356263,4913.023600813517,56.308792943836266,5.100931991260846,1
124.6457574564757,2401.677744613852,54.35928015855154,0.5481540208182469,0
114.3447138164639,2337.5829829738723,60.21252588734572,4.292759690358906,0
97.58220920424795,4693.237931286844,71.74030497674488,5.105805776175708,1
99.88152062047111,2629.1278880621476,79.78194273477915,4.871476574031502,0
84.74604073838076,2660.107682902961,54.20746935719912,0.5969369178441456,0
121.9703095110879,2775.8534532305503,36.50764112442333,2.5042900255981797,0
106.85808397048697,3139.0836694577138,0.0,3.752853901640841,0
89.88170139649095,1319.297740382781,70.15287215078699,3.891889787566385,0
90.11553083863663,2516.8035853068686,57.078484093721016,3.2756850284261367,0
73.2855245621661,3488.353522043347,45.13793570728684,5.74081519623756,0
139.45972335001213,3488.571099749958,25.79396539695773,0.3914223317435767,0
112.85430600438875,4632.727929626178,70.77322963015696,2.499523548612631,1
84.20955598692771,5401.671005540437,37.339769867505815,0.0,0
134.27307091907596,5018.181003061868,44.9187243937651,4.278912760608254,0
93.33665144127919,4254.546649528636,42.529825437047464,4.096755949223703,0
67.22600721803965,3040.867088480234,57.41924714371745,9.678526470522106,1
140.98080282619458,2471.1840921969424,16.44862605716261,5.049329979444855,0
93.42094725527598,3229.5769402582196,56.92300043535517,3.6612647103154257,0
98.32074518823401,3926.4525289062367,25.243586149585916,3.4494673282885553,0
111.50830128302714,4170.664473176778,25.665332243206933,2.4195008047671887,0
144.5226248167765,3943.337222694455,68.4687012033259,3.231087529703214,1
110.84003920975576,3051.0183798763537,18.211845008261655,3.54484005462206,0
73.99924328546274,4166.184197612977,66.54610924977993,0.07484132081685031,0
125.98544586822345,4735.4330201648645,47.379607299398174,3.53530194300494,0
95.12328918558562,4262.554094864421,4.133000539849027,3.223405544935937,0
167.30055677277355,3166.90605841411,78.40845011003749,6.422920181438018,1
110.0413215831786,2210.4185152153304,50.43671500751476,2.7256637790137037,0
42.4540284117833,2164.1700048494727,53.08980170366621,1.55577955730409,0
120.90668453679636,2409.733901488798,68.62205145931817,3.528475369008354,0
168.43715336347327,3499.461317858471,78.52765828520621,3.1916464445809893,1
157.16826424761993,3832.3909966270376,50.64737889490265,2.7809260049706035,0
164.54079086320695,1490.6744714137517,61.15814689653272,0.4048076045081559,0
79.69422372656035,2614.1365878985152,52.69229805745331,2.78463574136064,0
137.77841888333293,3489.9080472630512,38.3567980679463,1.8614489824719296,0
88.42895867217075,2161.731290210087,5.240400363577226,2.5686732934016563,0
116.72861741004667,3718.170889087663,51.67123452423358,4.451817312626296,0
71.48704389182465,2849.8473463359096,80.66384854227475,1.5913964659920312,0
90.89193593932269,2319.2901108556302,59.39875916977654,2.520526809380673,0
89.446122982203,3257.6552229450695,15.256027614381598,4.028853047024613,0
136.49101073068522,3669.8590363178887,72.69856156018508,2.573699182876755,1
134.45023874480344,2188.8275905577552,38.08961349856926,8.27185052951285,0
117.8880399320988,2893.96990281765,0.0,3.4495246550544274,0
68.74122555364603,3749.7840463483526,70.64123038381655,0.6121648267129006,0
101.22360614348835,2287.285615182164,21.356989257209165,1.3882491425524914,0
86.90222421018366,1218.673948881828,88.07007441795048,1.087865981349808,0
135.94410420110148,1355.3739645743676,73.55017683961539,1.376555859140341,0
144.86175417221537,2694.711582818764,38.5361866719509,4.035917813789245,0
141.4104799825117,1591.35250182518,57.062605647973776,0.841255766646039,0
88.18962822175457,2792.707820592885,99.11499070276457,2.3646103493284807,0
27.759374267271728,5214.757263589678,68.93249792839474,5.268823717462055,0
57.14396202213724,1564.9238952602598,48.54339310233402,1.8981196112856737,0
152.91619518968122,2863.9026706475124,100.0,4.336761161605881,1
97.74127053373873,5746.733318355459,47.221145067958844,0.024575229663449383,0
87.93005608390999,3683.3642590741547,57.80422895887696,2.3250172749944924,0
159.45040368713276,2761.7858277039236,22.50526925598685,1.2614527191599854,0
148.30152136687352,3011.3248130361435,3.3803908940449263,3.646318424876404,0
110.41009401650608,3698.2964420930875,38.622298276772845,0.8924140794376381,0
101.37759613275968,5201.253073525914,46.98114118107532,7.04109334114025,0
105.99642419738707,2551.887831802719,54.8455974737911,0.0,0
117.25190120580302,2285.362075262077,7.902860762187164,5.255420009732748,0
157.78386571857945,1551.5830361959813,61.71986403857298,4.721348680470105,0
123.51288618218263,3315.5063297813776,21.83143663432263,3.6138454434656855,0
131.93548924484801,1508.1699988882783,59.73991933932199,3.146692426199724,0
145.04991285410395,2645.7323210094655,69.40597997408088,6.741378372581532,0
74.80312311691065,2140.9332845556105,33.75718383365442,7.8227359187605545,0
132.59726196689195,4485.572630676462,24.246305855986208,2.7189927351743344,0
100.94853582774523,2558.926491417962,83.62704428072874,3.3395667169098466,1
34.76668619237273,3662.6096016763677,64.08451183398206,1.9144717310565964,0
46.19523396664283,1311.2598359882477,49.85785510866334,0.6525793421804841,0
80.2774444864465,3386.482537925257,85.03028947825774,3.916008326630503,0
125.72667112457694,1774.992045137263,43.74536443459892,3.5550136090720943,0
113.35174149537188,2703.230480518517,30.57165994115349,0.0,0
115.3262756901563,5867.659232529645,18.51598675825236,3.925335544870139,0
169.24761696169378,4313.8206288367355,42.21895006776995,3.6458002128869693,0
71.32170796336375,3063.2459386639453,62.3362377883943,1.8094946730200332,0
109.237456334999,7056.824244449406,80.98024984048647,1.6956622135971307,1
119.22519329905928,2118.6893248095857,45.12236536443189,3.7797663270731507,0
87.44879089705069,4586.327396379072,77.04058090696208,6.2613281990591245,1
111.85727476518397,1354.3057798446218,38.05557793958448,3.8184678911702923,0
61.62777390358251,2894.464747969711,25.190122737496516,4.554987077220458,0
152.31340938340963,1602.638768809446,8.829360705502777,1.3760923047834446,0
90.27361127409557,3514.762632430179,36.19656319275317,2.1128268853601755,0
170.74997372423695,3275.042804349454,16.179485687742883,4.310061386204971,0
109.05745125920467,2842.3112442201177,98.46890135444961,0.42461642004389644,1
140.66209045671616,4482.259484925583,58.29965647522994,3.3799455320014586,0
108.37868769790823,2537.137189578469,41.713645385521595,4.048789131028663,0
109.53258305180772,3581.3824835855717,88.03378371382814,2.9128091412728225,0
92.33137072997164,4175.7007577623635,12.837161989060789,3.5784744675155755,0
112.53821731896905,1403.3855966370934,42.161681813766,3.18485978417929,0
119.48681867332208,2303.5001260430136,93.35673916626021,1.745805377068988,0
86.52516705496551,3263.2635195470693,39.68128649020691,0.6705906138127278,0
106.27817505468751,3928.378815097815,97.99438118738706,2.915521222970857,0
91.62667807369982,4869.717835457085,63.9602056813057,5.636389519837959,0
178.654984838978,2936.8498443872318,77.12007688315478,5.060440334292264,1
107.20194237244716,2836.479220052376,77.7209903049641,2.2620008349702876,1
157.10607679128287,2167.2492662340187,45.37683315017367,2.2221671781355203,0
104.08318223182077,3616.0126129496243,30.725676151771218,2.113187136711317,0
118.0611634038341,2839.544687024179,40.81843615289563,2.1010492710851962,0
69.98650812017188,2864.126239783647,19.15952342592812,3.614007654613798,0
96.48343156688567,3085.07888720434,44.62842765805877,5.055553541966309,0
115.89975495887707,3878.0896278779214,45.19623442432099,7.491237210230025,0
158.11746912810693,2555.751965984993,87.7072963492373,1.3324185732416054,1
116.07768822031579,2264.1927859569073,58.39908442463314,4.304816520421466,0
151.64896066266502,3712.7838584554142,100.0,4.082919401428582,1
129.33629832500216,500.61816170984855,0.0,2.3302284219762766,0
158.91037525168565,2470.2948677927516,13.489724628246506,0.9107776307416289,0
107.26204713440389,1806.7861786042404,36.654364656267184,3.5789725485539408,0
180.89082487758924,4641.386871747219,81.32965879354036,7.299131875600581,1
95.44682244940941,2655.0866513082424,42.14173017127538,3.555513254376023,0
86.63075270338976,2541.6114031083594,7.895163379405709,1.4009958418215314,0
73.44285775715856,3171.1770064681114,37.13865784520632,2.5942185912293905,0
179.73018400752446,2479.9209835017878,14.233745423728768,0.8030052083131202,0
134.1788127733859,2750.061385895698,9.357750301062593,3.0312611060560997,0
99.50987616514163,3314.3413073928596,94.42747758198419,4.4361003124111384,0
147.4999778384501,2679.6515000628838,33.49563147313606,1.692094508690724,0
129.8375670567154,2698.6268031669338,48.20607329829857,0.04018390957775084,0
168.79767938635558,1969.315945269091,44.06778140792222,3.59773627558741,0
63.33303420298907,1827.978917463666,39.35608235431164,2.0437583270415014,0
101.99052537689249,3277.878435918303,23.40081593882211,1.4889428197218426,0
97.05487168604559,3559.8265291092252,35.43038713284086,1.4225823849462274,0
50.40722068194443,1476.0120221558118,53.55059989298168,3.839900609020745,0
141.9625477986772,4094.444505225082,81.95152074933141,2.1035178927818245,1
101.98831752572153,4137.531880566307,70.97556330183615,4.840362082966467,1
132.42395849403056,4365.145458835259,13.71401238198508,4.8680203416012375,0
180.71468336937613,3566.1243759349254,68.10987473391576,2.488652314411508,1
99.97658233631964,3964.279916932507,57.62264071772884,1.9716401220414088,0
97.67411906994873,5817.757839051447,29.93866232137895,3.2279179554175497,0
113.88048225520077,2844.7277821238276,49.615653759114046,2.688925264267828,0
139.03430043129396,1955.4399876258517,58.34719066634513,0.0979138660965055,0
93.0385359191233,1361.8702280950777,44.23674168564784,6.790770637473033,0
90.8960578263566,5303.022106209578,58.01189519532532,4.420834183015956,0
141.35534562449234,5300.766822074113,24.74480588788593,2.098950129487263,0
121.14941420368639,2078.429610076901,94.2600354854306,0.0035206062004751676,0
48.67763239467619,2321.0782889617817,2.565811568426817,2.670452523343085,0
73.38270578277765,2811.521004297005,59.754333229673826,1.874932775389026,0
155.3926413939769,4634.318116112395,53.93756614290278,2.951964179795658,0
122.47387792338706,1667.589297736871,59.325697670255636,0.002255789256603925,0
87.21707783389242,846.5217564088679,24.749295035375035,2.080264033258966,0
104.92224941295014,5789.361079467202,73.43205955155847,2.1905069278926144,1
110.27020515138672,3556.4743951497326,42.853128199675965,2.575237747650505,0
132.0009623181975,3731.5672543660944,18.800374455252005,2.539751044048474,0
68.98788270029817,2927.4263365888464,17.701343435647534,3.0176314495512866,0
84.62861627923947,3752.113442199636,48.98838651491529,6.058746868233519,0
118.34153066358769,1379.4101383516331,3.8591237578289856,1.8633964823126312,0
107.61614126439645,2209.2692944649743,90.31297938145585,1.1305293304262047,0
127.14010928577977,3335.6859170505245,71.31696860698649,0.042769060012272396,0
72.77692714114332,524.9424277023385,89.28178925501709,2.00325891863209,0
121.08770165266824,2839.2443600121514,90.00727440440455,0.19914130831239127,1
141.89903381566464,2744.777732734996,35.9989197330941,4.897475338855245,0
125.01725978966932,2871.613919372743,24.958041973228127,2.766776581582406,0
113.62686476384785,2532.328985316978,0.0144713379233723,4.851438969302731,0
107.36286384721419,1973.9877665804852,34.30290193270089,5.964260122900355,0
84.80956431539984,1018.0057078313299,87.92808265898073,1.2573002375188,0
107.92836377378521,3341.902938105898,23.774458868521425,2.205760118967551,0
148.63325981068368,2838.207348826396,41.99704692800397,5.5984254087509875,0
106.06488935140729,1540.1940469786068,29.751992078237354,3.33940285413408,0
82.89977965352496,3285.4738058100625,55.39948345752299,4.026784173939273,0
95.23128471535149,2865.1707260908324,76.7332261973774,5.055324431990368,1
116.61013118309259,2640.3046273945533,7.384241385105197,4.737205422126637,0
98.87166601806739,603.7771441471126,11.61030860371387,3.850744846566901,0
124.61784628572745,4034.4629507053533,80.20006406094274,5.6910077706147435,1
125.7676319762844,1704.964625175288,63.548534413277444,2.822692890541,0
136.29813120883205,3277.1893723445487,41.74860309883251,4.079231923721533,0
152.77169104381417,2240.9298449159605,88.16121741659481,2.6769979850346672,0
139.7428677335295,2717.6880495108253,12.290594173680018,5.0265001354039285,0
82.52898469625106,4576.787128057485,68.74584182412062,1.6469372479674829,0
83.21919511700443,3839.918090421943,44.48234052354736,0.013025002596574653,0
107.17050596012066,4582.614570004669,59.12295697399857,4.313528142164882,1
96.38674668763674,3572.3105202037304,0.0,0.9900384584595805,0
76.11119437546935,3672.416143730682,39.820113629945936,0.7803141639630796,0
96.30738891153187,1089.6749127849773,62.874752862708256,5.596584185862022,0
95.36829091276897,2838.4269718787505,45.00824472048618,4.916213371184816,0
89.61520788138846,2924.588608177173,74.89468730346235,2.2978568857529535,0
100.63777642268128,4666.973669287732,75.58821444121645,0.00984211625194561,0
145.81486094428945,2601.688565756194,20.61169452647944,4.071066310896629,0
116.09282974242956,3527.4025583430016,69.55741335535184,4.422843950443951,0
185.1849345259082,3498.462815855708,19.615322991091254,4.056220349116568,0
114.82929581548781,4611.829186999261,47.030330934195895,3.9038411287980495,0
101.59614063121185,3011.854190461046,58.412901310196304,2.565446878964869,0
109.65636110390776,4161.398994515248,22.348260871842697,2.2585523121876254,0
118.34439072702489,1143.3265420954147,65.15863769236253,0.7712469774790582,0
123.64376450153367,1226.149833421232,32.00416292157037,1.6265314495345253,0
172.584603103694,526.2487525810576,30.133027682135808,3.6390714719563846,0
83.90546659218036,4113.282158669246,62.21253405187729,3.720324738680071,0
136.08089649769,4002.41654219941,23.82246082204833,4.552349334873324,1
115.87234690642865,4258.776508838832,20.23275516159562,0.19594311984041862,0
63.08144883153274,2355.4582240375107,70.8698430217235,0.0,0
132.51814119748025,2547.3150861675495,47.37104068963396,2.379078654764019,0
148.10799291003383,3043.165297954062,10.199718197697278,0.9223652917834174,0
84.1585784554768,4970.5409543529895,67.65272078978691,3.398007943127154,0
109.38870628221828,5260.708091757426,30.55690035318202,0.5222700728425691,0
58.43704075895041,4152.5366305903135,8.79803889625774,5.414930691735696,0
72.17948015729344,3555.2956547160484,2.7031514348198376,1.3589366848881257,0
141.31801568610973,4795.695988316104,68.9588764401911,6.1983478717924205,1
96.29487705562457,2938.7179995282836,24.23628587382216,4.009363010969192,0
77.46158324821272,2739.463907408358,13.145904605335586,0.9739940315269361,0
117.0102694621922,3041.853920473357,62.11014851543595,7.178709892420241,1
93.5776106004592,2013.270895159559,62.82704433127562,3.52632510352327,0
95.27668806163587,3007.743861214547,24.451100977721097,3.2860877465710305,0
132.22756587687218,1866.4940999661735,68.31725718808265,2.8543831122953685,0
75.51058818471832,4435.677852505182,97.31141697714061,3.9332668294924367,1
82.85388322136446,3875.1221133406025,79.02459300202112,4.1044740506618735,0
114.80462623128753,4937.147833605115,75.3903613207611,1.2833130069224765,0
139.07647217080847,1253.6447929118472,53.146276574846695,2.624746716100786,0
147.48483825705793,5450.262656651651,33.427117997265846,3.1157640801957567,0
90.24664232994691,1293.3539538414439,45.611044884271074,4.24003427982442,0
137.6921692718912,1749.6683062463264,58.777025631236015,4.132929118106714,0
86.67912069733215,2454.2546069798886,13.52381288882367,3.3684589110551366,0
164.18294669336595,4799.280186551772,24.03710671317071,1.7445865473799023,0
76.17920958195565,3511.752108152795,8.947614527872673,1.803284685615861,0
149.78699940096556,2915.2335328689937,51.03026821431896,0.667381395965507,0
90.36427758942077,2259.804060604388,43.7850242514285,4.147933473504954,0
170.52960624990723,1518.6756958879776,30.70771209646073,1.7717943207516769,0
127.81265484522521,4550.744443258158,64.54256713654391,2.6663178223339172,0
80.06698984533435,4147.337312436307,17.659830298280596,3.516715399857863,0
94.31363189441021,4810.167002400225,27.290665415201083,2.932019272875822,0
133.47556691362607,3687.7943296281906,63.79087704914527,3.0399455732576204,0
142.13192668244892,500.0,68.2850203530605,1.275433275071182,0
108.65872032907004,1668.5972187013676,26.284483977423438,3.600753136477518,0
111.2929162686045,3774.6519333472784,52.71332285960215,2.308480606170529,0
132.59516579064487,2780.3698714418883,26.685803712616018,2.775723468412671,0
113.81499436271297,2535.1653856810512,38.68583401048952,5.323805017670879,0
71.38028881519477,1872.7356966838654,48.43644278841724,4.039275157520637,0
85.51864494993067,4319.1122346086795,59.15700647338057,1.9035459713038434,0
116.40029974038637,3730.6540095908395,53.36081030334973,2.6604054695167734,0
146.9492194996507,3822.819248054919,52.53391350110528,6.196280758191855,1
158.82615552044916,2424.7324858292563,18.116692412480038,2.3490891283260744,0
133.8586572539808,3451.753076989766,54.57035760791227,3.029663351326788,0
119.1376502032348,1613.6923176073558,60.16610325564421,4.350318477103491,0
132.57624504854843,3050.993039102562,62.00081370856892,3.426328879632111,0
90.10422117342667,554.2910837640273,28.435410090106053,2.272771912831424,0
105.80266332514658,1343.8145997384056,69.12017159914677,1.4814151279349104,0
84.81398169776472,2804.5914859559266,14.279108597945132,3.0134836601919126,0
72.35901021039506,6029.627039583999,34.52662614881381,4.263623426845085,0
119.9762704364768,1030.6201413217316,40.265535766685495,5.617228776266154,0
115.96877490463882,1705.6461172482784,12.944755640084685,0.014664121747861768,0
130.38455693698077,3444.9332638493747,38.21842794027048,6.544225903613218,0
126.11514030597546,5300.810956887526,51.64751891195073,2.510624861892209,0
117.12761301617351,3447.308623324189,0.0,4.868433109009181,0
126.88785210602529,4060.3641964109547,34.5108417575812,1.5149149368359496,0
108.6726896900685,2832.0540069206386,0.2981946546056471,0.0,0
121.81970606070946,2588.833897101858,95.91360760456887,0.340998817861603,0
87.69856924999031,3310.6500168127486,49.50094258493968,2.395258618867147,0
121.15464151527799,2373.076380329361,48.25981773385459,4.070596417745306,0
130.16796102022528,4086.2724569451093,50.68309174765174,2.9763236594702054,0
89.91103399336151,1252.3232121941132,59.68084708418315,2.554414792914423,0
111.4117151921319,4274.09607150069,69.72620353418601,5.196472113509451,0
91.61505898112384,3246.337477553531,4.87642260431258,2.9672032247780358,0
94.34759223560587,2937.4627109814155,76.50671549547236,3.580114478530936,0
76.43396431085175,1198.725538862819,74.31012869712424,9.190087890497189,0
148.14815887383062,2009.1599086902424,40.61805014041015,3.092141265438592,0
142.6389658707108,4619.309410360721,40.98044756438545,1.598074130609665,0
125.69029108898638,2937.8182124265622,0.808227605246512,3.9916578262638374,0
169.03157182730504,3557.7487014386948,13.60343799588683,4.392775425959777,0
104.16546290787515,2137.5458890277673,58.01827749282043,3.5691859077712174,0
201.5030663262858,3151.641891525337,74.39295521284772,3.3034544215294317,1
103.05049858696005,1566.3911195588512,66.09832830467258,6.009840956981247,0
117.38301625557216,3326.4316428656293,43.34832172627906,5.656189311613789,0
98.05767649292092,3685.4457894638817,92.24697214299101,2.8299713914213855,0
121.24182969645166,3604.9224993003927,68.51473279781283,1.7163662619945044,0
135.57855297206126,2075.922334234412,37.76979143146461,3.8763723128593224,0
106.44812541286277,2805.603519547976,97.49714603684258,1.662733029684099,0
163.02501960155297,3858.323042487586,16.40786950320206,4.721741286679461,0
116.83606147793883,2979.489843205601,7.00874768066608,3.7411311943260777,0
117.96228589355778,2851.230292824662,34.44794658073221,8.354984254640055,0
83.72546185283723,5506.127572856066,26.5325778577753,5.9813627612941875,0
122.75296680652677,2051.707581440288,36.002661468196486,0.8219055785854591,0
106.23931125718076,4502.308621731562,64.45302905262432,1.8808247870685544,0
91.79988370244313,1793.3012957718038,42.10423006614202,0.0,0
86.75495330642741,3958.2110393384764,47.58493301317345,0.01865512936293412,0
190.51460458147778,4067.192276192966,46.89736810376033,3.2392015638227973,0
102.32507149852154,2587.6713642118207,0.851417844390538,0.6535982429497644,0
66.43966233701136,1713.3846683812112,6.085978721270659,6.199129634357371,0
89.10644795780578,851.7902647116429,34.95434272630254,5.29974984410132,0
108.3590774875638,2407.1876228311958,25.659282291089024,2.4549917682889815,0
126.56973637239406,3815.3023784345205,35.89219484110597,2.371657432842995,0
126.63342316645313,1873.5853832169155,81.24524893814554,5.939831133081151,1
131.1531063525077,3340.28352943273,42.72946865660136,6.456745003774925,0
91.120238022177,1419.6288549146966,12.523976718290688,1.0825309267450016,0
119.93028758788812,2920.878099562439,27.697353560377966,0.8908497907119614,0
83.2321795421203,1829.58418141518,87.08328568367297,2.3853389491850923,0
91.24071449300192,3122.571733412087,79.24698189028283,3.842424970687831,1
82.06670732672897,2612.6064799420033,58.262951634431346,2.090657011061246,0
74.11667543394209,1787.6248637914205,5.919381767818612,3.8833555896063143,0
141.51217181822665,2404.089973802946,55.17364941325042,6.8788596616916315,1
130.5691879859946,2096.0622722944413,54.01774490395955,0.11876802347489236,0
139.17395164058433,1610.1918559187868,47.92206290033108,2.1595048735412576,0
111.25886893898297,4491.260079834456,27.213088790172637,0.20281995185584342,0
133.2172490166552,2737.0644556850243,35.14463262557085,1.3283982380059425,0
56.83908171466072,590.8277477377113,30.55684203336047,2.3677856297523316,0
136.38596027367433,2432.2270801219693,17.815801789366382,1.5707868158980098,0
115.46119532028158,4325.916419134112,76.1686664110652,4.086616263399637,0
128.58221448094235,2297.1460340650574,65.83993816058062,3.365432070800762,1
121.04554933356624,5001.2854206884185,37.69240732043822,3.594169719719282,0
79.81310863314727,2179.3399303418037,52.803845214956844,2.3603278036975395,0
64.48381163153745,3782.794947910424,56.45393288661096,2.5370717518519728,0
89.01898342595133,4476.111175221489,100.0,2.300882577293149,0
127.27651179484292,3732.9661279858306,64.63345600299141,2.5126819394318867,0
130.46629626698672,1570.858062247376,66.5910348366646,3.867214311819353,0
69.54647208957806,2058.134739095071,46.670517467172246,0.0,0
80.8467056015953,4575.47203143417,32.37613033690739,3.5867202536210345,0
88.38130141015057,2274.1683487190135,78.26350644741406,1.209036863145208,0
99.64477586165023,4358.730555175424,60.232479312206074,2.31352518465892,0
69.34738434518898,2692.936809106141,26.349878648075276,0.06978094516893313,0
67.3614709741229,3309.1445661058942,56.167580391276275,2.268598957789049,0
85.20398278147783,1535.2814739173648,62.58597849431576,3.515774448574809,0
112.55712185910241,2482.1811797706955,0.0,3.927525427576938,0
73.95681008894634,2152.450372544001,22.973803780326236,0.6747231025337528,0
106.17970816169178,3468.739756297288,53.4876823854806,3.7815601041449836,0
142.52006448225842,3307.5792536345903,0.0,5.212249523691039,0
70.569015941332,3772.6114374718186,0.23233388830837587,1.969400876092736,0
103.05973729154098,2585.5266416379045,39.671966047672626,2.9780155234200345,0
141.061585404053,2078.965519847192,60.56417887472624,0.07590697944586361,0
97.59944567573858,3447.9938064440616,58.31305240185068,1.13979809964217,0
92.92194902046805,1934.845955520646,85.33438781480913,3.4552912412611496,0
144.83699058213554,4491.970200587512,46.949711281430304,4.923595627432372,1
101.16430456614911,3040.534104486028,36.02841993120899,1.7644104525942945,0
143.71186993725811,2814.619827919164,10.912493454838382,8.29042877416988,0
122.69142060288746,3755.2606987184718,37.567526426051714,3.662485794560647,0
99.95315267152294,3089.520201443385,62.01240537891663,0.4545593517520926,0
124.84739853260717,1210.7849193313953,62.15081919081392,5.620266725673408,1
119.36889441486451,1927.6149901776269,50.44629533907665,0.5267263857024893,0
141.2038312046117,4457.11465767862,59.69745536175008,3.599589958164987,0
93.94606688310088,3292.3686088722334,75.85165915061228,1.056037248126494,0
110.70319532912261,1169.1393679144,49.175024993915116,0.34595568236927077,0
108.83799116254573,3576.8903576951525,80.15933493484349,4.913785289426128,0
130.624168366897,2547.4383224071507,28.092272710065927,2.6307382300150914,0
78.9250222010218,2174.496722988014,42.57193101570705,6.49835017285176,0
140.77346560106363,1791.195687744222,32.0678300446471,1.0285617785329217,0
124.41658387638559,4424.060817029157,64.84938968658363,0.0,0
70.53947131220934,849.4296666310414,17.819269618293703,2.0358103491181474,0
145.9480526959043,2172.9568094051456,37.70861674543777,8.820434139962506,0
176.8959547673182,3340.0155569022168,1.3758907404382783,4.665791243218393,0
139.94860629125216,5079.888352620957,58.861964679492196,4.1128006053914286,0
153.1364886698951,3883.0664595618823,77.23464726417191,4.182172386717609,1
112.4376491104119,2166.4483003006635,68.18197736964096,1.993802621013112,0
59.93926133948518,5077.658437035383,66.97437156915875,8.41582643994245,0
54.10910150745277,1597.0709804284397,68.4654116414816,3.910836220248069,0
117.46230801467887,3493.901061221612,63.672619425187975,3.709273116738461,0
92.15265200876748,3818.0685516474587,60.31557718549294,4.926123597776723,1
82.14784017543272,2157.296802112735,63.8086523732523,0.44366173576521106,0
107.40211026923505,4034.0875316268157,28.67096438855652,1.1747039695241819,0
128.89198342120966,2596.8147746063305,39.601675232346025,2.548120360587496,0
65.99983296807106,4052.6930800166156,45.885342898003294,5.009481499699486,0
95.97626734841931,977.3335559362694,36.74663946455926,0.4341842822757939,0
155.92780990790052,3618.699256811779,7.307730585002987,2.8280678947169617,0
78.03950919618362,2696.845535931482,12.552774652880359,2.5317328810399466,0
136.5101942680625,4595.885257380751,48.83976842863356,0.06606385480630901,0
95.70208026897858,3144.4716928791267,65.76956033909299,1.9702157395241544,0
126.92454938048685,4678.953228035667,46.7328219989185,4.10850592370775,0
143.25336129160053,3821.70436850085,100.0,0.0,1
132.06222390195242,3039.425877216045,24.211711069515076,5.805707900054509,0
136.8739806853969,4148.290850686676,55.321506117752755,3.9995902252045106,0
74.98674169080222,4161.077210403252,75.46593908881722,3.696682770092763,0
143.3441209396641,3795.6853249432684,73.93547662534758,3.0075103573488433,1
83.9600025546431,500.0,60.296826543792086,0.8483185452421159,0
117.48092701769306,2003.9377394935177,72.81379559407198,1.7158017809231754,0
117.63908278882248,4893.81604978111,44.39867139556883,3.8242254185400357,0
125.15915211151471,1692.9636603890922,86.8711655297143,1.7020438301918543,0
119.49576898220555,4248.09708042729,76.85529730247241,3.4123769156306767,0
84.71189017711131,4054.946127682235,21.56407494549987,1.193258430630149,0
68.99942675748308,2322.2275437232834,55.837912744749225,3.850564347628039,0
135.9774627271776,800.3448182646956,4.96749411921318,4.071090060543917,0
115.97194061747994,2568.7734622967046,81.59720143493381,0.0,0
144.16066612275327,5673.839768677977,49.618464474808036,3.179328886744921,0
108.59465178301184,2135.3386671031817,75.43133448521246,0.0,0
67.8564088721646,2271.4106424187316,41.80926695942405,0.0,0
139.28047115919378,1995.3159558166965,0.0,1.7615546113884921,0
98.6808430208941,4664.081964800738,100.0,8.621045010055642,1
120.80431200229808,2921.264694652559,48.77390486029697,4.494019057939996,0
90.42194734171734,2413.9035962552257,18.098294551246575,5.805470515723289,0
159.49374125210028,4919.011869502515,72.61995594932523,4.186315071393827,1
83.62403417864078,3884.1727276726747,99.13358304925003,3.404147960419612,1
100.19636218144929,2134.877347357466,38.53218244958102,4.763164694969514,0
114.01100303338879,1715.7749061475627,43.73530707580634,1.8363519758974733,0
77.08896005050919,4621.114442151389,49.97984507187646,3.8568050835281746,0
119.89359378423518,3255.034405048749,15.69543330995787,5.37447935385659,0
158.22718899209724,1331.3100712985522,26.88719618154912,4.399520694080497,0
95.06562099474817,1056.49389410408,91.70559490301463,5.451013805043209,0
121.62028127739188,1854.5190387104992,39.498971581749444,3.3897397589157223,0
27.492541266782062,1742.9928977232898,25.084866005897265,6.331978195543865,0
108.48920866639071,748.2884634153281,35.529156892483925,2.526314862598064,0
100.30134623037125,1891.254766750082,70.97202477860003,7.182671770912554,0
84.13379955034837,2094.2295613077704,1.495533102659558,4.154119487636659,0
142.95398049492204,2654.2421742306965,52.66208999291182,2.2000222392771076,0
100.85752088853299,5242.243344874741,98.79013800465678,0.5966579378811968,0
104.95950312940424,2867.864183096472,94.3752910150704,1.3971498850695847,0
98.35044718322123,3034.3494625827725,59.069059166704264,1.1339147526030087,0
51.99460499510621,3807.0259283622304,78.0622562638547,2.749059028115637,0
75.37419915679546,2935.7999097109987,77.14538504404328,0.466545888579213,0
139.05566387500963,3654.964702594411,42.747570683102445,5.616188235090552,0
47.20611900791566,3550.3801369890407,66.93932742354609,3.283685945352642,0
87.06643485078817,3368.397392238193,88.33256548903768,3.1255277250666262,0
98.34313115939162,6525.117959385817,13.40592302691409,0.7472382776400252,0
162.4779387062128,4314.917962182349,59.742727953079445,1.489187274866092,0
132.79164742822985,1887.7543967690444,55.967889560153814,0.0,0
93.70378694337404,3653.750522129007,48.281491452008304,6.2550149876757715,0
149.4782284336366,2219.4853732821493,46.46412462052611,0.1591255906878509,0
87.40380645002864,3738.4712803272187,50.282475434958386,0.3692027894566053,0
140.62284225796165,1533.941990425773,52.39263183158289,5.888989847489798,0
69.14095754166722,1869.324803463408,72.04667505625424,3.7314193574996803,0
142.09564437506708,3640.284828099363,57.174206365787654,3.28531343018591,1
97.95624337710878,4431.956705851153,40.8183799243647,3.6735408600416197,0
79.2438851982562,3777.552045081745,24.14525975872812,4.874542173555174,0
103.85547421907388,4249.805484849635,32.896092962118125,3.2724452809242397,0
117.96027843412364,3676.5824503872414,51.43604322119986,0.0,0
95.42623962882978,3413.493069391377,29.785286087061518,4.471608626183177,0
126.1360113921913,2622.759005694184,69.011493021889,3.8362652491696094,0
92.42849849632594,4167.300451926749,56.67512072956033,5.365736485281765,0
128.55516883577684,4419.621741839909,74.3033066640294,0.5659809281573548,0
123.68801850054892,3114.108205571886,28.738662283639623,1.6204727296404358,0
108.20370526866556,3073.978917003672,25.005314385775748,3.8252415686176975,0
96.6952637361525,5107.754877099171,73.43121632051349,1.025515499518233,0
115.07037174167542,3161.1836398837304,46.32456447656571,0.072868698214598,0
126.32840134830805,3277.44202248794,39.02904150017045,3.420037610313953,0
171.7115390714313,3781.124275570254,65.4902434439806,4.844867011980521,1
137.4494018274074,3065.6160249046775,63.25023780189752,2.724934114108366,0
139.21325361851922,2228.967383976032,13.151702405113653,4.099378340863011,0
202.32412655408692,3677.5017303579602,80.6123918351903,3.8574921429117737,1
125.39970826526972,3172.9769605585743,35.02803612327207,3.12057754556049,0
124.59598330928036,5468.922035455339,90.11416302889874,3.2796804821034966,1
130.66595882358416,4154.316580539787,11.50561713995155,5.637597690986422,0
79.37080795578787,2519.304508487195,53.23671129855726,1.0998375996384078,0
96.06021638958693,4078.5761054415184,39.20439952503797,4.540676521649512,0
94.59607486931031,3563.8315662637797,0.0,0.5872110299030654,0
129.02220636770718,4773.682509487907,57.388254900810146,1.4034032295921268,0
105.65767668978457,2574.02752019824,0.38956149104977666,5.413854728179672,0
114.70161537872637,3423.927710163754,39.20528941772538,0.6326385989746125,0
143.13673652321563,3059.4496827846137,75.13834968139392,2.4958502381368293,0
135.38208597822134,3250.6112975512115,32.42145846328432,7.697993742055072,0
105.02905389368296,2160.463605965699,21.85191096232432,5.044917240901643,0
89.41872393301423,3907.7825944369133,63.76783601583259,1.6178013550651487,0
144.83712886899144,3737.174884215238,38.08703657380456,1.9371093432154387,0
133.53243322244776,4734.444759195362,32.50226849501101,2.688227598546756,0
61.378965684786465,3178.279211071651,76.52225299201521,5.646344130519639,0
100.74778947576031,2682.8162703047965,13.96153551400573,0.9842542810707463,0
114.40697504930547,4168.318951613974,32.60416038499979,0.9186102520627785,0
133.3454066604971,2229.157406611514,66.3934879066462,4.380313495390724,0
137.22977483201535,4501.3829300934785,14.694054707866966,0.023958317361553873,0
118.79585900801833,4505.664467854679,86.92330691576286,1.078403507722862,1
127.9951358840268,4677.430555234069,39.08533275068027,2.7479775469611254,0
111.90812959090081,3667.4387644024882,67.92903310266307,2.8332895751722664,0
89.71039974620862,2636.4012635463355,68.8996229174417,0.36409333456335374,0
100.90589541939539,3336.5356951521194,41.08849795570092,3.7020874479400625,0
111.2248495516939,3654.3640039827565,36.295791872199786,4.042371871003312,0
108.73696360590127,2527.1545040138512,44.95043669607928,1.8018689557115073,0
53.44085868263966,4827.70423277701,62.89250732155061,6.281243687470789,0
99.00363695593315,3897.1666544466693,22.16513704906159,3.7062978266155286,0
111.22237792293714,2128.8964026753692,14.13936141810871,0.9508341896478023,0
101.60850855919333,5445.667257553804,80.52819752110918,6.279690450440037,1
102.7987433792889,3260.9176968293555,27.993308415268775,1.9492536725711787,0
125.03698464174747,1909.0260962534157,54.696003873467916,3.3226590441045656,0
77.60048800957371,2203.6421808392975,41.46635289102037,1.96321511030856,0
61.670232935233805,4967.792460458412,42.6317110730638,4.214533335450196,0
99.4337436691664,5432.206063471382,83.81546475486725,1.989748283611717,0
133.11740700351803,4420.18817930642,40.72284598800003,2.0719247799354457,0
160.7655826813791,4779.079740668953,35.56825610306642,2.7167184768324506,0
133.46355645122748,4680.263830833165,37.86818184341224,2.0558111431431505,0
66.12940004640086,3875.6588894343927,34.15006408403073,5.105962658824497,0
102.65017384256959,3601.8703742414377,28.759118648289203,0.37586983714597166,0
117.58054011786535,3835.626505171303,34.25588552989187,2.9481523966845793,0
114.78524783142284,4097.126639802517,87.02470798483823,3.187762134885102,1
126.0233760242628,2328.9056268059658,62.77228413162476,2.6999793233728084,0
82.95527283833236,4066.334735640288,37.42107574083469,4.937038529984343,0
112.06816567353297,4912.402147115881,69.891927437289,0.0,0
122.72317230566756,2971.401138983214,5.884636237554885,4.140413343180339,0
134.16044795391554,2836.669160997009,80.37783735533068,0.5023493711433489,0
85.92802063532378,3788.741940498479,78.05062003312959,2.0464707046680335,0
99.57488983611158,2421.3236453215204,100.0,0.3126942672108153,0
29.114966300805882,1639.0541682967337,70.37770610335117,2.344543259018034,0
91.95328663260238,4564.242619954829,56.154410094932054,1.9382066691283404,0
94.13643194726913,2655.1679741143626,75.79863708913645,6.240318587754823,0
79.27375767237984,3201.1613914244563,30.87461057421176,3.405203115632028,0
115.36725253303734,2490.9495714738027,37.6669590393607,3.925647580152727,0
108.05863216502846,4731.164953153312,40.69682791612691,0.8322665680492629,0
42.23495683233527,4228.436813629384,80.16144969928393,4.533459269413715,0
115.70136460464772,2919.7659665912065,23.381042575150346,6.2683542898224776,0
82.07677776286715,1779.3287435807447,20.623472565505438,4.704444021796015,0
125.1220084454651,2800.14835934257,51.841490051353475,0.31784462413649706,0
71.63417461577053,3917.3602410498106,62.855428549457216,2.025630787924239,0
111.25976697434974,3445.9939100901042,27.98880822966135,3.1447503520965516,0
101.88252594732735,3296.434608649924,61.260477715252556,1.828009274607043,0
119.63970341572858,3456.1959847926187,81.45716758452926,8.152961414875302,1
113.56113292356012,4113.704371074334,74.65051176726847,2.0127622404472723,1
102.67691228743281,3174.645095614393,52.65815602659388,2.916420575390491,0
64.79904751501289,3729.0182451264295,43.22045273936459,1.8273579095903885,0
65.68947498380832,1994.8914910825767,87.14759256586835,3.441951042214494,0
91.97213474054752,6281.312093633355,45.75224130701257,5.741563436153701,0
109.5620181942626,2859.0154404629307,70.97063309301662,3.294294947655526,0
91.98733470905043,3431.824741821257,93.93277453121806,2.5693211308585404,0
128.13531653301246,3874.597763376303,63.86849184839985,0.9064618763606136,1
101.29516614278391,2678.878159203896,19.477331673000464,5.539390477971313,0
80.86808686070837,3212.802397781677,15.218677440863457,2.6665049400865595,0
101.74394321664357,3188.72421713254,37.760331413734725,2.62222016868389,0
117.51860400593445,2113.859653453098,63.75193047152747,0.0,0
119.97512552334527,3722.201078260948,55.1509882884865,2.7252215079233637,0
165.95445485565585,1221.6099711943825,99.38205952133669,2.178424071304343,1
91.44704291826753,5294.1938854512755,56.85046821323807,0.07014504305141338,0
107.79339188271751,4146.5075719759425,39.21634637065623,4.98496235486628,0
122.127831121969,3944.3047997516474,16.11908812425018,2.0544730706447383,0
108.88464756012624,1136.6443060106863,74.55609679712643,6.769683794654909,1
94.58701543496035,2248.166358299442,46.449857797968576,5.905303995324251,0
62.96080751691278,4827.417318992026,7.496574326876752,1.6479475066960354,0
94.9051850763904,7968.292618606002,46.5566605082989,5.735851890272334,0
76.73323269196858,4654.3509355675515,18.989778105318155,6.2423609594967,0
58.59290037891744,4443.435328302538,34.40532819185303,1.9241418874252794,0
86.42576329327794,3829.6016477245125,44.26792688307315,0.9021547108895935,0
78.41740833136022,2182.9461011438243,19.871645256346213,0.08318567936494058,0
127.86628511770331,4403.947463802925,31.473297862114354,3.7194325035563796,0
127.56290294769056,1909.2116603434847,27.072314555077536,1.0239670593584196,0
82.56307075391985,1756.2023954099727,27.927736028766937,3.794517151879131,0
102.41981982568424,1677.9473338968958,20.952888447759715,1.8712626980238234,0
54.21618350300206,4359.474410007992,33.663447827778555,1.4563917027399835,0
94.94995729893287,3100.2473544873674,22.266997361919927,1.8481796083021265,0
121.95458626058148,3330.4894620698237,56.950346076134366,0.3943423002123558,0
135.22750577050743,3192.6050246742725,48.28383547415082,1.8242753799872287,1
89.11199812955161,1871.093183049475,76.55711838796095,1.5882269095920925,0
141.77045054225476,2429.342816950027,90.93678841527183,3.0047499325173543,1
64.3578274818914,2432.3022465858903,61.78825263957977,3.192636351487965,0
72.80856512998885,1501.4199123201333,56.29412551205973,0.8503892719866802,0
130.95502105950956,2608.2652771347243,61.42219910667494,5.166843471342968,0
160.5675793177384,1902.4237549333566,57.198315144841075,2.6335362198899483,0
125.18016995102386,3922.0677982998614,48.591671435869785,5.945958788951148,0
109.57263596211905,3989.328382026064,44.27186991474428,3.433706447596995,0
43.779129264668846,1687.6201400333384,19.096065975391024,3.18792526919947,0
48.92948097951212,2845.1196847912656,64.26241353615423,2.0717878375826344,0
114.12052966896576,5459.853380310126,43.78917490667722,4.161527405807774,0
99.19049507834016,1974.9628670619975,82.01189685726443,3.1049334540184303,0
77.19972766502477,3721.7269981167374,67.89044302264575,4.658951122250225,0
112.52708401417365,3327.0661465092867,28.740434102166798,6.248226363953697,0
114.18112188256706,4469.627314353216,77.70884799277215,1.5542033768554078,0
138.32335931907593,3554.293692835234,0.0,4.2039600461003594,0
114.45215384716428,2657.64484308639,92.65823524641414,4.192292942247707,0
146.69321619957563,3269.7069206682672,11.71181384407885,3.98743088461676,0
110.28688600045088,3303.7036876090565,59.360490740832724,2.0362647493671946,0
106.47862520096278,3087.5420587037934,55.46819021023195,2.2268977373215195,0
141.85729061577598,1624.2262754913713,71.77169249142459,1.7902328993515642,0
81.3295666800737,4694.84343192748,37.618725437146544,1.8611823010700135,0
193.86316803176013,4526.787564002354,0.0,1.3633283696168002,0
121.29800870821539,1952.1849767074866,37.63225854963689,2.7339336707115107,0
121.42150820724271,2841.3501305006585,36.426937326260735,1.45089729250282,0
126.05732031713235,2938.3182963311147,0.05523054977016588,3.894019159901533,0
165.8611310746277,1811.6751421558681,45.72707188101932,3.1573445015154418,0
133.68040594305086,928.1205437490843,16.660616429516455,3.363805089634745,0
61.56169330766072,2409.136782463505,59.38057259132854,2.469503289188094,0
151.19923528520945,2798.114251696107,38.37991693241224,3.1080596693168796,0
100.26499121646444,1501.6047025550129,92.3958538434648,2.511690095832933,1
112.61202706832402,3426.187445835453,34.15124714792716,4.556331681426379,0
70.95871247818475,4590.022661421841,54.037064266514854,2.044941627944018,0
126.1790512092167,4215.758724760616,37.87210492950198,3.7667756457777846,0
90.36605796407397,3083.72729624032,4.443891013247965,0.3716496520623397,0
112.87988637525919,987.020791145113,38.11677407947257,4.48879585748658,0
101.38751203960113,4034.9299099438635,63.799000732754784,1.9384874969499755,0
168.229748272902,3419.886950829562,58.570281857401234,1.1892131915885027,0
169.279271568912,3688.8377476000296,38.873752417919825,0.775210484378111,0
111.63802627370278,5491.863616389693,9.161975135015316,0.5907624571527954,0
111.44352956520255,2216.5826924076455,60.64982354265393,2.0388812461591272,0
98.93201804470728,508.1754458291418,55.71589699568985,5.929212616632581,0
143.56107666141966,1945.0611570699857,66.96212938849291,1.702022331204699,0
100.66203855741301,3800.8650232813084,38.19172014738365,0.0,0
96.78034822524815,3229.0664655586525,3.1117630606358624,3.7244696805407806,0
139.28132124863205,1738.2546235720552,55.139015445609694,0.75855814260369,0
94.5393453819531,1484.8358296422634,44.0224649905331,4.685169742604672,0
109.26874756344634,2777.23595887714,78.63213548537395,2.2206979886558487,0
62.52039520824797,1715.5385380436146,47.27625454000166,2.4255932311679778,0
131.10152363058768,3842.935511195193,43.314376571246136,5.323773978360461,0
168.31880748870927,2688.343965089613,54.38789683800738,4.191464664273856,0
131.45080732848794,2422.575308249344,30.97136689107605,0.5720841466618525,0
154.11886012489913,2307.7997529505774,26.621513536760325,0.8478491940787373,0
84.7962035326121,3505.119729465213,42.47073023854085,0.0,0
116.65408766843575,3231.3967968153984,19.035424243952928,8.13665868663766,1
81.50409119799862,3405.2973349595195,38.2195913056637,1.2404373849568133,0
103.01836520638275,3444.3479047087385,92.80560418374738,5.429790592479446,1
133.09779094759224,3118.913281836797,73.28560047145181,1.9609608494933162,0
113.20795054802936,1971.1098026524146,52.47663438392073,0.8281814249029005,0
67.67218963732904,2332.2483649852816,82.46426642491625,3.033716427360802,0
70.2120976834402,2730.6507261301667,24.199779141545303,2.2559336899649014,0
69.13610989005565,5677.735647586762,100.0,4.585404871980324,1
124.70202246712896,1579.9942555679504,30.418173206751455,4.692008679030153,0
172.48544762531162,2677.6618467341077,96.25886841845093,1.800281783022299,1
151.47607467616612,3282.5923130501574,95.56897514216868,0.10779370702569971,1
52.6763187338272,2880.9125693417946,1.0250051120060566,0.6264555857764565,0
152.40386453644635,4489.559556127187,81.23410667498241,0.0,1
137.93309386205297,2821.04902927098,40.05566522441186,2.4666472768978167,0
63.725324216000786,2902.5807830075446,31.87759398913695,2.938610968194238,0
101.19056360081478,4198.591650420843,56.54354150804492,0.68503535364696,0
142.95877053735572,5375.794508194251,19.83351092761469,0.4510880358151315,0
126.27963805235703,4871.731891095454,59.36784254475426,2.9511223255085457,1
71.36064147391532,3029.928455696431,22.306826702699052,1.7451069678729962,0
128.1246293741792,3146.8261126591065,49.793537351157106,2.56631910779368,0
46.1967314146621,3248.3673943176655,76.44534942852835,2.260902617556505,0
103.28513495873425,3392.7016438836085,58.170032224247095,3.5060945984001473,0
144.07393324809854,2225.681836054316,37.082152386652155,1.824613048054836,0
110.86950093382812,4315.46077041338,61.17519618059847,1.91211334853911,0
95.61720105758873,3442.2010350351434,10.251922280255311,0.0,0
136.82199660041127,3129.6014246170266,23.97264669302806,2.8656226098885424,0
139.00446652226753,1671.5300885272738,33.2334363822441,3.202731599905555,0
149.8920290077908,3235.4924895330328,66.16283755119042,2.612402642467729,0
136.39753781272373,950.08678855634,57.3463840331614,6.725106563748766,1
142.46814509277092,2475.316693840274,59.96198903289134,3.32400706221413,0
132.41106984914063,2508.173867730477,47.68350205103668,2.74257731830542,0
118.12888749854194,3546.0762865420006,25.49658541154302,4.015642063792223,0
113.68278100836469,5483.348676801205,81.26867483045525,7.158971046913051,1
102.90074286894811,3869.2148492625024,27.985933294800695,3.478729504323142,0
74.05986124999895,4934.366565940589,56.706118261209525,0.0,0
81.47679527389725,3980.170463831727,41.805849139162405,3.8508050525877704,0
101.67547386192395,4536.668458945376,59.034853391521416,1.210650324396517,0
117.05516923484618,5426.190273732825,30.220747094169642,0.0,0
153.05715426319188,2289.9900612446186,72.04036138866088,6.3931247803489315,1
108.89865268495952,2232.946185022054,79.7021972369269,6.03161652224276,0
139.75269547715214,4027.209108215688,70.11637625243337,1.1573263558308002,0
142.16978048274498,3211.913287374846,49.85386117148414,1.137820410240467,0
103.10611932216268,3455.5247086270942,35.252975213462754,3.3912300650558302,0
128.29614910641462,2881.3385045687455,99.25749374178673,1.3260467627642958,0
102.73221284868708,2480.252756982796,17.445558153032426,2.709612756178085,0
149.72587652842438,5115.626796435666,65.44266007137043,1.5818837796519851,0
128.67655386724928,1876.2646189169545,53.9915629447703,2.21103693223973,0
74.9782749375011,4015.499280214419,42.30376850929494,0.23443957696360734,0
115.242846388844,3820.1679149227225,49.99832582896549,4.594149736207674,0
159.88788193731384,1302.3768865403154,32.11413258958772,5.40850660477065,0
104.01893842655247,2213.8355533492045,55.80041880686519,2.7455006526859176,0
123.5406211677816,2384.02710349848,53.637031135014325,2.9472657544656644,0
126.02469814082389,3896.653000917841,100.0,4.335651540273855,1
79.20865176818052,2782.104962590394,71.77502989500056,3.0166664846933977,0
125.42867687359,3141.294720721741,56.336830467772465,6.417502717841807,0
68.40753212992207,1456.7265922002352,59.86646684689806,0.4197847072468237,0
90.91335573185411,6020.560698267193,92.06943002803558,4.689446895439078,1
141.8840622173889,3304.928904569202,17.31950952081236,2.7936726789011335,0
120.44370881420028,3802.608773385634,39.316507987279465,0.7211780147141392,0
101.02312016933689,2526.8584610911143,0.04385713622383754,7.4235735721853935,0
123.30310827524255,2434.705025120778,58.279549982413265,7.732012245108006,1
108.30126401140397,5499.994672234593,66.40168990226037,2.444870408405801,0
109.9904114821342,935.6470701163444,19.16388141024504,3.8358097636242414,0
129.6973855887953,3549.2041573214588,82.30561611644599,2.1670661312027955,1
88.75804122915426,1767.3164050777946,27.0770834295336,2.239043682432009,0
111.33293437409984,2702.4338508694286,33.70034208245139,0.6614645569495268,0
100.75796301210629,2439.191790113279,49.09708155980402,0.5270819554833048,0
62.56116406964326,1978.3279579097673,86.09235348217722,6.642026445995542,0
82.19522812227063,3253.590078419671,23.44399705680534,2.8998354716356673,0
157.65269601359046,524.3553788465655,49.540940823370455,3.0992338431765583,0
121.64280961138576,2849.2384905161966,65.75293597011287,1.2975900912064589,0
70.37088037051835,3084.601449258511,57.666974292055144,3.4321878114153863,0
64.0747893529485,1532.625136225313,59.55805241312493,0.0,0
106.97627754663219,5005.147908917653,63.13876111413868,1.4182530230270014,0
156.301758361646,2485.0432378922114,28.940712743327204,0.6472005610706961,0
104.42254524530787,2923.176199139493,87.20919760005155,5.52346104717023,1
150.09407254651802,2448.711229894469,42.504120772566615,0.0019197758423367451,0
121.26212537414372,3100.0089763111478,39.0700939085199,0.5892551352370072,0
124.05743900513329,4749.050105254032,78.38600365596643,0.0,0
70.19119970533247,6196.530261628078,28.08253736960104,1.3201258263539957,0
137.96935659399045,4048.1014992076166,55.20364781847831,2.0863010855728157,0
100.14146572712892,4525.853893711702,27.178008759309968,5.00738006540497,0
135.7166737242104,5256.509445468691,98.59676671884736,2.534006670429007,0
85.40988723978727,3457.6620880340197,100.0,2.128548347232378,0
115.06325815565067,5117.848496572968,42.74663886679373,3.44416687875448,0
121.27292852292614,4177.904375885498,58.9230036732433,2.09415030142917,1
105.20782051196767,3397.799904400645,45.05167370965996,7.737083672062121,0
122.55670833684317,3622.2623750773514,35.36605902391882,1.8247234687429972,0
101.82733489868757,1000.8688570321973,45.945843374694846,3.76536633091293,0
90.28154409524932,3551.802122805581,43.20455466462921,4.67339384820852,0
158.35576216784736,1358.4209673139235,4.515500609138726,1.8629265097337797,0
140.98050681385257,1238.8514059973802,52.05120084747776,3.471300528633665,0
87.46586658607175,3414.343840929463,41.49076425319283,2.0160284992764916,0
127.04554807761129,1872.9629186511493,52.266816778644376,3.5494325294698865,0
87.47969624117005,3195.408412783662,44.19344539536439,3.1649493735069805,0
74.19380632223218,3384.618945875498,35.63687573373465,2.680922834717601,0
141.7885344652638,3450.1607425633674,66.81135871532614,0.6440691277693863,0
58.886275864837614,2132.2268171622536,58.96521560312797,6.804127362402267,0
137.76940862634277,4255.354065742763,80.66995960321374,4.150402122649442,1
102.74918059532844,3092.640098951235,58.956860462141165,0.10801548496405158,0
103.36334170718287,3737.039578008616,40.9450045185857,2.1135618045354274,0
122.7537190363532,1780.483885602015,60.936726900172616,0.0,0
127.38570320988055,3003.1619669955985,0.0,4.456585536851966,0
84.64649207814188,4515.639178318228,97.96248955833497,2.986613893039343,1
131.28780263143105,4354.391455021005,54.38785460823332,2.999858049276438,0
112.96193696965771,2263.3737473414344,100.0,1.31832698558692,0
72.33246145545445,2552.85251854932,24.754466449959082,2.354506127564392,0
104.58256356295993,2019.2298038810588,16.088581266533637,4.597832240362272,0
151.03851955223058,2398.2068743234677,53.996709681034105,5.1435236136654625,1
160.41688055926716,1563.0963336455345,54.94685659754405,4.731552837049864,1
131.51757363773342,3039.180849487691,54.16453851795865,0.0,0
74.78366273142866,3958.0636361245224,50.78515666618576,2.6460484446149195,0
125.165940132608,2262.882104537539,27.598515487702965,3.485130055730992,0
135.524546815542,3088.66729827689,6.710349126200464,1.5964300417242945,0
131.99985929332237,2909.6247720755805,50.1593082484204,0.012368677766123402,0
132.93698891171096,4472.073544734874,13.287977427220666,0.44501158267358293,0
121.17841637779783,2437.0679875962533,10.319068187398914,5.986159462939724,0
107.96428060053896,2511.761918892629,35.20813931939644,0.579325875000856,0
92.08163184452732,2152.93608581514,54.779015021565186,3.1036724836124767,0
52.977509178041416,1791.9137624953362,93.43482147321727,2.751244716995358,0
120.08099438460553,3847.260073722112,69.5027732398951,2.651527125733838,0
115.48349246461031,3015.82711449346,82.46103925424856,2.42598938706051,0
127.27383368396653,3274.484213988406,63.6511023889813,4.608468353755611,1
70.01316915526506,4732.986482502952,56.55638022450823,2.9684871018354024,0
128.8016157992584,4801.437433127918,99.29736389502678,1.7042191374831375,1
171.85775252878247,1211.958736761319,10.12546724197856,3.214419319563283,0
112.21468073211034,3974.7797369680516,36.02555147106661,0.43393135503388464,0
108.63383231415398,3457.6737956352245,38.51192551298958,3.904799346734264,0
119.51550039579922,2664.9963833259853,67.9264125018911,1.596394812841351,0
171.49617769960736,3583.539703132566,20.46555809723257,1.743197747344534,0
79.71554373320484,1123.332125713843,63.159693579689986,4.075906378521815,0
116.47494678398658,4970.094291833873,60.40832552601554,2.173115701075738,0
86.45378977009723,3805.4695043426836,66.16356915419655,2.2612238762100643,0
93.92602368647151,2125.975344591487,65.32447795197375,5.226724439282599,0
108.22246306158826,2476.2809569871647,81.84031971919984,1.0045065587476845,0
149.94256602585313,1177.3153833133206,42.309631139728104,3.9650865828325164,1
163.66789862653192,2824.952029914219,58.159132255090604,4.916070916128798,1
123.69227793692914,2626.5430430532624,28.162819169539908,5.350275406225081,0
97.81064123037994,1615.8144500606038,22.264516978504233,7.421941496907691,0
184.79384025068995,4167.765107724018,88.50135546359716,1.6604811402663544,1
97.09365442852092,4690.696722176063,21.9596850421511,1.266674327485764,0
93.38953780663583,3164.643888654705,63.00288120757055,4.638027112074023,0
56.75311507385033,2833.801255727743,60.16135906030965,4.830002664405852,0
151.7525930295218,3721.5944645432114,74.5858868162844,1.4656432086880333,1
139.5264060403171,3192.3901193286356,2.8550221296030296,4.05521170013091,0
182.46323681976645,1917.8975016452455,66.83920700942978,8.451192406638377,1
68.19862668067806,2412.4766826128607,44.89670022398478,3.1861289924447784,0
153.50430959884784,2810.5098309234145,30.805341801333576,4.924693871029834,0
112.21425626997046,3547.969028873135,38.05798648441114,6.171835917863987,0
134.0674070257246,3211.075277076702,74.20242450518131,7.949245835978378,1
60.468852182633206,3454.149583054234,61.005023495145466,3.480305757993511,0
154.58009306107024,1395.445782900434,40.897621101517906,5.491900171994699,0
133.6195569376766,3990.4343731480667,15.631147887549181,1.3777083455741785,0
108.62071321794981,3229.934278717466,18.459089833257956,3.0100394754851174,0
129.00195804404441,6257.16882993217,65.49856148498742,2.0765286141624735,1
87.07940528526619,2771.3820618744985,14.343002916916912,0.040535349510634124,0
92.37610053610555,3597.306418996719,42.190043848307724,0.0,0
95.95266687760454,6581.590888490208,98.0093232728859,3.864301653108319,1
54.05938829651747,3476.5074529826907,57.93273406646247,3.9483786307205846,0
135.97875972646355,3130.847933170566,61.897152341741034,0.9050586554139586,0
145.1786697678361,2003.522556516749,17.89727150654098,6.049866458957834,0
89.16458654242211,5005.757296994065,14.186679962475326,0.8272094327024795,0
120.18141105065912,1823.0515599523499,63.688793400693974,3.490978196030499,0
102.28665528483683,3740.181454940302,36.65956607320769,2.259082962601655,0
119.9941052230162,2639.4411435960287,75.6301941297421,3.2604364205177574,0
91.24160265721449,2979.401293359799,50.78130796174578,4.826463793124674,0
83.83845715945556,1522.4723008401852,99.88903475470869,4.521317248453023,0
142.2227799412634,4823.766700910327,30.531463681118744,4.476132563897703,0
108.60739785460575,2853.442071607696,55.12080588227398,4.17246395650882,0
170.1756541719422,1729.6012039707177,24.055798074384807,0.3414217595127751,0
111.15785366154245,4714.311455192646,73.84087555407952,5.26491380408462,0
82.00682277956844,2605.042568232583,58.94323238747169,0.9085808995076614,0
147.05544401496965,3623.259071483245,20.677599335460584,2.739793404375682,0
128.69110836674542,4217.072433157161,39.01443150796201,2.4296138558593365,0
131.57540643762104,3782.3973437733252,82.7245364341295,3.692676881861083,1
145.4063296331387,570.9622788093785,78.66021997350032,2.058085633928686,0
90.51955561876004,4053.6849480558835,10.455448616826422,2.7386126350914357,0
106.45387056395286,3094.216936092084,36.88444754219605,6.270209783046237,0
104.41535718081337,2800.0330812079305,90.50179425456851,0.4046679361021708,0
71.09430374213383,3065.332597611104,43.65105447562425,3.0200375529637293,0
101.34198830773715,1274.4781882584423,51.29142290861095,0.7603397479888337,0
149.1433253566367,3432.8414158732908,73.85108239561384,4.3452841442929655,1
117.29386632854629,1588.9847524778902,13.857806253214353,1.4926344855954532,0
69.72617053357644,2861.2383994021848,24.729263360236253,3.0669912749859507,0
63.36896210699949,3359.031815180393,41.44167726737501,0.2898557607911023,0
160.53479118209725,4465.160462418437,78.64132395391445,5.579759269298867,1
106.62970568696338,2211.7175686651317,74.01412853517523,3.1296481119717985,0
89.76795819987272,4956.335792161821,66.37437656813687,3.305083843294723,0
101.35066272397613,4321.694930282119,41.424856833968796,4.58522045234797,0
64.85214399487776,2697.7265528726725,75.8207894874724,0.4535850760734292,0
152.45465763161047,1854.1591718301472,44.10457674991091,1.7239881070115555,0
98.43314377243567,1470.5755100653657,62.729310480932554,3.339264647330305,0
151.11862459930342,3534.3906109284553,70.17321417089757,0.0,0
111.91100652305367,2292.434315904143,90.97334415026438,0.05482821922784963,0
153.04830696393336,4647.112701455905,44.66181533115167,1.3620911406430494,0
117.53838386308735,2416.911040078372,41.38920751889862,0.7200052100355588,0
135.38961536905856,2115.249023272763,80.73735294387203,2.257242226210299,0
131.77498208396895,3481.92886465234,80.41950426372053,4.025558983503903,1
128.08793506492407,2381.7676160021797,35.93320382106522,4.43327747372413,0
119.12892482404511,3212.1126317720027,18.226032373499635,6.64468490033725,0
103.15608930381144,4383.680983521428,78.01417275672925,2.9915396779387735,0
167.59371659595948,3339.635504396303,6.673015792194411,3.2346181047259885,0
83.42771953611117,3313.851299836065,4.585134034141893,2.9522233921979195,0
110.37857418762992,3455.258749440514,40.6168659015152,3.634775287043165,0
110.52367136197458,1146.800509894182,47.69487972913327,3.860212920200346,0
121.97514783942981,3677.7297471064276,16.890027718970156,4.790018926628886,0
96.77554855124325,3405.9235523775437,50.9100504229191,4.802009324559097,0
119.28789871364519,4279.637962683573,51.70449196500156,4.053200176870113,0
105.28205358057632,3909.3266404089554,35.91589244923675,5.995607231354004,0
62.68546546746121,2964.008158765658,98.025851968263,3.0282328322762404,0
110.67369231147997,4434.627043363645,54.60023713050747,1.757310133130114,0
77.0426854036411,2837.0026719127095,72.98845956360756,2.126129041654994,0
57.64018304628701,3537.8717776897697,7.559535495403491,2.846805938235055,0
114.5642317398406,2808.636210839296,8.017477229826655,0.8258770102776186,0
125.02803427124698,3763.994632580411,57.789237385258104,1.7564666659818962,0
125.87420942818711,2778.7153568516533,91.24609992121349,0.7532205342731779,0
127.22238664567944,5184.755770871448,19.05151070059235,3.700333368131328,0
52.200380670029986,5608.497403830675,49.508120950844216,3.717940889927618,0
69.0126410121254,4237.674995221317,11.195003823509108,0.056682715866519365,0
169.0959645917353,5021.6607445150585,26.42043579585973,1.636665145041461,0
78.23613073175251,1354.7694318067822,51.85497661677934,6.636836615991303,0
128.19447585874897,1496.90499796131,34.826379040965264,4.210956441574251,0
89.81233659603143,2809.086153970853,14.35801232990522,3.8831822670618195,0
112.73642195613742,3277.976214153773,9.953099044088349,1.6062551571664923,0
91.22338502260106,2961.453355338308,0.0,3.5510918553869035,0
127.18367124734036,1198.3994427898383,56.15942496285309,2.988506460079449,0
113.95387430755305,4612.229524395911,59.91880551431043,1.2784439190821972,0
96.13067267831903,5762.030860118905,58.70042929273723,1.9936782469819754,0
78.4372494232384,4748.151162637023,19.77908716368751,2.0555092429966932,0
117.96892481045876,4516.173846705848,71.49175337613367,0.006219854864809898,0
73.8702949591233,3470.534030390554,63.8417576158161,0.26621677431376534,0
123.00457871580475,2207.9024871674924,44.31389629783167,2.6477787096701833,0
189.20423218665456,3289.3796343320223,42.167968194715264,1.347123633394683,0
149.69403692422335,5720.354233970399,30.215207514423007,2.457175591071198,0
131.28078724586055,2736.7531044296707,46.23016606602357,0.0,0
107.36345616425528,2620.3146209184256,86.36518597299106,4.608622847679268,1
51.99174151312196,4584.729399480949,73.30868930637243,7.123519500663157,0
71.13775454578601,4623.967133296912,34.83018024937271,4.996380301608522,0
148.1090767131313,2208.4903427581926,60.027262111953185,5.203757889379522,0
86.01606639599504,2937.386341154352,17.61915024326774,4.2600321430544685,0
88.83066924770277,2591.40988131855,60.905721798524304,3.5717977189587957,0
104.7017722727842,3281.7452435213913,24.79624935264263,3.2343177844866817,0
77.74470541785719,4492.367646414042,62.57150733591989,1.1675227419107561,0
73.21836696146087,2230.3770256340617,100.0,4.345890800845064,0
108.8934578773119,4502.25222951373,27.7987890946005,4.255166509375385,0
83.34774030820824,3315.1546731021044,99.54927456581635,2.118563283334972,1
87.45611429272162,6013.4022154161785,55.82885491587091,4.13112134897226,0
86.52151211278324,3597.886848314911,26.05555706956748,1.6688583073464551,0
125.28456370679156,3103.0856892507395,22.552681952647244,1.7939409754952698,0
103.39321119976344,3866.2828353306704,98.32428169970639,4.618074876702019,1
105.1884611650383,2796.951039788829,59.60925531564131,3.863679845384256,0
127.2619449725371,1053.5458058449278,32.54227705626047,2.5540894180513463,0
105.79161054844514,2949.7340151386734,41.35743349222017,2.353005191456811,0
101.3887178572685,2895.7076514912414,58.006081031785136,3.375748850030611,0
124.12515080456873,1286.8989480510365,41.99565375366933,0.04335336487471811,0
129.96577779544714,3135.105119602764,53.51506366203352,1.4496109305854965,0
105.0635756492688,715.3074649939472,89.66590364113493,0.5399298152371874,0
112.88352666693515,2793.1737728331377,16.21888157592623,2.9950503394632375,0
86.43931621121037,3502.0810002900726,58.30873783487572,5.235611822943738,0
84.0119956976874,3306.9705611138074,44.52545008013655,3.945522861271114,0
133.14652340877134,2693.8449025260584,33.4267426050434,1.9533269962210151,0
122.95176103048148,3096.768680668682,70.86900399388136,1.4903220702790463,0
123.62653725840643,2250.4436589626634,9.76838482224146,1.4791084005442177,0
117.6650721206251,3183.0336407210607,0.18649985584914622,6.937639087629757,0
110.4571538937045,3284.1301978677843,51.550728814346684,3.0938614411910392,0
130.51196933777322,2131.1069819813447,40.12839557966971,3.425460941882829,0
137.88704602214588,3506.34436930972,11.557994553492104,0.0,0
136.5971985318512,3496.9041285143826,2.5738604798619766,0.7015224790838239,0
106.80100835466408,3010.2722939386804,92.95272307594118,3.036020293311397,1
151.3865122047227,6140.341789124103,52.589124524151124,1.975843008339339,0
116.8753746745686,3051.6155204087986,45.757643078624056,3.3302259631078868,0
129.2456613570975,2888.9127384970448,100.0,3.1701494730228967,0
119.18483749572515,2687.010562484737,69.1815575095909,4.220004450676101,0
117.57129997158447,2043.2091593351429,90.0583962270683,0.017751986032094994,0
87.50635458683523,4020.4519986840423,15.866995306117316,0.9437566693337609,0
131.26659650384917,2361.978517400801,15.214257637168878,2.7813905084332333,0
195.96024175365315,2522.41324147982,59.83380918114697,1.7331108451388444,0
98.35189144672496,2536.7449274615183,52.83687368345049,2.3707738310221895,0
111.67415062630126,2003.1972349766256,73.67009959973765,3.201426138142527,1
96.03157596529101,1089.7980886298956,5.231243967853322,1.5030921079544726,0
95.1742012330748,2637.7303596609518,60.95917982448661,3.370566509721185,0
156.44928624821884,4247.410468621101,68.50297930841614,4.058335793068689,1
90.39328150536345,3395.0743399214352,69.65943744917314,3.143393357974488,0
96.15666944326473,5054.05300244989,31.595363177185583,4.395213878107659,0
62.554210632113545,4132.5174749377,55.59019717151295,0.0,0
87.31830310160612,3828.623002321087,26.783687231278883,1.9260752938949175,0
58.85660689750854,5470.427791273854,37.82643805795626,4.774205330762173,0
129.1801778214622,3091.723101814567,15.90975529613963,1.3143315802872295,0
194.52127847841183,3273.5344942531215,25.34060141575428,0.99619188282407,0
98.99164757648707,3168.541307042755,39.263982844585016,2.7884183508202196,0
60.104699004402796,5041.502430523801,31.04711040863182,2.9612617062223863,0
136.83660088640337,3242.168160520513,23.83103540277454,1.8007202892810128,0
88.24536029534751,2411.4345763864176,9.967076105917236,6.688453765737681,0
148.89747827723298,3939.6334255742454,95.26954323797536,3.5199237785458717,1
101.0241713099331,2212.1937428900874,34.0649448316002,1.1749945765431207,0
91.3493107099255,3833.8163290913303,54.332043942284535,0.15441438881864702,0
105.29530168326627,3698.1286322912983,2.8484563047449867,3.9008199049761063,0
132.68502907058394,2969.1781036833654,80.8206338955983,1.079580843443979,0
103.33282135524456,3860.2290210668743,46.92594994151444,7.2980524773405016,0
95.44465785197197,1414.4157424279763,35.401942798630685,3.8608508367637215,0
103.9426695556304,3366.156851024318,34.268311288657216,4.122444514887886,0
71.87583782700655,2651.9882727313493,69.5493283760826,3.5027746953875303,0
121.81320614356136,6639.195867175575,5.0788792475288815,5.268165410626175,0
56.180198807072635,3401.568410229915,24.106562141386547,0.0,0
96.90863412229561,2474.3630626654085,41.54252160614637,0.5800743311034494,0
133.00500882139994,1560.765916470972,41.12444108558365,5.089711913775759,0
119.46901708293898,4775.11329275943,100.0,5.96505933210747,1
127.6986409702738,2782.5503890131545,36.94795000066293,0.5004446955408337,0
107.52007007596872,2289.9420633038217,73.75711843885472,0.0,0
145.54306490540066,3613.016345113794,90.5147520954996,3.3104462622706348,1
137.40618495070655,3970.4225804228668,61.155554457503364,3.921108774661063,0
123.09927935437025,3991.4256142624417,28.2196421847068,3.235257610402505,0
137.58721744200102,3233.904268419063,11.662566186664694,2.877820343968953,0
131.80256298225555,3426.576635713247,61.08284998598293,0.06851461066190376,0
96.71295095280153,3441.3006254561824,85.87800631419624,2.2696221429178,0
69.9477361517305,3597.6879492298344,62.100119962294436,2.502389501343707,0
122.42654710316053,3703.937760675605,77.13255525979821,1.9774165585472978,0
126.93527869525045,4475.5320883370905,99.28046685419726,0.0,0
143.21048136463173,3271.0178730073444,66.42636393814098,4.2493551521021375,0
82.25571552260833,2212.3654482586385,21.271253377860084,4.726292283220372,0
82.02601786796046,2986.821743885163,46.5983718233425,1.4233062806955779,0
124.37348484412922,4089.1749287344346,77.96478487526836,2.611718103995246,0
107.80512922245883,1083.92771647889,38.9027670879618,1.9950665098247053,0
54.07136451148282,1081.2746108494894,83.56284065406302,2.0991128611485834,0
121.05837264691633,4287.665513537373,43.92496466822107,3.9810230626078664,0
54.344076653089765,5009.282458678383,55.57912919548623,4.077144282918714,0
81.63585146840343,1699.0169023321805,36.34970676703179,5.152363006571921,0
150.22705932759024,3281.288471173441,45.485477982511874,5.1042116879471555,0
164.05181390575848,2732.3717009959523,51.00766459887256,2.691197473058376,1
72.5409483720277,2850.364900585145,5.4057121343810035,8.67409109370497,0
101.2811262826333,3599.439931554042,34.50806537091878,6.060609509077173,0
110.6325553657025,1661.7674307509317,12.927159207090146,1.6420746748681447,0
162.7380666524032,1834.4189734159143,37.789957151220555,3.2789516577343063,0
95.4287976786291,2830.890214232246,23.46878260318976,0.0,0
95.13046648755947,3031.845860615239,68.82815525144392,3.068808684270525,0
155.85616062495004,1809.1621311290671,70.2567378562459,6.278113971406323,1
97.6502530337574,4146.729226303103,60.98958071199992,8.568746162516987,0
131.81708724378356,2708.5320474440555,15.354600095796693,2.8269294582755813,0
65.27197659287577,2652.4295993323153,43.46029771925061,3.625796411441253,0
105.15735553366542,3554.122397321634,12.640028906202376,4.236200393494552,0
60.16967790315436,3042.805359435852,39.34624906937424,7.016209852490598,0
78.3342078064365,4223.336217281489,58.65030460792442,1.0012099867063338,0
135.01862929565903,2075.2102684167103,69.2420145685829,8.27764598043922,1
108.38968379295085,1501.9583748541913,58.128455839992355,2.388752091608329,0
100.04207634425318,2805.205717520171,77.86749022998438,0.7224987377062244,0
87.17996910022548,3266.0581464637753,50.196344551858616,2.484120367088195,0
102.96200209989341,1707.3251376934518,37.734220894763006,1.3429778846037412,0
119.60559249695602,1555.981173750732,68.55295295176413,3.872381115166858,0
139.34154987098387,3413.213988262078,67.98532399793055,0.0,0
30.294072764984126,2259.4935647522866,28.792459234422815,3.2235504685167693,0
85.1035042027546,1447.8434718845654,52.813764520443826,4.318307628434907,0
114.47850376237575,4327.916118708939,38.327708561805174,5.958463166005258,0
106.98220774831327,2448.798787916458,0.0,4.364321158444625,0
121.99218076547749,4591.397413725988,54.52350213923208,5.8609357847007395,0
118.59607032407119,3249.2058064683106,11.178062954161883,1.8016286763345877,0
100.74654957893394,3547.6497506996448,54.512387522657825,3.8507528678995295,0
94.52642940990235,2932.2034729382917,6.58570879181309,0.09391176018879806,0
102.88420004200724,500.0,29.514543545558062,2.770772822340467,0
143.95337735482843,1834.0733908787906,33.556566825524015,3.7453884483891513,0
88.07509842137229,3038.9165313503113,74.68362715775659,3.940029157365188,0
107.79666932639944,3669.892221256856,32.20186029786447,0.0,0
115.01653681746568,1045.0789144725322,17.16299797252713,2.190429098809865,0
156.31811192142192,3133.6538249648697,51.70227158422163,2.4250619723426707,1
101.32852481427386,1838.2721419151158,39.071162229519636,2.0726162612663477,0
139.85721093756425,3466.923756518033,63.67702763134539,4.484187744233977,1
146.67787691266813,3151.2391968787965,19.509836839893083,2.6074930255251405,0
108.18629650175305,4071.629706486028,49.40274657204809,3.2162676884120582,0
103.82417034391133,4517.643304817675,100.0,2.0078980742226213,0
99.88800466722189,3761.677200351832,38.47209949507974,5.10474456344273,0
102.8630413113364,4225.722355201796,47.27604413015225,5.2113801628280845,0
136.4787781212971,2766.4687585576426,2.5660593096853397,2.3474271175620007,0
116.6609185704287,6612.4060837185625,21.896612883795484,8.663399456112112,0
117.79375736331055,1720.6865532148527,59.38244517383324,1.399283663681718,0
75.9813151720062,2532.635784277633,36.86907863246381,5.020884641841091,0
80.6118984887321,4291.103946506074,61.40075128601421,1.063056180703509,0
174.2442665826118,4084.765313794452,55.45619043749148,4.552024216181277,1
105.04760679854644,3759.230414380566,14.750820187815204,4.316037268208176,0
86.75831131971228,3988.551705089767,68.50860372119259,1.009378770676728,0
153.1951174852179,708.0002359167187,12.712611108018425,2.7614636355394366,0
118.59063027615707,5105.115200004947,27.569314542757205,6.714330241067864,0
127.84113770049767,2935.610763230028,49.923500859998484,1.4386695705602022,0
106.11226034898914,4704.490750717536,83.07764375955553,3.7959546378984554,0
101.01222022356312,743.2493830956337,19.057824021187713,3.6767871916721058,0
104.55696306327644,3475.1871321146355,51.59773645062815,2.8419009579904597,0
68.41861759832531,2497.642989746903,51.96683913862264,0.0,0
107.39938615959339,3886.9399981978586,62.014592705865894,4.627455535747773,0
118.5584478338624,3564.8286053448787,74.89504943003406,3.0591007025355044,0
165.09715923867046,3641.405240972692,36.075172316911775,5.2581838353196355,0
112.75284380089826,1951.547875301122,70.8887379671341,3.431490534261574,0
40.26609952292695,3118.9998942487136,78.56358087574293,3.1385165625216724,0
107.2450542962859,3037.1261917004176,88.92409230969368,3.7928381693879896,1
192.62360873116234,3799.924447158123,56.57649505836486,1.0030016365678789,1
135.5586733377193,4383.674157172479,49.64422241383362,6.046891683542187,0
85.54357566034238,3353.905957020336,33.308686477626615,2.2855443590488274,0
127.22805764297344,1661.6295296210328,10.702752527979023,2.2912435391948334,0
87.75575438619676,3324.129238585461,37.71149373716897,5.5945536622387015,0
69.59514701061492,6348.494785519971,46.41223291762144,3.537980632047567,0
100.03673659422006,5163.284612129224,40.10834547215632,2.582093659836321,0
112.2290972042209,508.6475975697023,58.74776157901415,3.8610577078336257,0
53.94896880824639,3276.840430235017,6.442962848275148,4.1914518335959885,0
76.07444507153058,4337.995365626107,42.22138313770072,2.684361610986369,0
109.89932434430752,3002.2723861629775,94.26231388680554,4.857525793771911,1
97.30550120013453,2654.5718228605547,68.74827119541982,0.4632656019175162,0
121.21021322212782,2894.899716410881,61.11964770110178,3.5270170136158705,0
73.84979095909851,3885.0712946614694,57.72359807871833,4.684545393802661,0
131.10980900788184,1832.5466239572725,35.259794289003516,4.2858795037195625,0
74.69122140013134,4631.955718875208,0.0,0.0,0
159.21353818985364,3140.9842490074775,55.806582068142795,2.7131920518359394,0
59.220361185486766,2110.2334188885106,0.0,0.6022457716803153,0
77.51514449873669,4551.452480349924,37.67201173232597,5.593121894260775,0
122.17847626148043,1360.3789663789476,45.76538768745292,2.209240954771628,0
159.7791635443688,2520.174147024982,33.14087481695955,5.213206817763672,0
119.81514734251691,2544.0181240022025,97.61936059222492,0.5220770483326163,1
126.47254454651932,5781.690493166633,94.20045535590182,3.8223669412560413,1
110.97286643265936,2371.0930646089487,68.95592523271507,2.9553879430080636,0
79.0999120117489,612.5982643689615,20.774714455512868,8.558954583180544,0
95.62356395519632,2497.4321714591847,93.05117753815826,5.382183868148321,1
73.52155341264499,3746.7994486838584,61.791216588672135,5.180447845057376,0
71.39046275676571,4145.095284293632,21.273980595402882,7.104994813063256,0
121.82500598259386,5927.864577321144,45.85305227547875,3.566024499129787,0
76.99295047183391,4856.539302491077,69.9179858578536,2.7925775209044263,0
119.48195279805809,3460.9882656327113,34.80854215523552,2.5125209284700465,0
72.13224249040847,2135.625918278637,47.631228411658554,3.7248801781812055,0
118.96073365728684,5154.224590034857,52.13512879318661,0.0,0
94.95968416662187,2756.739485107331,17.3385529598295,2.939823964752764,0
151.56589304751847,2428.3609643977643,39.21850356781815,3.4570757617265895,0
120.19311326300956,2700.4642481363157,23.18778189779692,2.6409827680652302,0
147.0225077205101,1691.081254669614,66.53393791633961,0.10339928695994936,0
87.62907354003642,2637.059884292051,23.132014864121857,2.650598542823119,0
112.62891041192941,2945.3262133866556,49.06133134794639,0.03965881993664605,0
80.86753437912914,4080.84776571217,10.296924431791831,6.632147325510433,0
97.73491958292422,2733.5974806688873,16.67884571104313,2.525783615888574,0
102.59052228289006,1670.2909682255627,17.028678525860037,0.0,0
88.52164620511572,1269.0894924938116,37.02401832081338,2.607168771725832,0
72.99490291228392,3473.112730591628,47.666404541439675,4.857764439124303,0
68.13306056492264,3268.8733786646308,54.44453011997186,3.2750433440307263,0
39.78161719652857,2548.1939467062375,0.0,1.2248793596271657,0
78.9165425000908,2653.2323588173604,39.59442985900879,1.6645548275261015,0
129.00281848137976,3670.5125872467743,26.282499051590957,2.5245003355651847,0
62.47662023022316,4864.90218133124,54.80491472884136,2.141418398589092,0
68.91015467160173,2234.159457183398,37.916445829356434,0.48760934564045005,0
163.09307740156322,3319.982816986559,45.37073438330237,2.8941893313695672,0
91.12548516450678,4317.998843024903,23.983555065886435,0.26800265484399544,0
119.99074076383697,2272.0366816553174,87.07488714210285,4.859217527732262,0
129.07722715168117,3182.241824471121,13.782690518785028,5.143467623423392,0
129.81867788074092,3169.760566573855,36.223144808103406,0.9638155794974685,0
63.41425935622901,1608.4857102267722,47.78691806010909,1.539423646051988,0
103.0378811131183,3383.2968847708426,38.42055940164933,2.2518955015596345,0
60.999819110885646,3248.5917416067596,28.38017566987105,3.029698466271615,0
183.60688936590097,3862.6838779291734,0.319106079057427,3.3829262159663798,0
62.33396908073051,1735.3577792832416,26.113474107955494,3.9320043772162734,0
78.60608014101817,3211.8759092117666,21.180225710203622,3.8204120352491575,0
79.32905974512501,4894.2549549672785,86.79764432870934,6.167531085788895,1
65.19638590944488,5703.97237853316,99.34202708720869,3.1311280109017643,0
150.6773816557006,4712.488134339987,41.1781929212715,0.4732562283483591,0
182.82864876373026,1796.8935888348615,9.889369691910233,0.0,0
95.4668757504473,3760.9559213143075,64.37377148343217,6.222496394856776,0
70.79655346983476,2585.699477411593,21.62570510744882,4.009050440145695,0
42.53345469096475,3534.9510464985074,31.31668626313831,3.3801398325724077,0
102.86910160460502,2299.290809633907,29.353330258925034,3.895380113533058,0
100.98747288448119,1113.3158022190732,31.660084941286907,3.379348183816062,0
90.0894103947543,2781.0011530719344,37.55195797498619,3.893367526820303,0
116.06304553726248,4062.796587910864,10.416361911236374,2.235175691443841,0
121.48234875100299,3537.289261868533,26.618455531695318,5.112695996390653,0
120.42682232226855,3711.017010276362,69.29120101493834,1.870873241208458,0
100.25627716548576,3484.0456867468674,44.032439803337205,1.092354158241914,0
76.519816717675,3679.350757831859,50.06916622356733,0.06055449305246176,0
130.14654218202017,3815.057660832525,0.0,2.481932443742351,0
109.31047568158779,2895.8591854561437,69.118886524275,5.6116937291151014,1
136.31816378059096,3314.9983627021275,28.352307929970863,2.074675750658669,0
134.26562997584148,5291.563867848649,71.6539025374756,0.24671488446963297,0
66.9178528922306,3383.498105359188,48.6111199811085,3.6115288718385576,0
66.89568361403322,3264.050557511361,29.554866202984627,1.7473791192850503,0
87.41764738194163,3306.009033386208,3.251053211480712,6.074286361115446,0
78.41786908110011,2926.620282727419,99.2226379850504,5.153554433474222,1
132.4869916873642,2677.7127369576906,67.35721786762723,0.4590904101733346,0
120.71855342528386,3411.733002125218,65.45204160428062,2.668918131208303,0
143.5784896853398,2586.246522084505,90.24205123279067,1.4996583245861461,0
121.47534162205392,3009.553088989574,50.0395717469572,0.6434937032590851,0
116.10622517540229,2254.828012397666,80.83507852499889,2.8974736142538355,1
145.9579401156585,3307.076893742204,32.26149789742782,4.56683389575402,1
124.37994283190571,3909.5879814382492,62.0632474142408,2.8401529758868524,0
112.01324587062325,2950.1505889638597,28.03606333896294,1.9759201859695874,0
154.34913378495096,787.8631918086246,31.211263780761815,0.0,0
112.88025219994604,3917.7838818143046,46.528148275090786,1.6559022240143886,0
100.44677717190335,3356.0469855967403,12.016350106766819,4.074327604834866,0
84.97707084335845,2003.3418455560561,53.22321860604872,0.295275118730978,0
130.89446423721176,4128.608085689918,35.252075438073554,5.607882019367673,0
146.9631617290462,1508.326699304159,0.8648941272952781,1.8531175005272995,0
108.4752505611872,4440.6934281746335,33.6617748439012,3.4380654038955023,0
150.1366730271508,3162.8108433311863,38.832656754706235,2.303913964283342,0
50.70100760034698,500.0,67.00030808914808,0.7048684134325519,0
108.85478075177105,3413.7654765734314,52.64884087134498,3.8031918508834397,0
109.32553337965223,2711.0558360452656,84.21433778946879,1.7672230233351582,0
88.52150410071889,2539.230380670931,58.65165766771968,1.397104112162133,0
181.16102291042938,2303.8206440487397,30.87785188310625,0.0,0
108.05487232257725,3038.344294686539,42.19618098879681,5.5869321515365,0
97.64380382306098,2636.5400064303003,38.47933763483682,3.0267064773149452,0
111.6057664434026,942.2536761011712,55.68744232457844,5.19576657802593,0
50.06426132249056,4730.238252096589,44.790681016283514,4.325469153127852,0
87.11472743199215,2890.3815033540777,27.597391072880697,5.2019322977574545,0
140.2139680892788,2281.519495351042,44.07131423826195,1.990590624954141,0
90.9589985124949,1844.276263623664,56.56514128677085,0.23199840690639387,0
85.32064350772667,4101.811053695509,19.40685924833883,4.497142848090007,0
149.58096509243552,1615.233162623431,53.68806326528845,3.21823715270106,0
150.33895168533715,3412.7158015827977,3.8649473896918765,2.0306508482783694,0
125.45743744734303,2510.4416572680734,71.2923268667404,4.526172842878978,0
96.63500858533199,2580.832419600958,58.43031302777442,3.5528035328853127,0
102.54802082667082,1874.6349416490518,84.25373413150922,4.229782511574896,0
86.3454782918416,2431.7171010729407,15.056751140571082,0.9859812912612309,0
80.08743431370138,3207.2900473590435,71.0052305938583,4.851503144822469,0
79.23511806839629,3475.29568176631,68.32721676808173,2.9163710371296903,0
91.91851405255163,2218.814525106501,40.29676023050691,5.16740124273007,0
79.21972683268388,3126.725890980887,35.42606188597644,4.960403525899775,0
63.06391989024301,4264.311631037139,19.725431284013617,4.353188962852361,0
117.0410695257151,1188.1440766038513,11.853307929679387,2.80178130398983,0
117.22843781772386,3194.9631235790507,26.200513957479735,4.376969414553882,0
159.7133873517891,2031.5274906245706,15.622023975893654,5.295694710616747,0
89.57291503847433,1918.042802661626,86.36251753823946,4.255549138088996,0
118.96749567355928,3543.929312442986,6.305120701870708,3.3692867520917638,0
119.51189063682251,2535.3054623399303,49.95182284603947,4.41057764183113,0
102.68286301441665,1739.4368915365133,58.55942846188594,1.8517816650705945,0
132.9195386395812,4791.17003948998,56.564983036942714,6.0764822201045625,0
133.53466168333878,4300.618287112108,57.56509975909184,0.0,0
118.96626226660028,870.4265407580601,69.28197506907408,3.0430685069105636,0
102.37905833086562,1476.0819456084353,34.33534778162539,2.175349640023953,0
99.78632144359877,3897.2796050674247,49.38579449834134,1.651177893504999,0
69.04463516249692,2840.322080987186,35.69347810515987,3.568352199039119,0
85.88137942897275,5010.51274566751,79.5014341691778,0.7686208926021761,0
91.10230004466337,3913.901962892898,97.69561684766941,7.275099278168432,1
76.67968904150547,3579.8245445932407,13.815955713734311,0.3435875005225795,0
123.05872936557793,1969.778347955639,0.0,1.1370833285830386,0
146.13714258043507,3792.2805614613126,56.64157209780174,0.8675570769580017,0
82.97141773198005,1675.0105325142335,72.64673675194898,3.377317708033875,0
118.52168810196859,4759.50898435008,96.78368344574447,5.007342591918893,1
79.19363748509468,3724.9138512893346,62.65122018507964,4.029802878611325,0
100.98066899752139,2223.195010065048,78.61903624528836,6.013739389222728,0
89.81092425876496,4175.92887848994,88.31269970032622,1.3595821435644633,0
128.37068778350405,5859.513875158123,81.77025015253153,4.237036856820955,1
90.01588900262985,2931.926958017355,68.8815460438982,2.3572585124414323,0
139.99443396945105,3858.274099569222,11.43623193717771,3.43689264867031,0
102.26935238127015,2716.553679523744,45.77887389899261,5.241175844115762,0
90.52508507726716,3274.1197187376706,55.22276828071901,0.09010833818651924,0
72.69978282694764,1378.5363103506952,40.92511566675556,7.019365267888765,0
117.81258811323211,3221.031689754733,43.51885798255477,2.7048961446103683,0
136.59949297112072,3233.5245279844357,83.65761417053518,0.0,0
118.5122248707716,5345.646408988731,27.22429431979854,1.6810502276013841,0
176.9488639334458,1079.4795002950636,66.89097297331381,3.185162353863033,1
153.16954031682602,2870.215530141389,51.87735051011878,1.5389749237259334,0
100.91462139527017,4762.859216481628,27.347080332789805,0.017882865896060366,0
100.40995153286696,2924.3507658322465,18.184720042551486,3.1282137351220403,0
123.8856089394564,2996.7416859349983,1.6485283526991086,1.5929844873910977,0
84.95327222233118,2201.929149280987,59.24150507520637,4.28030245211309,0
145.0332189669324,2098.6331090420404,43.610098601620365,0.844714014779638,0
120.38137432128481,992.0603876953854,23.835668056521765,7.382722137677523,0
117.940829392384,2479.5803671376316,0.0,4.083876518265522,0
131.06267362500301,2002.118708799321,58.9533110819447,3.3310444511947352,0
162.04423079938857,3362.0618133331623,39.209166757132515,4.213883890789331,0
115.22601403206181,2264.9180799460437,28.888743226543333,0.009544696761305455,0
106.42002542584885,2613.5528329971394,19.682551197304647,2.0027062935178574,0
155.35157687076727,2667.07148496195,38.06590004557774,6.684812486812124,1
138.9474153404478,3144.7495273050754,56.57708661378936,2.273754139428296,0
100.44972047578709,2530.4884808789093,37.498137166155914,2.8508461102084675,0
110.57457728534533,1924.1651810412613,12.83289991666881,2.1093090304178626,0
115.85679212027036,3277.925562294313,42.68334912963294,5.90784827786732,0
120.1650678340948,4491.149763729341,72.64363502083677,2.5098335942127696,0
69.61981886281181,3351.369451972612,47.53683483969983,0.6292375946936402,0
63.858882678733096,2485.7486240343915,46.26450678271277,8.163292190295383,0
83.45996566586902,3038.2645604444615,35.137052319725875,0.3200337291257823,0
80.6302495854173,713.282168551778,23.12329602040598,2.842483309627097,0
90.36707305753839,3011.175957587876,23.150300136636286,1.3568743963552308,0
128.71384509631687,2760.0021584995766,3.772330318404918,1.590079271880269,0
104.66651904823317,2140.380043044462,76.60807265409058,0.7985519755070394,0
115.7039539935711,2337.5265540813584,56.195358890747045,1.9743828238792087,0
72.82731299525891,2676.8975068088685,45.123041604974276,4.997839109336201,0
97.06066108739391,4363.361247299521,51.507810763036716,0.0267827972114844,0
128.20083703094136,4489.197804982073,53.50230234894808,5.51250054646814,1
127.91086575770562,2101.682939774495,25.544833537808753,5.147593119878904,0
88.28653704504738,2620.457310316966,36.12060303307317,4.0861300999399806,0
115.53061238198421,2626.9959154386106,34.542572472953125,3.266335907846397,0
176.64950600323553,4175.299229549265,98.78149309731103,3.4585613922101857,1
109.20403303834631,3356.1105897209404,68.50033219688538,5.847325429648019,1
89.29907057818696,3305.5868714164094,50.41494885379718,0.0,0
104.72703818535142,3845.272735033078,80.06808805864323,4.318680842114531,0
112.69225906437357,2501.9533975202175,74.44422393251882,1.4725974042439183,0
105.43381151478894,4826.718751085837,11.561149914640625,4.779804766920834,0
109.0657329043796,3205.923768119366,37.70409756337785,1.6519998938143383,0
66.7842945539511,2178.40170899847,43.514705498375285,4.352290730642335,0
81.18656032311752,2926.406779351137,58.64337532703665,0.0,0
106.07527221126935,4670.390889956965,38.71239950313389,0.0,0
104.67724414056461,2692.2192185287768,43.346087445931225,2.6780819454216664,0
93.38676782048744,4337.582102688503,33.904790777916446,5.810776268667619,0
104.26999539402019,2433.963143327631,69.97941118140953,4.1557986031747545,0
111.89473804342776,2298.890367215286,9.184175947855783,4.105297665533846,0
137.11733992679078,4022.993479069583,34.87314642315259,4.7070467055751894,0
107.22761181368777,2154.6022142001434,1.4331762014929554,2.2936916111121906,0
121.87345118831523,4186.080062427397,19.83890862549467,4.196196740298059,0
93.9139183783422,3637.1752543630005,54.00654775738105,1.792231555255655,0
127.86091564982866,2155.4057816309614,53.497206678039646,2.3483489838457894,0
121.063319941953,3137.1069327125265,35.977702908545446,2.5408229285410755,0
136.22662126172543,2543.626896045108,73.34272573284711,1.8156946403165155,0
131.78603483362522,3630.5232859393814,80.72341316377319,2.902989070732701,0
127.54479015770146,5500.069573108574,45.20174219064344,2.506582883138928,0
107.69414834394576,2780.5538481153762,47.42781202223503,1.5156370607110858,0
118.12929038317792,3837.3633588275798,34.643396696883855,2.7433661174503836,0
142.33761211264962,3250.9283310140795,59.95866805599505,3.3353648594246,0
90.83846158871276,3207.543842724914,15.700919582759521,0.769780533095024,0
90.40851905202116,2997.780982805766,87.85114403428781,3.7823548243740026,0
114.87163047705369,2187.771416268112,72.85477117334446,2.049580751138871,0
122.46622225974858,3632.79570611116,12.593774284032914,3.42238877874503,0
85.03689868320205,2838.471375239287,24.651037107218595,1.757000115034575,0
108.05035115795627,2113.6536729970926,56.41137077693017,5.121800575424339,0
106.06107090255797,4417.06083155356,37.16756932352854,4.821361732272304,0
43.74776283856568,3316.956142401746,61.818873113502654,0.8233864704529079,0
103.32970360009162,2901.976250384001,35.22744478817567,4.039115026092307,0
105.08328107170728,4818.114628870193,81.78253781487335,5.930448456890823,1
105.96263798096285,971.1878455333542,47.27888272148443,1.1160448071629168,0
152.37677332991137,4750.155728444655,97.42552230543949,1.2291597782302424,1
72.85329473111656,2170.795966674756,60.38979126345883,4.385865939313975,0
85.48278442769703,3441.0299693536176,12.054310765069289,0.4634425938218201,0
31.752868926352892,2468.9181652126867,93.73469859302011,1.5110522535238395,0
95.5304250070743,2091.756031557358,70.86456060476786,0.8996365736029817,0
99.04051687393027,4766.30150452757,52.45211587182564,4.52322330270562,0
94.78403962492892,5423.30637901309,62.44975671860509,1.6327623498966632,0
143.60591642760207,2936.3312433377723,14.33629305885807,2.464209531597751,0
135.9292271091955,3583.9949020682393,0.0,1.5758973911921497,0
112.8082266033362,3301.5810405277166,41.57967058446705,5.371262221666013,0
98.76764918922557,5263.7764996466585,78.28518265006961,1.3053178504948721,0
140.374632698854,682.9084578141677,53.71483563593933,0.1678116408854223,0
109.70629563571394,3634.7028219642375,87.372788989831,0.09502842737252265,0
85.6197083189921,2328.627256509649,77.54112159992978,4.3790618839784194,1
58.818088935535805,509.0061923784812,47.70529777301336,4.6664967380836355,0
96.55331556044418,2770.1127135200854,75.6375263672503,5.502260442815787,0
132.79207579567282,5412.621301259544,80.43538180433143,0.5189877214166554,0
177.66229005860848,2402.840029949573,44.52629979179469,2.560801860513981,1
111.60808569742704,4140.764151639278,41.020111022626594,7.8005332921639,0
86.7181372166762,4624.896741581549,48.60219419710376,2.423888024618234,0
74.69838410944976,3191.4605952636166,1.4786097839087837,1.8368857636224445,0
126.40631319358766,3381.125122101358,53.803836482134,2.9126743328288165,0
56.55086913942998,1147.585888605876,62.27130029211944,4.089711181819582,0
126.2727031053778,2352.515747380254,46.77035964452898,3.9667694109201683,0
134.73939544448223,4310.045147066981,54.447266633693054,1.8138766342609243,0
123.1524333214947,3263.779398619763,42.67674766022628,1.8585100342434147,0
103.10196673461401,3604.713207146225,0.3964701200796765,2.4732460287345357,0
127.2356855394855,3359.858717329375,85.04297826191993,1.5639986861561892,0
115.72616279658685,5847.499259512037,37.26105294546159,0.4822200694564897,0
87.06353118325384,2723.606022165345,28.46085790710324,6.675710161912532,0
164.57700212023067,5106.8956938353185,78.58357260108438,2.2482910106436615,1
99.4948619866702,3382.1957607824475,69.08722322956159,2.3446731490305295,0
133.2432662789656,5238.220359573552,49.675598669807194,2.3966548105038554,0
36.585702993791884,1722.2235306149296,65.81927673969942,2.766104492351099,0
147.78383412186815,3400.6802734538073,18.027671813277266,3.912798693789113,0
154.4196263199009,2715.9220293224416,42.78483879700293,2.007542490448601,0
110.9742681179732,3378.8655796433045,76.26067815783534,5.2489186957644005,1
126.83225414864307,4691.355323511951,27.74899550640656,4.158416481687569,0
126.53996283936748,3600.1151953370454,19.240970385021512,2.54156948875254,0
91.1329139324157,4674.74945262495,46.96589781293603,1.6788681770080927,0
125.90807902880707,2384.2291380233096,47.13243063948714,5.168445876244851,0
85.34482899219695,2202.9961686529455,59.83920033723199,2.7464113220139086,0
91.5728972637536,3227.630074641083,12.197107017714572,0.5702655438155103,0
143.18970562431457,3192.021931463469,0.0,5.048844583596429,0
138.84733580306346,2962.642991533988,70.89747523910737,1.5894057268468358,1
89.22462830055012,2047.68758889939,18.05637305242848,4.734789062778715,0
87.66228516658093,4606.890458810061,29.19279553929297,0.0,0
90.91235047967739,2773.369979434898,0.0,2.266279749369924,0
132.25398037684428,4897.499944753382,70.04911943794671,5.312463445417214,1
79.93262564866339,3246.821051869195,53.64078854112781,3.0206031729843588,0
120.13242635361672,3985.3063957961326,53.13598484923394,4.233172012440361,0
132.42536568375888,3863.635239672281,50.91705459145331,1.1390164735372414,0
106.55567569156477,2205.374330252986,0.0,3.6795946058456828,0
140.08843916290414,3647.8945168103423,21.570261292875543,3.048793760371165,0
100.99730251076565,5527.8219365019995,34.46900256862605,3.462286696047615,0
103.94781675875312,3478.523274218346,23.937403335433522,7.053339447915926,0
80.63930038874031,4278.52794081505,38.98386817293463,5.660772702378301,0
140.25681286027577,4031.8468646640895,52.460577954543794,4.54300245712893,0
86.72479201357407,3572.7340442945056,70.57865547776171,4.631672539908171,0
120.31267984632642,3449.916768084117,5.518880819576425,1.1874906584968055,0
108.14965323801903,3828.2895176514007,42.79435158085238,2.104379285575903,0
78.54003661631162,4135.018536749752,62.72949286983122,0.0,0
91.69119286497136,1584.6879038826128,24.723525760043042,0.4204751623362611,0
151.75201435575664,3486.8439732348525,39.39242303397713,1.1973902239446284,0
116.00021357202674,2995.225771381983,57.60821126830619,3.0227934010970934,1
79.166062929531,2722.537633534525,44.334034658985914,0.5233185878053571,0
118.75587031574987,4718.95287512188,64.4499124658281,2.890050777009892,0
105.84067136624418,2251.5237212960124,47.46221938197342,2.6669166783487794,0
213.0504064035659,1501.9717729020917,35.38103186863448,0.7164694444226347,0
118.44760998571608,4144.01636444208,14.476678242905843,6.029594483385316,0
98.55433837021806,1498.9339673853308,49.85557179974695,0.378232255713327,0
152.1866562643943,898.4460465685355,47.67450945535594,5.235081072288395,0
54.13290362604411,4284.738958394382,19.155519490968555,0.0,0
112.33009214501865,3362.2979789016767,58.857205024362514,2.7561271895592108,0
169.0761081731872,3759.689763667835,79.61945038014889,0.6140841446875034,1
106.74465256501,2664.734747601548,27.620421034934484,1.7563466301957242,0
58.158989383531974,1573.4511006854286,27.06468187625772,6.635819115366482,0
97.79614896074146,1788.2368526919831,25.490548496599203,2.303593353759354,0
153.0530587350201,2840.2707237791515,2.926210110125321,0.7798242905938021,0
121.76651735017784,1666.7992296317746,96.10027033874752,3.987257600356024,1
84.97613848081113,3582.4297973722582,30.502689202018857,2.30835018405827,0
89.15158494389101,2645.5199759763996,23.725466734622472,3.299897388691518,0
93.6748488459474,3389.5243136394856,16.235753408525802,1.1479633471910269,0
120.8550418283496,3402.567986366426,35.56328591496703,1.3013326347397798,0
150.2272057717002,3671.4691678821523,27.294919102515298,1.4416532332692016,0
141.1832105159547,3796.260006595655,80.70840030256286,4.6009321804730146,1
123.09350464190686,2771.172728530933,14.243329546136724,2.583420978687564,0
69.47197242801236,3441.0665955624627,5.674711242740503,0.8961817763071008,0
71.03321332361335,3446.9200859997263,61.75063766978795,3.320608129298921,0
125.66897075562362,500.0,40.856881586978375,3.1915767642200166,0
69.62606939034202,3961.1034361916477,41.558720914718094,4.1900452083451825,0
103.38384518403302,3385.944750243558,57.1381271263372,2.07266682929142,0
119.09167074449452,3849.6182264255194,48.00462938596328,2.8017714572506085,0
75.83829979285359,1644.9054496758217,44.266147256402824,3.8587928022458837,0
79.22938042112453,2814.2727455349013,8.50081245783469,0.9821754702624658,0
107.39197845947105,1897.0635464263728,1.7973377369285148,4.789592098997677,0
124.68407878461822,4087.963836350869,27.078692525728265,3.121178557804877,0
141.62378516035938,1508.4386842603724,19.24366441950273,0.7894746620703642,0
127.27850517236111,2071.483789070344,51.822945152435985,0.7811012378483838,0
111.45478129510131,3862.9805540734505,2.842119590897297,2.771864635265691,0
87.08078032544978,2457.9949852139757,34.64700907141524,1.890412129223746,0
78.24149872413717,2098.3758874082932,40.01402501682776,4.476130329174522,0
94.5909190219821,4272.539553904353,39.95886030539398,2.376350123436087,0
122.57896297750861,4327.048055222514,52.67373222392923,3.5122175104086226,0
120.25395418940998,4076.028208970807,36.40195719100047,1.2652325172719414,0
47.10403841101031,4206.749977661243,25.952606412518605,2.918676548452751,0
86.02236510312785,2903.5697273746696,75.81107684590249,5.627059226752235,0
146.12997497019015,2960.2741178249807,37.33497538809714,2.673037051228122,0
112.50179204367504,2396.1423713703634,80.06104369130605,1.9416248661312339,0
68.3802716298651,3397.1116170319965,36.4930415677719,1.2813376088905863,0
180.5615951734809,2584.3454368426687,47.53645442566922,2.997102191155036,1
109.39288778582426,2683.2055692250647,41.59862558095032,5.869152066358571,0
121.45044825815383,3898.957727325065,50.59335845766035,0.33934852087186623,0
121.71909963894878,4630.8527579020265,33.008552610066694,2.9486502277300013,0
99.34781394578872,3665.8800241838653,47.39512614715583,0.0,0
88.9566337350809,5370.112824114802,82.58222182886415,2.2229608591288748,0
173.80480201203898,2363.5828875600096,73.90257510958496,3.54601767179229,0
139.8267864487456,987.457253887806,72.25404988793488,0.06732528563942002,0
134.88699648443918,4042.6021722294513,13.63059312448906,2.1112895461876855,0
127.41177007497863,2256.8142893781023,15.812710590187496,3.637225725050839,0
80.78660168355127,2923.3933377303542,52.26879788063689,3.2649941939434397,0
148.59686781235848,1030.3724503708536,62.79893945691923,3.686987498605242,0
84.32656566401903,2085.694480284508,32.37441134809004,1.0833013012855846,0
119.00987733983715,1419.349609373171,26.296160735546856,3.564271267192391,0
61.11014400227794,2696.532471721434,79.14055848344242,1.8276332958259862,0
49.17415849531026,2733.70683711173,62.16244516658054,4.354074074983316,0
119.67795681982803,3268.1615519473416,69.96423253938076,0.02417757315342607,0
86.10332015870814,4698.476435289797,31.806774767086203,2.356409744919593,0
50.47624935030181,3992.706789763331,33.47552424022705,3.2277167090157026,0
126.0982490284549,1251.423524760963,66.17909568167407,5.543966242133025,0
173.65368746944557,3937.737491803709,40.935126690586884,3.0792688853435677,1
151.6536194526726,3344.23174243508,28.476508487600853,3.382643265882248,0
102.43655448711216,3069.5862106604827,23.049764017852823,3.7535205024159213,0
110.33177695537476,3198.498577023216,33.13760934327837,5.497365922579566,0
136.47416729708627,3461.7580051235786,65.24155213174821,2.276120653433055,0
143.62735701370045,2350.4969648900264,7.990164130015531,0.23662614312212255,0
99.69856030554672,2971.6046199607813,60.95747112749911,0.12654534445581592,0
110.28756824112196,4605.52672408412,28.24689827479369,4.332198124047932,0
119.40977249358296,2354.047395255238,41.51436428330284,3.5017243337091077,0
126.73917164225269,1976.683519924377,42.52052730403638,2.448569632983641,0
105.75540443656217,3088.9859809881814,38.197441847930584,1.8026547903316623,0
106.63647781409091,1803.6165415688195,37.59596756517374,3.3189552266177866,0
151.19675612190244,1116.0586809700967,32.66396011779016,3.414494287679815,0
146.09674387586313,2813.6539034026264,29.83625812083523,3.971161353539191,0
124.44985464902739,4943.051176243506,78.73193169400123,0.8320945722465385,0
162.172249392667,3185.2434689928427,46.507631836677604,0.017282523560100554,0
98.51195000614238,3411.1849825349846,42.773051240423285,1.2368372145430984,0
158.38964949553048,626.9592466188703,29.331705425987924,0.3676576918880013,0
126.15927473315008,3692.2713015446443,35.46094469742726,0.19201686059387407,0
208.43961891794766,3295.416710743441,28.317913845100968,6.134788208397622,1
74.3617119318398,2389.696722290688,66.12670893024713,0.0,0
89.68378872569207,3367.5959495500597,27.202066208171694,3.9128591321021,0
122.75738282929524,3387.278364485507,0.0,4.769542080550951,0
122.2083327725529,1911.6027497084388,48.18939386545868,4.931722450034891,0
169.3051983618562,3598.634961125169,37.2272379008469,3.528810883689547,0
89.3590719739941,4635.757045875317,30.579360373165212,5.666307885601959,0
138.0628574593872,2932.900465891299,69.14233799493385,6.584499934902283,1
145.27459639260218,2126.4460420949044,0.0,2.449418801418457,0
132.14998885562966,2964.1997002334424,87.73401977941214,3.909236735201652,1
80.80669923494608,4244.018729504529,70.5167084593069,5.52042880487657,0
152.35298059988526,1723.2186929723928,28.621219712799697,1.317849891653873,0
146.9637506215044,3911.238695698044,33.73016265287927,2.441458893091247,0
128.3534160545182,2383.5758418801074,58.71004770770314,1.798857900140147,0
116.28790186852459,3494.2434385202787,59.553406027200325,3.881712364441442,0
116.94309416173061,2533.3737959728264,31.448730415805308,0.0,0
107.91156880126948,2508.4703681381457,4.504216420898882,5.897226303775816,0
129.15727615448662,5014.357638601468,98.2951041355816,4.054548798593494,1
110.6936681906685,1495.5004404536796,66.5927237567531,4.238735320260546,0
84.68129978257988,3780.840806667376,47.29384752435054,0.048138300449290405,0
78.29287563691375,5289.083895570848,49.263022772115185,0.8706903019623594,0
87.34978730090909,4014.4675143698805,61.0367930528617,6.056152271713067,0
116.12355623384458,1625.801569337381,63.43076265052918,2.55578198133342,0
109.22237036405758,1697.0925317203262,0.7863799240710705,0.023243409018540953,0
116.12854227292156,2280.430229585216,36.11484749894419,3.511229686169039,0
124.98680909803767,3413.268755102485,33.24905752227466,4.309218034026934,0
90.76558895800683,3470.74208343416,44.60036810146314,4.165598157367855,0
153.99226724797907,1681.6150451032834,63.9052047220453,2.7081055420098417,0
102.35988239737688,2150.0214969008816,1.718665383034751,5.28863653894896,0
96.76166379274373,2250.5824208208596,9.341419580312614,1.6587251559260257,0
124.12668392012796,2990.047521980774,28.184910495950927,4.100905944692669,0
55.21265637172767,5574.645967353303,47.8882081317015,3.2037559880593283,0
86.66531077257609,2071.8520374136538,68.77001793130971,2.569173798658115,0
139.5695684235782,2003.674473995785,84.9636032152663,2.191201480125764,1
57.713818912533675,1828.7678138056717,37.75364896420407,2.2656337821056276,0
143.24812567250268,3987.106461548046,64.56476605622562,3.0125800194924692,0
155.16740571172662,3172.059970003394,61.47452696786102,2.3783717368709216,0
98.87633439580874,2111.69840930211,58.38573084034929,4.3276172421401675,0
118.10982921507261,2742.639742858737,44.943838824780705,1.8704134070143932,0
143.20674010876786,2269.235486023986,36.58643174941559,6.167315212923784,0
96.50034821719784,3563.682664526818,17.53140243873836,1.8921065816828664,0
136.08297120236415,6381.778963577858,15.806313045736252,4.803566184268538,0
90.3907922231046,3918.5945452809406,55.62767402250873,4.964535383557072,0
96.10627052842825,3088.633068844808,45.99084888542961,3.2005295992023273,0
85.87501849522727,2436.0332918426097,34.47376925480761,3.163505913989322,0
120.18105978623123,1591.3839558106831,62.298547975269294,1.5992348002216374,0
145.08662517471444,4059.5852131997194,42.50436362859954,1.9957830961512513,0
104.80345977413957,4019.0808582589057,26.17324153412782,3.438674218687055,0
72.29496610201345,2611.3487676740383,38.92829017083855,2.7824802088507643,0
77.49458875509225,4653.481480739966,66.62997471864723,5.4645222075304725,0
121.85703195616405,3203.5394100121875,19.59932284396817,2.187047796633698,0
165.19777572524794,4125.611662075742,47.979791027334535,2.245044982272159,0
121.77861260833464,3560.360111534599,44.11977470746347,0.06659386193310092,0
98.12574265466472,2993.3103371415395,28.056779202073876,4.290103694256021,0
132.97008576954096,2024.9036433954384,36.570270330251184,4.148066649439319,0
102.73599633842478,3012.503842890463,2.9182876624352914,4.991960372849659,0
98.51650391464703,4170.994861885249,48.586261684385136,5.066828817339722,0
81.51645915665124,2602.6171114415883,8.265572129421201,4.538660018743898,0
151.73590511157812,3731.7562103544064,69.44187136830574,4.703752400490007,1
33.93497487462817,1877.202620455869,40.248161837973214,4.313934914884741,0
133.53132384220487,4164.2179684048515,27.695664671038998,4.592097029237288,0
95.76085939466509,3584.8312984810186,75.58605521936504,0.017042816519528502,0
97.39514355506553,1755.3953484953197,19.40745352564853,0.813190906346048,0
160.98833550533814,2921.7337356372777,29.385028453407106,0.4860649815875372,0
87.69694608737274,4304.948987707973,1.1020209276752928,5.425750408214228,0
89.6674801802414,1673.4154215063236,80.79215656529693,1.4246791717678686,0
106.1181815156585,1938.379173142009,90.83402046784752,1.7392037613632694,0
122.01193500947069,3122.089350330881,3.7436299196765304,2.9496335339870217,0
96.77288440363367,5739.020603288261,22.688775595711363,0.5627150318141994,0
62.3146993212724,2418.837323496831,46.28401802198796,3.7740931667439774,0
83.9824940047078,3792.492128053581,34.2518791762675,0.0,0
147.89960439327746,3493.8197899828956,44.139208873555994,0.661742559303922,0
113.02013412679857,2532.109401980353,41.74775610638063,3.4638213800896223,0
123.84456233009605,3371.5000952798323,55.16675366921246,0.4902105437804707,0
102.29858655719052,2646.0952683930955,21.21533494328141,5.548761665036578,0
89.8179283017484,2770.6041539899907,50.017241142375134,3.0255447571598943,0
160.18978822878645,1212.9445374077948,19.09959263860863,5.264990293687875,0
104.30632334359305,3155.6426904249724,33.61843505519169,3.683694595174194,0
96.79676024303674,4234.683213563476,1.2899314521901935,2.9064730164200756,0
143.05942003633115,3269.5496100282303,35.046904533637004,1.0910052629156926,0
88.38995030606117,4487.680478904538,29.344765428925847,4.870192618854006,0
92.33692277503418,3889.218783936594,67.92992639169465,3.853793039531928,0
110.23205986064993,3112.3952493719507,44.64963466021894,7.253687472247856,0
110.13698509976737,2424.827621303601,46.863847938747796,4.6737153065481625,0
117.5448263689415,2611.1707556630545,48.56065435053814,2.2032605488582147,0
172.3746004456528,1422.7578509417222,2.454921011913391,3.590900039715516,0
120.8391522872747,2862.6988649862883,0.26537553933247393,3.8135684921444883,0
38.86640256951262,3394.512291305841,37.86343774998502,5.323019799821306,0
120.52243463278441,5238.601474850255,53.155806071095235,5.669204163239498,1
110.99010350049831,3828.9500430647204,39.94004147502393,2.7640659536599297,0
112.26428671192149,2161.4502547203915,23.54314864278807,0.5425434123333644,0
117.4318417835287,1438.9877491411614,43.127787873660914,0.031395745836841855,0
109.55838395000006,2929.745965512804,35.72248333866895,0.646254818255096,0
108.41314129630278,4173.30893966122,63.91950118696075,1.8452933533782299,0
128.46596902159334,2933.759986422164,63.208987522103136,6.100184931687415,1
93.65392000610603,3834.63670859136,32.16754299115084,6.041177852318461,0
81.40287894542591,2982.0793171580976,46.817685199420524,4.891129050484663,0
201.0920969094418,4065.7538560198886,51.89752750590659,5.433421882784064,1
88.49645555405021,1295.0365800781346,56.46780315317494,1.6141981051259666,0
113.33217466650737,5138.328806516627,86.87839627501693,0.0030081792934270406,0
65.46151765881613,1889.1815156081032,44.17599342197596,0.9697713300610064,0
114.06573548209568,4154.652779174762,76.062623562119,0.03267244300171605,1
82.16846856897563,2845.620967843393,16.64262575996064,0.7261096797275728,0
96.09561152627589,3055.0852271415206,30.582960602663313,2.033252533542683,0
141.27191769320518,2885.318828590644,0.0,3.314249565360874,0
124.18991948999988,3523.600849278314,47.98897774609733,3.302944938230378,0
127.10496601388446,3776.462347095299,60.68523339498535,1.6619874981677558,0
57.427358145718834,4469.877511830916,0.44843903590768297,4.04287652364436,0
165.55449083764404,4912.746547433482,51.37653693016144,1.6564582673718746,0
74.14203427492242,3620.080087711054,63.24505172069654,2.9435496820041696,0
156.8720378682393,5262.473467543367,58.96248146671393,0.6934517620649872,0
140.4604660285797,3322.133363907988,17.894929291874455,5.168271445974365,0
127.19292357709834,4511.874354862091,65.23931965587413,3.055356337471791,0
83.96304069568613,3686.5798202305177,44.19739608263756,4.282757732067769,0
113.8763337038724,2545.9563931855746,59.978354027259975,0.5835663844280295,0
95.42797030054027,3428.5817468270125,43.05390497289124,3.306282390642129,0
111.30541803488931,3775.1100246893043,55.76993591270427,4.143395157840498,0
102.7966008041692,3199.6444247478457,71.980575025743,0.1264734416379978,0
48.44657981748023,3717.2503562374213,39.36588850330658,5.324132400390832,0
143.73995167427358,4260.414272700681,51.597248317305954,0.4430808574587316,0
107.9225876867335,3180.177889612029,75.90356882875102,3.4191044084771454,1
94.68665134792518,500.0,42.158059721650375,6.570493709602015,0
93.90888452716892,5188.530484655495,19.732105881219603,4.892721596340029,0
121.22101480798001,2840.915599313315,61.26826107575563,0.021713547810693266,0
83.52420588314526,2226.0364646108583,78.44063124236244,2.630758272528211,0
42.780832462626556,1861.9498151005273,74.64409213555678,5.408117100014984,0
121.38338470319233,2830.5045386231186,64.12522443568302,1.4112191891842782,0
125.51257119863799,2518.4857847632816,0.0,2.345675598087269,0
104.50334773113562,2308.3994916020306,29.504426498672146,2.2013937203139577,0
75.5971882451448,2381.5553725476866,29.33866134045052,4.157533661553882,0
112.9970706436516,3812.576045503961,45.877654551187796,0.0,0
66.67926993159416,5666.437676637428,86.71242393306937,4.249082902195498,0
79.48144934091793,4179.699052549266,16.969769825261444,1.8461720655815137,0
87.39691628412112,4552.1647681870345,100.0,3.0199998323680903,1
135.53028254521817,2763.3862814387408,37.364829541483495,2.5577018963835974,0
98.4315999049207,3310.547319822232,26.75969790064623,4.197787357258762,0
96.79614050679393,3717.347681649527,69.16578682164682,2.945052056656464,0
168.8998542789143,2408.3465845797396,66.1266459806975,5.9009881779221365,1
120.66037995832693,2708.6077290460694,60.883553016589346,5.031421998837565,0
120.66461189827575,4225.6683116530285,25.276258423746995,1.3849182301120428,0
99.01145120356605,4451.262196626536,58.664078195110456,5.7675561584045685,0
92.15878141383827,3262.2110283627753,17.309088348020797,3.599572675815694,0
45.13293172539008,1735.8050556192484,26.101148734677917,3.31814298317371,0
138.71686471550515,2883.8439291752866,40.43556919694629,4.644423726674325,0
123.95685353930739,1498.691562433422,25.62179364724899,0.9280138635832044,0
105.12518579878682,3247.192336821296,73.03234908209434,0.24417384347594184,0
106.23811812706467,3486.2891646761686,28.80211540919968,3.069826413361144,0
131.93819488006554,2847.4013243988197,38.949257778267565,1.8054279423970285,0
63.537078232754524,3494.428821987371,24.785350480817296,7.186157792698625,0
91.97828293460597,3681.182051886233,72.98782014592467,1.5742443965744919,0
75.67515457976155,3502.8903231162444,26.158508059416523,3.1166476400679937,0
163.1525769983646,1730.6561291776704,74.16491938337352,3.2813387982995086,1
135.94655216756286,2904.706341394418,72.68043644007565,5.44760344370675,1
43.8066674311701,3658.2145954723287,33.88612488012723,1.0082379936253472,0
64.15919919456204,5144.561707443867,47.85411523595682,0.0,0
106.26116985545035,2903.786853365325,32.37959596340128,5.831502977991617,0
96.45394429841164,3910.6335173969856,57.977657570848244,3.249429246611141,0
71.17876752963588,4265.927791481123,39.11124558826577,4.576669756641272,0
167.88659222044345,2995.139831319008,34.96833549745798,4.773157913526106,1
119.05687122912192,4595.955718100787,45.79708002087747,5.113664117102871,0
124.18001087873544,4622.510413173178,6.708440110270571,2.253711955078473,0
89.52893560903138,4849.054810151756,42.57871479086866,1.7415317770999337,0
131.66320113367843,3758.5809580569903,60.95132444825672,0.0,0
99.03101866513391,6055.244407744558,48.87928081759315,1.0675437690226337,0
101.75844582412026,2461.5681176450953,67.63379839685877,3.18330145402636,0
127.63846985294889,5759.991972557289,37.204266093423755,1.623854589914389,0
61.16777327032744,4115.346879886839,34.60844914955597,0.7352737087585547,0
157.44997075537935,4800.251994766533,18.159543864818023,3.0603334020077555,0
115.31945462371101,2786.5692113604214,33.44938450041036,5.73731742261215,0
148.28068526992882,4222.253966781821,96.49880723093035,2.890714975560998,1
78.04189773998101,4902.5566540778445,49.20302310381112,0.7231769606489405,0
82.33354240712535,1869.502263338536,31.59131588960219,5.587208274283494,0
74.95885119548888,2992.14160980674,20.091169045792146,1.4355649513692876,0
118.38358884233836,636.2057817379675,6.082986756543318,5.924726061422816,0
111.6876632084336,2999.3619735621264,23.95934597395562,2.524387850017763,0
96.26015343098874,2217.110853208316,64.20950261536929,3.1345344687965166,0
79.91182499358119,2960.063672906565,35.43264888707729,6.156394556479496,0
72.11196881412354,6738.205021386444,21.081806682917605,0.23844477709046621,0
108.18533632576376,5255.665002514604,24.206761247423614,0.8094790658826749,0
95.6649195790681,1492.1747300622758,61.65554267465521,2.3828542277584774,0
89.69275168055944,3853.552145743307,46.37518804629691,2.7362214964768934,0
156.86256049241015,4132.6928707537845,26.987795584255746,8.24839563322105,1
107.52348608355193,2775.6045220304404,39.32878556643841,1.162214206872169,0
147.61740542734688,3396.7087682713277,100.0,0.4069202550599171,1
94.04846899478898,3522.445108076137,76.07714304520705,1.1065949503528272,0
117.95029755952498,1623.7449267513828,79.87649339100913,3.499549986216707,1
107.94191035108784,1951.9278552524604,3.0132817100172957,3.95120253271228,0
59.01728540571754,3399.2711144076547,39.58405838489474,1.5687402072641023,0
152.96751818253648,3322.3722046369458,31.193187052480262,3.0954447675752617,0
106.37960830524688,2323.2861125436966,57.86853780375075,6.838615979421149,0
132.2324729822373,2249.6182126739036,73.79312198584392,2.9972197179519418,1
87.6379609935694,3105.434154543729,52.21980626997252,3.5932592510200614,0
105.70070464906597,4293.051906770358,21.883330991229656,6.792093317278017,0
83.45159003504263,3134.477017148985,28.436314703312547,1.6955654055542533,0
146.61984669087698,5154.562155435257,59.467526827680715,1.4776111915931955,0
119.30677657262099,2360.532712970777,62.726111150598264,2.0164096152878885,0
121.4364044187725,3428.389246413965,51.109959647779625,1.898552646789578,0
150.877387806432,2782.9503411304995,47.449942151972806,0.02052164357572192,0
145.17214177878034,3904.6675128849843,46.64119636259996,3.1933398401126794,0
132.3633746816756,2260.2853022246645,54.167527345758586,3.3359180232339463,0
67.48257997263588,5494.209378541844,63.337489157407106,2.6398141385434157,0
88.00551205659384,1184.7133965048884,62.56858389510923,3.534235640759744,0
80.47501229271253,5264.555048831653,46.51440128560541,3.5654940437402542,0
132.31978270407575,3292.8742099228034,45.37825562822546,0.38731278510628875,0
115.01284076049652,3892.6803496890207,42.77877638452967,3.6398482648685766,0
67.42037077329331,4805.570710773933,26.452122984707664,4.110558074059276,0
104.2606587291315,4200.718204957259,27.991496125767398,0.0,0
65.6907847737546,2342.8978741079363,58.18296453193618,5.927425330484124,0
108.60973980308415,3906.646860178666,27.906612128260154,0.5447672924720746,0
61.08376455083682,5432.8040875086035,64.36099709219606,0.9145421124750786,0
125.82558585411098,2131.461535019904,45.334018750901095,3.390157216289336,0
122.15619606015501,5759.364306058286,63.07299425709608,4.07895787082009,1
166.43511465027066,3661.6453119681255,60.53381926113908,4.6468687504139154,0
135.14025594458573,2692.467043755438,67.68749063261762,4.147718049649637,0
96.82572320411862,2096.628209779434,32.949003848528925,1.8760167690046434,0
134.8383094874083,2910.03333398297,52.59123718703431,3.3059524458801866,0
67.65920821205593,854.3393984457887,62.3214030200531,2.3862062503825103,0
81.54646650933138,2687.196661210411,5.250544109917835,3.2081021206325633,0
120.31825339318686,2880.4129637109036,89.93697815935624,3.1196520593825405,1
45.41582242262834,1925.6177626677302,100.0,1.9539803103421618,0
108.8982429964596,4081.3367201609417,70.11500589894689,2.2862719507397533,0
79.02213654028611,2922.7931435012674,63.32825240446096,0.0,0
113.28359164706914,2439.194445671565,59.780636793281694,4.69612996785578,0
77.53902214145619,2767.0735815616,39.30852460629041,3.6633596375128934,0
123.04819562943275,3646.251528734628,43.61812295590727,0.06518233282317737,0
111.24008705487014,3290.5027489717054,68.41212213711826,4.670139511683412,0
151.91723455637583,2360.661156008852,21.952527214392806,2.87999522838955,0
110.76898230337957,3340.0136319100056,16.647312991069768,1.0255272287818193,0
87.01675322171629,3152.9812843676796,33.887803348411175,0.8248559393333331,0
102.87946367215382,1829.3716181981476,58.648825442754394,1.6587044230863421,0
69.21191626801401,2878.3226946940963,23.305133875896395,1.1369983606759855,0
121.96604448951808,3860.9817624361217,40.42364358204831,1.4848657987887097,0
127.4616964436799,3887.865282279862,40.927820797094775,6.423182795272784,0
184.6791066726461,2924.8476436169453,19.635603369067955,3.652285061358652,0
91.20033087135445,4018.3254583275443,0.0,7.039780264344818,0
102.29205182282318,2052.1731371175474,18.486322157505352,3.471402492438553,0
92.7102925030505,2033.9240015695048,50.00378344191539,4.10432674091132,0
116.2979230952051,2870.6086551229473,59.13500956172173,1.3152572889983147,0
120.95184348080036,4990.038656543561,56.436405298088545,2.637973398625923,0
107.6770174107335,3358.049727779407,59.89914819258583,2.8239069705343676,0
142.50516389205143,2915.7309898828066,28.585218463028173,4.159783462417135,0
91.42845639222743,5071.6683687899895,24.545909795628706,3.0018900991597066,0
139.2891543040922,2866.0450664145333,58.20882530666547,3.6902260274369008,0
126.29870027034258,5897.357848566454,43.95244518634938,3.6445286980218476,0
110.42612539322582,2611.9204561504207,67.44504765506665,2.351358950214743,0
101.23782784985842,1973.6069578879606,55.20033960725264,2.170265900149946,0
182.83393421018044,2993.179692178497,78.61764689474596,1.6753774679849807,0
85.5478215684362,2907.945469525722,35.35903807011723,5.181684267654097,0
119.18072168152997,2220.615327640591,72.7298822848542,2.4288074785341234,0
87.62294290298695,6303.8491140005,97.63558497663222,3.710554589521979,1
163.88141738009247,3571.809619014293,46.99549106791284,2.724660794565018,0
136.73429930289282,3764.734246824565,56.63269960795199,5.1572720619570225,0
89.6616179990817,2663.9291353173217,23.42626645074239,0.0,0
125.16316858421133,2481.3839570722266,67.6853002676681,3.598716582405906,1
117.86377392632764,4426.9049424073755,73.77965015192474,0.4286235103353069,0
93.61400311651357,1187.9195047764747,30.64574566775154,3.7550095821368843,0
132.8247438899636,1800.7864561006982,58.624761232629155,2.7313454900367664,0
120.8919904770613,2912.176786513389,51.50206777967926,0.0600552062851851,0
116.62506595645,4819.158421149761,55.66993264011031,3.7131327898621036,0
108.32735513568412,2731.829083283461,68.0726369206723,3.5235622529245036,0
123.43000733827495,3689.753293968936,59.24764276117599,2.4743339945927536,0
116.95457715911789,3244.0051819870646,41.305056943664916,2.6966537290379913,0
111.81954347402238,4775.057413619431,64.39662655590061,3.306851159679883,0
90.9812083704801,1305.0915788633233,74.74986512221574,5.433733293530351,1
160.47326369271173,4121.322042713711,31.656740389639946,2.4420968946549166,0
78.96766603697733,2983.6077060262196,40.27776611602183,5.0399292326994205,0
123.09633437349665,4320.926893430598,2.4417975214063636,2.9157403665915984,0
100.19863302108138,2202.845048565354,60.23882472732192,5.60307785826817,0
162.39553277322938,3251.923171432279,72.45390559936938,2.5860178075656695,1
82.75058036685333,3061.627677514877,39.61113823542838,1.631036983338188,0
87.85693364922257,2012.036007118341,48.50472010965275,0.7714516676096893,0
80.46610920434999,1614.6195788309992,37.6037107459626,2.9347787089191746,0
119.51725566765518,2493.624167987734,38.53570200566764,1.4659695022713053,0
68.56337866909169,3327.9455713254224,51.53525832462342,5.851765774309161,0
95.5191025761003,2285.9750424407757,24.750112452250384,1.1614915502035372,0
45.32229656372574,2773.1166932494607,38.001233644484536,1.6618840762052776,0
117.39523947636553,937.5711964088312,22.188410645283945,4.159280512719837,0
95.01249743854011,2764.541512979743,59.53733654802034,5.4018272295138265,1
65.56082663468037,4415.297926831722,51.9395112435104,4.449219734224068,0
142.6995395282359,4039.7992496525844,33.9157510270978,5.144966871098555,0
70.72203541275782,3100.089644705474,45.354286528375894,2.842327869959659,0
134.17348920293912,3491.458055078908,39.81175677840647,2.842787533948572,0
87.90239730045573,2233.0584483663943,73.01931615874827,6.982070673012347,0
157.85648551947313,5135.592248912793,33.900052925356675,6.370426636265436,0
132.27173669790844,5692.044653391652,63.046245756057054,4.365274246775198,1
79.84774903690656,3403.0045534684,26.747949164849935,5.18786516388296,0
82.24626589237988,6277.025091385253,65.210514629082,4.703920079854507,0
128.41956001425095,2385.545416055657,69.7546127111091,0.6418243075386909,0
102.39013337128888,1696.9626152316423,73.75777418289775,2.953167499902995,0
104.34639923227921,2338.6520695481713,79.26567723190166,6.09064096632591,0
148.28939897329602,2972.0866396134024,51.054215632910825,4.356114218298635,0
86.98764116178884,6000.200120829999,76.97068686171009,2.8571681414884518,0
112.89186501310985,2847.3474385826457,85.37441665320998,6.081642413196532,1
138.41338390871834,2181.106279403656,18.224208260421904,3.7537232706298007,0
133.978313780362,2136.6775437147344,29.610287354936595,4.499098345955203,0
104.51582066981278,4570.917571634499,6.591804171547903,3.7033770880710244,0
101.2631267143736,4374.837835069908,71.31652134145435,4.1147142071349005,0
57.33679970848167,2598.352879712369,5.362487932894856,4.2393237317307415,0
77.7065803528695,959.6575814834746,0.0,5.58309769715422,0
119.67438510641361,1855.8369342738188,18.96882666180141,5.910424590248508,0
106.28769767489021,5259.792601843167,1.1118476338814578,2.2119201720201533,0
112.35778892846257,4052.9155283186433,51.75465230011761,3.6655775762126463,0
140.6276056785207,3308.468406895948,18.086922314338896,5.569160892165386,0
74.34528684184222,5472.232337382648,0.34735616843837036,2.7469273252919675,0
103.17222554649666,5579.717459709471,41.661898624090206,0.4124755104533334,0
115.64544370538705,3156.5833273237963,45.97238469317875,1.2460263842644446,0
89.03021271122427,3152.203004973502,0.0,1.3911080949982273,0
152.7250958935369,2495.051901616923,26.869768460397562,2.055078499921924,0
137.14612169648447,2856.2035108210075,44.022932186107774,1.4270735004862771,0
118.436154756329,1403.8052620377985,34.69802955928459,5.055319162984553,0
164.04480556909607,1403.88357008216,35.94986086703608,2.4456214238479643,0
65.27003336720962,1109.6907416842196,73.97107872205923,5.382366996957936,0
109.57793095723298,4515.488822554862,99.20488349295933,0.7906561206152667,1
121.30194553797904,1358.8660138926446,36.660815746200925,2.263747434003632,0
82.02921019858611,5587.639913996851,11.050735271655618,3.2074178702249245,0
118.93155072514787,2328.4646770197774,41.64034303292603,4.591459844046334,0
76.25853112250152,5281.367774346051,49.95991021439816,5.279624320122322,0
130.24725663568304,2761.1608931627434,44.682121773017826,1.983813202947256,0
141.15373472764549,1347.8237930659802,57.58601436303899,4.994216145640005,0
117.93770829574534,4767.385852373706,98.06780232888286,0.10607578060743722,1
54.64790044822834,4877.38818356379,3.078553477142723,4.771454098374781,0
80.96865535058751,2136.7689385123317,31.938606942561492,0.35506998250226035,0
126.66643713362429,2805.2323078591658,82.92051751560828,3.8797893202468634,0
110.53059785413508,2098.2895014070227,30.474349287068936,5.256998979539183,0
28.37748269256824,3052.307504213299,66.1614101612186,4.821622808896328,0
147.5287260749724,3363.461703063798,61.78160727089817,0.05936000527223946,0
113.20094620519767,2792.733858475153,75.80219231286249,2.1233211254089923,0
85.11710441535206,1007.1647417624598,93.16874036914058,4.457840320043466,0
139.7684491689832,2521.646585674031,52.842557125504115,4.372999296592945,0
89.87821664234967,4058.478431711873,0.37420873761394047,3.560999671899774,0
89.39559438652414,2943.1008453160584,26.721810043982316,0.004361109151870888,0
120.78020190676646,2792.167731377511,100.0,5.401974814968894,1
163.9829957072737,2060.8744712780776,9.008098398816113,5.800091083052035,0
159.50594226833758,2435.0144657777305,57.48610573312951,3.3274964667127933,1
120.80282194333245,4877.614771335137,0.0,3.428546276273471,0
123.8599657017597,1828.7462006279166,12.609514923971343,3.996530360048743,0
133.63610869455817,4090.2031618367837,66.2247695486164,5.905685791615165,0
72.05565175560292,3272.985436054189,48.19063487006739,3.5220483593925382,0
129.45034306814844,3497.730159092098,34.73983221802742,2.592094471608033,0
88.50861699610759,2283.723845712545,23.741567343693575,3.816270547967492,0
118.60392837035361,2783.8053883033103,3.005113491143656,2.9665334325610915,0
103.13213549376675,3160.1910931066054,60.700191581411126,3.078457912855525,0
125.5954377682156,2592.6639540963224,37.84394827523869,0.0013009839377092697,0
113.65726652259629,3615.729441961852,8.517506176531208,4.076416085271072,0
20.165518003916883,3749.918017004872,43.48480926754511,5.389685472547649,0
114.75963572518474,5823.536987094386,59.88729244698989,5.1011798334820035,1
129.58085081810157,3554.0841354896384,37.691466492565354,4.931354422731196,0
123.80365105751682,907.4913984110003,47.95494906681183,3.0210832755083414,0
106.97997470832583,4592.702232539226,49.0538710442322,3.2901725061066562,0
159.03777988362447,2928.8251423811234,23.773296301894575,5.304546429438723,0
119.47712779797803,5607.198686068083,46.286698256648826,4.728264811091423,0
122.68485835404216,4945.168187322418,62.71778543860079,6.009737864705478,0
140.83192230077938,2573.566845630199,69.38905751040446,1.672743964424606,0
121.22085359611357,4051.6415413192035,62.50502971875151,1.589089735048779,0
83.53832543738707,2448.069247589773,29.748506334887566,2.3131001581005193,0
36.50295140863552,3222.7870034830903,61.196625244717644,1.069516092812068,0
95.23386793644114,4015.5800373483316,53.811697395428915,0.3267961363713387,0
132.44886181663384,4558.817541609325,25.88774816249449,3.9353263776367737,0
99.47905991797352,4290.23910944457,32.576775917308105,3.8233332772856246,0
133.53431944320673,3299.9770644118053,59.64306001095328,3.4535565339867578,0
115.01353362839846,6195.984495118134,79.53151051917511,3.678279876878841,1
148.41403990724106,2765.0162539719017,0.382615899111124,0.10553744059152632,0
101.24651664957749,1297.501314306716,86.36128884131291,1.997179667108791,0
123.70272015548586,1492.2048847336225,77.13111182465494,2.3649273829017803,0
125.43360937499835,4968.397268104509,48.58879148668248,3.2099181341597243,0
155.26635433704777,3102.416209607844,38.290527274364536,0.05366098797496473,0
58.12887625072933,3431.241051229008,54.009403899747106,1.0487297479203894,0
95.92813468016831,2536.3631579523585,30.28193959636895,2.0680072370500184,0
135.4373514067855,2682.5549923822227,41.71774587707776,5.020344951872182,0
156.18993074680142,2228.233009412147,6.403937537158084,3.602475556366593,0
117.5486321906208,3767.4055129183002,3.6677487854857684,5.03638547985084,0
100.96112265722358,3079.468142158128,98.63799268303457,2.7079498524813665,0
132.98594042046466,3701.58249060958,47.88084262971402,3.0280563795384023,0
136.2938654028005,3594.010872297757,51.290361506920526,4.085613927896393,0
99.15682238963979,2698.961345000135,44.796986491831284,2.641446772935919,0
120.2025398796875,1442.7707149244254,23.80592572592033,1.831650127516742,0
144.78482883747472,1325.696415721006,36.83358893443916,0.003189305720577594,0
166.6753231266784,6849.955508592592,48.021896801049095,1.741169662837391,0
131.9903062215111,4973.376258250821,40.88950944330257,4.760497091587635,1
111.25723346805916,4814.8242789099295,27.264329538279416,5.48393776729851,0
108.21223756636904,2412.363586496172,58.064901721973335,1.4217282954489396,0
126.72399373143666,3242.316267074236,50.213649036473065,0.05195392438175616,0
106.50379455740546,2175.878553162001,56.920023121725315,4.8517746180821515,0
115.75550173148955,1623.3513583048507,61.69967906739437,3.1344830794113867,0
78.37135357622392,2459.9616068227,40.76369252341436,0.2972742683780328,0
149.12934424974893,4845.921155563413,39.962647025812466,0.0,0
75.29650762121248,4211.9150187507175,85.76541583398263,1.0790451178882132,0
97.20374612064326,2055.3632216872497,22.546457019495474,2.0943704098446734,0
112.29494627368999,2809.6578753287667,1.5200485424960466,0.6888372407907709,0
168.58225466529765,4091.7914277103187,59.56953595858218,4.408329110832404,1
98.0889851913329,2536.7874136193886,29.21532428287603,1.3906119469873224,0
89.6244642246051,3305.802107960728,22.10612745205773,3.0393675901997788,0
93.32078450015521,3715.7545673370537,68.92324979761958,7.735794481784984,0
159.0545079020488,3652.4122598971126,40.91888001036162,3.2114274173253494,0
25.418218028985205,3500.6389948092865,12.991964350808924,2.788527055831304,0
79.9827182013053,2425.862760853243,93.73298732355693,2.750019728824538,1
191.99711134184702,2552.1137187657428,3.888760722129818,4.484981965980761,0
127.2172881791753,1847.9855584020902,42.27856364036534,3.9642478855176,0
76.62253966891456,1299.9375993671085,0.0,0.9619561898850791,0
108.8475022233926,3043.447225271615,48.20690066332648,2.2057070018761205,0
112.09541949491611,4186.332277410387,31.9653838083483,1.7064963931926473,0
135.45130186269452,1512.8334231721844,64.7405517753876,2.387766732529578,0
165.50417063174268,3509.8793507115697,44.143999157255045,6.617487025798663,1
121.65640395328126,4142.346433368332,78.90355492815193,4.232495049704678,1
94.35689953541105,980.3781449882524,35.34399058530704,2.7720942013512393,0
133.48274124855817,2879.885644748354,6.063849492476873,5.429886226404053,0
89.37780737453838,5173.707848270535,52.443677183161476,3.4238318285368994,0
79.29204788513799,3846.5365930622033,39.56232457907894,0.04085538517739359,0
56.5443389828726,940.210064002543,0.0,6.330584164000484,0
63.17636175142051,4015.557804941815,20.49691121837981,2.728490612546994,0
82.84394424583613,2310.382488912253,26.332155720473857,0.004662378245337828,0
74.29645996513884,4034.54650839737,85.44744922130195,0.0,0
119.23022921336064,2372.99722455219,60.390255438278736,5.202076905830195,0
74.06467533969983,3118.2514947481195,38.25207446887504,0.031227326842602612,0
20.0,2543.6126007580783,55.46268628090563,5.666272623588324,0
78.71075345629433,3155.7855435505026,0.0,3.200448789205171,0
95.71296921161682,2506.5698558598233,28.95139284037696,4.414724047575306,0
92.21527123908288,2919.4066812842552,55.30428751158872,2.5549624884187434,0
155.34658345617825,1800.2720030730966,52.528898820499684,4.002173017638867,0
92.0759290024175,3776.7373355390196,31.20588842621531,3.5730478562485755,0
136.55471954074804,3426.0179359858175,43.831533557200544,2.930304234140588,0
109.3866034355758,1255.0053751631797,54.65262986497912,0.8525930301475041,0
109.20946459136263,4394.47072596709,43.93630068120675,3.7273819895858225,0
85.66901318672578,2987.876309298957,66.27556455781267,0.0,0
108.11578050650601,3408.0957630362464,52.47719526127574,4.834231765385014,0
86.70396516164713,4141.624168974814,60.75090653198126,3.376575234364772,0
115.2715938268847,3574.1598176857096,87.9134375219842,3.8205190355629526,1
102.33078687282821,4633.388614482693,66.82296848318643,0.07449795578998919,0
81.1795883310808,2830.8646135486747,87.43168692541158,0.7179215908995112,0
140.322749110709,4437.614744551565,26.49156203061159,2.011777443161315,0
123.02874402350248,3336.9212040670905,6.195837571041498,4.2459858057369795,0
96.25673256803135,3839.3550881360393,41.879250943535304,1.0656413724408873,0
115.65401891975944,3663.182608876288,40.94512167854935,8.112494008863159,0
106.94714630381854,4703.250840449953,80.16984561168243,2.560317112395766,0
84.2478891669223,4021.5326966420926,16.561346974950517,0.9920738556399427,0
111.78140041866082,2684.7768303885714,41.06753788687597,2.657452535254143,0
92.1124281624426,2426.67417760657,54.358351140952095,1.075065332820098,0
81.48762870636226,3132.8102270117433,45.33195276285723,0.628908116675684,0
61.186154819183464,2274.0658667947423,40.27345389560653,5.009635902571952,0
98.47649712414068,1936.0680516379173,55.96176366474907,4.04486717472431,0
127.83305832811135,639.2007732002677,70.71276272156913,4.091517193936458,0
88.95281993013705,1311.0820271891373,82.09389999592584,5.53194318363816,0
185.7920753524564,5566.802578360123,45.54954222055801,3.970769034164874,0
136.60189019963946,2428.1682483720724,24.323850292885904,0.8497788942990574,0
148.87941741849147,5476.146678772571,84.55510727853675,4.4064893198660116,1
133.00892250727372,3667.988310490434,16.151478889000053,0.8061647521787066,0
165.50867882261556,3141.2300383694983,86.04429896311491,2.0618695690195588,1
86.29132634265177,1409.072003828557,78.69527287655403,2.925403021234044,0
33.32750714810073,3218.6028269746193,84.73600218674049,2.7031830385599855,0
97.45818729630501,5477.357869076941,61.809181659017824,0.0,0
126.95779724496722,5093.379162037187,0.5939848925253326,1.0943227162049647,0
114.84394458588909,3530.0834594299927,18.880682408704825,2.9914759780430966,0
118.177931411407,1816.8779374477497,53.818303248546705,1.8236070283876316,0
149.07469043980458,2068.8689837336965,27.65842757633443,5.248796558891237,0
121.38829404748336,2162.7295102476273,36.98947237420196,5.550678113394376,0
133.7062052621831,4725.716496642054,62.757239980859424,0.7916132391386093,0
81.77997165227771,5126.238289974231,42.516106218018976,3.1735896094056053,0
76.90233303247362,3471.3776931593156,13.462375544713824,6.21155658165517,0
157.72892218392337,2878.007930930702,66.10153953097425,2.690585917879608,0
113.50679150808796,5054.999557249859,57.005933832848505,2.208440372725951,0
91.24368514026133,2040.9692935976611,37.11422350011343,4.622332451120582,0
91.2679853746419,3276.1911205056176,61.97151747370159,2.516607967921579,0
90.05808815209467,3759.3879958644084,47.21775747256881,5.548175116009859,0
88.50983962477054,2188.909623660455,77.13986800297239,1.8196146965439646,0
71.15467699348785,2411.60347813635,49.567169448187684,2.1270940419318785,0
64.52240375598427,2339.803106732143,75.58965157251515,4.550341654997819,0
104.16508871632482,4858.362777221467,0.0,3.20578793139862,0
92.01247127890119,5476.979330186458,57.488684202533676,3.176875881486908,0
143.49944090669433,3305.28634390097,37.95138322884161,0.0,0
118.6558570054263,2841.3434834146497,23.879308333378894,2.303941644355647,0
118.04591545008932,2470.2919850729904,72.74867803618753,4.741650933085079,1
87.73451443653204,3209.3976930778244,65.53033117354542,1.3238181521083388,0
106.55392467583194,2526.395016512407,0.0,4.436462552540779,0
120.46353580413933,3072.6980619752544,64.79986200758157,3.5378936752493924,0
131.85964673979817,3681.2055252355485,60.6713390506042,2.6376142211044042,0
106.72799788614732,2716.407936650841,25.044448919769035,5.731755125140427,0
142.41697444272745,2960.4095703031703,24.64351900528776,2.3722864963857866,0
109.7180297319832,2957.368866134394,7.352073938465991,2.5180181528260404,0
133.7517087422485,2837.5464590267134,38.3712409792283,2.589963320413218,0
95.65633654088882,2652.8534080656646,42.59582806146686,3.2061430267382227,0
55.82219162971263,4089.1634126198564,66.10040699451105,4.57411869545998,0
118.52342259939091,1089.8982852638546,49.77667446645186,0.0,0
131.67870995998635,5055.424140056225,17.28893889609885,4.695860911303917,0
127.66357001453342,3387.187012474252,53.60932415054348,3.089490702851729,0
122.42310959146904,3911.4799381710122,38.08985064040037,4.143191666692948,0
99.3166219333177,4071.703367440429,18.755205426488683,7.744629863061793,0
85.8520136554248,2330.4083050221443,6.209559570971347,1.878382610733359,0
126.94000008720197,2103.058961965972,62.19310213257935,0.49955738076207024,0
122.58106326231547,1950.8799723295574,56.079398884434745,3.3708711336445027,0
93.47805501697543,2883.8495858939023,59.724642702117954,3.722982564801567,0
143.39247497415903,4006.9275743508324,25.557720403630267,4.804638807370041,0
83.63475197495546,2488.6846902475945,48.60353995590859,1.9676190090219177,0
92.15814876036542,3939.0009978547264,7.886663913792758,1.3489063757392346,0
158.9461169732587,513.4873334276679,18.689679654705472,0.0,0
136.062546760101,2722.9280343376136,47.95506301734098,0.16977907150485833,0
99.43499913189137,4586.275473170438,46.62781785915726,2.145648452705492,0
118.27703539277735,2991.313447363726,3.7189740340191717,2.7556786398111757,0
114.0832093590374,2205.0275488334187,17.79936680853666,7.135002149986681,0
26.746892421751628,2411.734747094973,36.791721395513136,0.044740889072309276,0
83.09832443643162,500.0,65.79997987107902,3.703566563879596,0
108.87763577440262,1978.489262216029,23.554821571714875,1.5546727776797657,0
98.49612628488924,4462.954886358422,47.6173460454727,3.4300748659709765,0
117.43026832269582,2452.596518551557,51.707873262821266,1.81385298658704,0
143.74914644453617,2634.3880712627106,38.78551807230503,5.029974095728863,0
100.88681222714295,515.6426223625753,49.21595860244078,5.011759790024856,0
78.21589432916882,1270.864949984442,10.891844848737586,2.8996313822624793,0
119.91820443778816,4651.628587063748,27.433852481221763,5.979742694788229,0
100.02990512813047,3942.6016034065556,81.59525675953702,4.45705900636863,0
105.0251622293205,1619.3224170561355,82.23077707523949,5.809638722938464,0
101.50689444982679,2432.3462479277773,68.72286474908472,2.8424511476178194,0
177.73134447425764,3149.7634249010907,71.50409898370795,4.911182158837289,1
42.29243387743562,1736.4191390492958,0.0,1.4354700598087222,0
98.75697668298731,776.1584437546766,20.501888380504035,1.252904715952316,0
109.51008241076096,2994.3224479610726,36.91048668013396,7.412573973072148,0
85.66717551699804,3859.2047279829035,100.0,0.8486217634674375,1
137.00432733306351,3928.855575884708,36.536693585861954,2.1734964101060466,0
134.60286821229107,4262.481557946123,63.00680817049146,0.025129064368520738,0
107.99370761350947,1334.7161278508408,55.03554853773099,1.273381739971884,0
101.10689381309356,3277.133870071222,52.48047249917475,0.9444439916364435,0
106.40208324700173,2884.018071281589,45.3460682884309,1.6450250710043774,0
106.64857496420267,3080.630222945063,14.433098074089596,3.584931879562775,0
108.14784651640613,2981.878366465906,0.0,4.053863445707323,0
104.4048369218501,2392.127302618395,74.24127795644839,0.9547743484903257,0
117.8938177875677,500.0,27.9468864058864,1.42332850453846,0
132.68387611897398,4597.426100887051,0.0,5.236062882007461,0
73.72747751567461,3607.285178734382,55.76142327973888,6.305001396146986,0
78.14332066861482,1412.8622276717003,55.0737161205364,5.44785879465298,0
57.46481860978613,3792.6937602236185,61.98020896983282,0.013068068790888466,0
135.37237176487108,2666.8125601264937,72.58227524863192,5.287129457993166,0
117.82455801211312,2680.787395467127,19.670443138437257,6.637832412789663,0
125.64560936565503,2266.024909942608,21.195146218557632,0.10577965991505751,0
67.44910942267526,3847.27262143156,38.62766757895508,5.198117306575758,0
163.4501275774051,2241.81014724167,65.29727656893219,3.5834699507193757,0
91.10422502744235,1908.0686631812234,0.6329724154660908,2.264600698334425,0
114.9654399090871,4574.795851482987,50.30036236160143,3.3142446039098523,0
135.3289136587294,2953.9467926602424,68.16587908379181,3.8244253898441523,0
80.76906120006298,3019.625502359304,68.69297476085323,5.36476472740994,0
93.42931478716605,4006.1421506752254,63.232707192507355,5.101165724340598,0
115.22077653640281,2428.0718751156965,70.47257479252528,0.014525617279361275,0
196.56959332641244,2618.7302230350965,0.0,1.7180471627436458,0
119.31972797632243,3570.9417774325407,84.12413036542956,3.1675796744629516,1
158.6303740503203,1336.343260190534,54.168013794341825,6.070378437109209,1
145.99515762837012,3425.728824259667,79.84647028828819,0.0,1
120.55985613446046,2267.993592524942,13.499805177108069,1.7919962944967187,0
80.72671870475378,4221.611884166533,0.0,0.0,0
142.3968411064581,3867.3713919152397,89.11379320989788,0.24966502634105872,1
64.58540286247543,3708.1198025267113,20.52729627255458,4.966824766575704,0
157.79300376470127,1244.9853280773664,36.79850019861824,1.9625922663361346,0
115.63429688565236,3082.1660132481516,58.694489596985925,0.0,0
30.69256680886381,1806.2957879618666,66.17914710384723,2.6502530970685445,0
100.23453818228451,3166.0540403996783,71.19160982881026,7.0788045950944705,1
129.45267678374594,500.0,49.72163668446793,0.0,0
102.75151794121922,1351.9616230198228,19.107836722555206,4.015080369921233,0
130.71730292017534,4629.848688384675,62.57200005289567,6.186790547595305,1
84.11830327596496,3670.840667721626,60.71075134603386,2.9484383705379327,0
71.40292576084033,2809.4266593453813,0.0,6.897666177348751,0
108.09706467036906,2122.3977946363593,79.92240620368393,1.6616957034335211,0
111.27051574506906,1899.9684022943795,1.1123712696443904,5.879705668843406,0
99.35393529396622,3439.5786086585736,72.51017217424506,5.482424190092486,1
146.69077535736034,2789.0524246574264,27.45278192519596,2.9700827141578072,0
84.50744704909846,5060.107675049504,61.388335267327676,0.09320216049920695,0
119.52969557372275,2967.975082919277,59.03724771881329,1.0041915428648784,0
112.55041707768827,3309.862649595456,43.34954541252561,0.030469736409888495,0
63.030898937426635,1517.961193004796,56.777793146286314,4.223206196986587,0
70.34476492604632,2793.111037177801,42.4549833577185,4.022137977761544,0
110.08269917024623,3368.4422539233683,62.788428800593785,3.0460286942801784,0
168.61273403463272,2747.1928123241555,98.9187658188822,2.7561407868799854,1
127.7680557651806,2610.4233634727857,13.114797267471364,5.767665082176058,0
58.89898089429872,3596.874305176234,0.0,3.658837898363333,0
20.306184122863147,5010.513454744975,33.9445645518911,1.8673649625780675,0
132.09211568351307,3401.7199382602594,34.37518623779665,3.309492403815714,0
107.84137548983647,4568.153778425692,35.2191258009174,7.136773108725715,0
144.38355104942752,3925.314137839858,21.56451532530765,4.302723870774124,0
83.92109926967211,4481.880660242767,68.16740547203811,2.2377893636655273,0
120.55638889358951,2458.8411006811334,11.121989924155798,2.922863436882621,0
135.51747957767833,2966.1867200381694,57.49379487859796,3.916463087842914,0
96.5468191991347,2974.8101808517845,62.71998596488635,2.216068007235034,0
97.53303212649293,3831.4541547205945,50.65868833276825,2.04218146230125,0
110.36348704081308,4134.8977100537395,56.436449159696735,3.0321786035956553,0
126.46770404034287,3328.789083330965,67.38558417363353,6.077094015980506,1
109.25878186840639,4246.2910311303385,46.704734299364446,4.592253542240597,0
139.4039440477208,2543.2398063110777,37.77640545072017,2.1506283067195855,0
97.05765066069318,4265.928484227766,53.364675467385375,4.702983420683704,0
70.37994066495071,4430.002774639332,57.539749743298316,3.0714914681797834,0
169.76956937803718,4027.9377026877664,64.00344972426748,3.7466293594928635,1
92.26099076884495,3349.2646191518675,0.8141446491134585,3.5222763886273367,0
91.96969510097765,4030.381068183353,40.350356553718534,0.012233403482800116,0
107.94732232606563,2115.4526151394816,20.709159697605664,0.010664411387081886,0
112.17914940324721,3454.427259172789,56.914353755894844,3.5099276234624184,0
97.56444497616691,3572.6574161843955,66.6631676465206,1.3278262275911992,0
109.38645330950779,1606.182111647593,38.75602312228402,0.0,0
108.76830247087939,3788.477623767431,27.510809438943937,1.3854497900824445,0
114.70736389036576,1704.3128363576247,60.838643998885885,4.7708499810413665,0
38.9121242970424,2679.863077138546,39.44429684837037,3.6891250511431135,0
166.9349417454844,3216.3239443840703,79.67659966492442,4.452545056159694,1
104.16766809630165,2348.526183778869,87.62812251899523,3.8671629278907473,1
127.508587467137,3297.1786454507646,70.82681482037262,1.1218058151535737,0
69.16542840370039,3270.8719615076716,49.296810507843645,4.445849202566554,0
95.88914624730732,2213.746623164405,90.13154572549891,4.228619336754987,0
90.36345036448354,3911.5749308605455,49.852010498345486,2.744562526470239,0
153.92904902011833,2302.8529674724473,34.99339286612578,3.103849306532658,0
92.03797320411404,5938.399902375962,27.036327187463957,4.536950454727358,0
132.6962259131248,3077.9950796968237,25.59822088745235,1.528276859431957,0
90.34737857988479,1818.941764994111,45.3705277318046,5.2490388485839174,0
96.17127066391024,2025.7485567364308,56.35461916625012,4.156134488914323,0
102.52781387468879,4579.514507441452,11.554194446092332,3.017400536247886,0
148.183203231603,2667.194028154594,34.10953231833737,5.961277689950137,0
52.96484526642976,1588.4151898112984,50.559444090185515,0.40493128962771,0
70.051205220801,4203.933641287202,62.267052252684074,2.1123620745236984,0
51.76661315076572,2663.885704911757,44.939732407482076,1.6999591431471441,0
77.00040796862147,3948.0140160506694,52.137962352016295,3.7503264794459423,0
85.20318034553549,4305.597845492277,14.912243556001695,5.4643931296944634,0
61.17051546455215,3539.119323198509,21.558136820209235,0.9935800960678924,0
88.08225408167414,6098.312686311447,41.548722927355556,9.573581637519156,0
49.86775139033237,1137.1331382217218,57.38468007700912,1.6891674544593704,0
79.80041296390125,2253.210257515587,47.64056507727898,3.783885336523267,0
146.08572073220625,2884.8371305475453,22.544767930543177,3.081942606510559,0
122.31421542540393,5908.7585653292535,38.35807929925916,2.988231711729755,0
115.57808442048075,5320.264803223464,84.59745216868464,1.4255217510039369,0
80.08223821041209,4734.883901830698,58.22359767324814,5.187624739580797,0
64.07608685500414,2206.259454442336,43.38194993703077,1.3362312214292233,0
75.5081443359555,2360.165533940113,19.95836357660074,0.02824294622498438,0
108.2697408552893,2218.3024623357833,24.606725218250133,0.7557387674680651,0
136.54086214382957,2226.1585035877174,46.77258317584775,5.738235850762974,0
137.15014162097296,4959.436144071411,53.31673290180111,5.602812903918429,0
129.32071583156613,2872.343872711428,56.43643024739076,0.03060359493673664,0
87.46000441085374,3081.7273676123327,55.641618470182955,4.585911614569058,0
110.53777811749079,4162.078056965536,37.71961842538545,0.0,0
99.84934895331672,1202.3053222361498,28.838767713848203,2.9630315539806786,0
104.25853117734368,3282.0576965262558,94.43762598769982,0.6037595343513456,1
170.85420516657433,1860.5186794444937,32.379682228789726,4.710510976498415,0
56.878288618124266,2871.297857419518,12.290062423956643,4.060453359942295,0
103.7823214878736,2481.9863432305424,6.081128445652111,4.985013280742404,0
146.66651222978302,2447.751576297606,37.48578680654998,2.3811476757937524,0
66.26163461629885,3470.155545160513,69.61782679168316,2.531069332923518,0
90.21915573249261,3427.1406112551786,32.22614845083215,0.0,0
93.35698127915369,2918.496814175055,80.54655967967314,0.9393846291667756,0
103.68825422638626,3648.2219142845975,44.21046685704086,4.818050399077442,0
61.203847762097816,2120.707021555691,75.49454452298359,3.8117468627295734,0
127.69936911708913,4023.8311032945167,25.449951303928394,3.2694070581160184,0
129.67534391741336,2924.2745509307583,27.91693599974659,5.565823003380816,0
124.92994355045677,2630.4125463251276,46.8787881947688,0.40454218275224535,0
83.72362152262457,2219.0880379854216,55.826332496363534,4.378213468513741,0
112.17771143734547,2919.1636479473627,38.89510053827232,0.5980383853427605,0
82.51359605976289,5461.132155337164,53.00539109540374,6.026155548728288,0
100.10203322537107,3120.6386890236336,61.5321503138999,4.050318354327319,0
175.0265275107263,1825.097407295706,10.110100701850001,4.928369811095055,0
112.20549478698507,4332.310859535997,36.757920284553286,1.5855215774213915,0
74.4782212145519,2618.0357515729934,30.154033469788057,7.352168104884629,0
115.6165656736727,3529.815120346051,33.07830730830442,6.993706701455401,0
69.57860516750705,2486.0130699419574,55.34765062205129,3.8480652838286966,0
73.91151035138105,4745.346336289724,30.957239135925914,5.32742570268126,0
78.56117178087074,2486.243410719421,0.528423873865489,2.384037300769939,0
97.0034343207065,4853.09947672538,37.94392877016159,0.4495649188502255,0
138.23411864230874,1960.3725474689677,17.688800528457385,4.5427797702671535,0
126.64227988122809,2823.7359649430487,58.438189268196936,1.089961220919877,0
125.6115749561031,4925.564124981687,67.37671213724201,5.601484924951308,0
77.02219525183338,3377.889298755018,2.1460309052507274,5.056234650233579,0
93.36251029257522,5903.695212203907,25.266990538271266,3.4666999422952407,0
118.10262260688418,2883.8348767498237,54.5034001697596,3.306653817823064,0
91.39661520752433,3519.4824083017725,10.6332048149968,4.885378352926717,0
101.26906639416508,5466.720769196292,65.42438352708562,3.6227305789698265,0
123.293195260226,1417.1485682047837,71.27381674916964,2.15837153502728,0
99.10418719805554,1241.2946014023844,42.727817300064316,0.0,0
116.3053276087159,2240.4418745412654,24.664789964893973,4.957164282159206,0
158.0462360414756,4183.720069963535,0.0,3.7053992727939993,0
105.26959930049087,1292.4135312450405,65.81621349898775,8.506596675476745,1
144.92650963337692,3948.6845887567306,94.51859758640923,2.8158592879222977,1
127.18121025350695,3835.857272952622,92.66153341638697,3.6460087269266803,0
65.99479088857305,5591.818367658947,39.28826045482298,3.6607100834677153,0
76.01462039828502,4429.43006632425,19.137476213228013,4.225403563869522,0
84.4260213339548,3608.6015582382497,66.49706747340237,1.0056216298918736,0
84.643305983885,4818.149980555745,39.588330360563404,2.7736047666813097,0
106.65042032946384,3847.455734152492,57.7777034323462,4.6305663371859005,0
128.15257674231154,2652.1787594206353,51.510090774378995,2.344910764164128,0
147.66745717604252,1849.0333867982495,50.791860097510025,4.534825827650686,0
119.37920783529438,2475.3331603689862,69.4041398731367,3.1515367965411967,0
96.67387255495015,3151.684804863767,70.10436466129123,3.7594609951277356,1
48.127423253614346,3419.216214736862,28.51506423891372,5.266246306441608,0
111.77367855278838,581.6400649003795,20.639849871555697,2.5795120391378266,0
110.83944139372903,2945.570977805923,0.9782214512780987,0.08126335072387464,0
115.68104830608073,3288.9016520699356,34.641538807797055,2.5211902561931483,0
173.48497329881275,3872.4672346438397,18.361108467796186,1.3193335349528543,0
147.62050809802864,5158.357701850781,55.77600031290971,0.0,0
133.42637260372942,3417.327993055005,35.02556921230942,2.77642520553187,0
81.36059300532817,2113.1558339319145,39.01050932330697,3.4105924984859506,0
94.22965906730288,1049.0426300772851,63.77668529512946,5.063018759481321,0
107.16892124440787,4017.4651207717557,56.07742870564207,0.7177505028985257,0
86.90049905528225,2180.9715696187445,39.25614360910191,3.3112307464453123,0
125.39015630612361,4249.482480236855,88.19472297347419,5.332985774414403,1
120.92808966287274,4909.431798674592,62.3061508558493,1.8197781296764446,1
77.43621940750917,1368.880984820791,34.66384624720996,4.134404955845222,0
145.86820640393358,3868.490744841792,36.28778491222668,6.258985610906484,0
113.31951714958352,4753.601309286633,64.80067723610532,0.0,0
58.97568607808195,4416.534559877324,53.08163606657679,3.4427781271428035,0
108.84183608293978,703.8383955668942,16.26237436880334,5.339354062768782,0
118.55261997148543,2163.7958170763363,65.23612036452451,2.2919778587023205,0
138.65241193705035,1666.074924307683,79.5482581845444,5.644693033436029,1
99.56220870378873,3824.331646584593,74.94612997382583,4.2750676645827905,0
134.6703694475714,3669.1755017862415,83.72034054571564,6.541021674542091,1
115.96400844029621,504.4081661491355,99.9543071723226,4.128256204749867,1
70.12529502587019,2808.4931734452425,86.13224433395168,6.7876034012699655,0
67.75698063494649,4151.935937121816,53.271640427743186,3.58751385865556,0
143.74787955673472,3390.942847037557,38.06992002918366,0.23896910065930935,0
146.0419724764519,3378.8781234203743,0.0,1.7387210738451604,0
119.61361827588135,2765.0590441460245,43.05364483357936,4.970564147923792,0
154.6613485024254,1912.00566456151,58.03795188138816,4.952905096908131,0
141.3104951287104,3200.477348996939,46.029889955106015,2.2378049647020757,0
130.74463769945322,3244.7769295892776,0.0,6.628016473468459,0
82.6693110787039,3952.427092162296,34.303197971569205,2.334509706417989,0
161.4691036331529,4061.7771704224065,62.15957759417127,3.932809476839082,0
126.18931198298019,3272.3890246703545,18.963069864489967,3.8789208226318475,0
99.76931944296335,4505.77038230155,52.95254083634694,0.33415423621231105,0
89.91941062663285,2740.131709746771,55.006350643630476,2.853674116973535,0
118.36164163566741,1472.6578237089063,71.85925431108888,7.750749910244846,1
58.865887024319015,3753.6313202698466,87.95638958349952,1.2028271324089237,0
130.8918119061579,3328.391674266807,33.66446323759744,4.28772461691939,0
81.78191507448611,3795.228152379916,51.354606155397036,0.6190921205637951,0
121.10622214371779,1671.4775212018492,48.91645373077827,1.1606773149392045,0
94.14294716474302,5346.080801367559,59.87850317233488,0.1121040543635898,0
102.08942927359635,4070.453959958322,59.58417851269245,4.849771609284145,0
87.69404377689129,2822.0520591928653,80.91776904395991,1.2488197938160144,0
106.05737735643655,2075.224553845838,0.289093044806727,5.590480409789309,0
167.1262024967438,4480.780558754268,53.460374715748046,1.9020624765145642,0
151.3981098029132,1878.3732318173572,58.65697090314091,3.2744316516730243,1
120.50685057096013,5901.859838547579,37.55309017429249,3.739848809630152,0
109.10982541759682,2440.596346307628,0.0,0.0,0
134.95310083675787,5272.4611453599755,44.054516749047266,3.38398539331668,0
143.83797416434956,3034.0287138791246,26.877679886324653,3.7609723888936752,0
84.99047792985468,5094.888302029788,86.54122735917666,5.240427892184895,1
107.21977769262269,2303.677279693222,55.403713666489786,0.9997572868086185,0
55.63525165140388,3208.0163427178086,24.620441666563973,1.3463585876462436,0
143.86836999179647,4184.394247356773,0.0,4.287173943681825,0
171.74362159898055,3976.960808065439,59.290440829777395,5.83020623270783,1
112.45911982017111,4546.892590186305,62.83179513587474,1.8741070189375493,0
45.81417918188995,2582.2639663274203,39.867366977642895,0.5113227490005925,0
128.07909969202797,3305.646542860788,59.831369086471675,2.3864439708663334,0
83.17507049008553,4711.367065405431,39.916568359196354,0.9632301616954575,0
90.28841834098336,2368.948988127082,74.18948479087346,3.823247642119829,0
128.5947247068713,3900.8455047060634,67.99879932509629,0.7893814443822514,0
117.72458558780221,2942.3205067752456,1.945897276266979,4.94711566264933,0
95.37024944700127,3470.0717290126577,12.089040868250695,3.4755076442151016,0
90.10109499233153,3281.680624437576,97.39806454257466,4.970197893673792,1
113.73310420643692,2241.2172979073266,70.51929673611785,0.0,0
97.87281310565638,2879.1391440290968,12.733755646422164,0.0,0
76.82246416185639,3403.570324119429,5.45946155353198,5.514084418231111,0
99.32295261835542,3086.0239686200794,47.532581836239956,1.5943059728361004,0
120.26643908688393,5100.938616797621,16.615893052784056,0.039742827137260336,0
104.71017030898406,4408.318098924056,36.141904485454084,2.5859049169240866,0
66.84068837965846,3564.336150275188,42.62903421929652,3.508940077216167,0
139.37678395231657,2253.159753228755,44.0856145415404,2.7140041829349886,0
27.996652403199935,2203.021832862189,72.96611787266502,3.878805566629598,0
97.15392104921266,5564.252312038561,92.137209531483,3.688961291434061,0
90.74379331987724,1978.6135678717603,32.83812948492946,3.6074685372022683,0
114.79172131432266,3330.1746407263668,17.522250126971855,5.665435646354493,0
126.04785080833959,3644.037135989801,52.73122457938954,3.0079890869510137,0
144.35900712727465,2831.16719936473,84.31952282201036,2.928942347605737,1
88.50453342089405,2021.2735595617996,35.58003967838228,4.63298702661012,0
127.31411094180707,2216.37442177804,68.83871767150436,4.151563114311353,0
116.04181467415704,2573.964972478659,24.79948991669662,1.1442314747230913,0
58.31500126512221,2335.605608771614,45.52313838833715,2.771256413019113,0
167.20636848437255,4819.619548972291,18.253455099725247,3.9366542324041967,0
66.75041244004312,3180.649172246894,44.972876579816514,1.8132322308950741,0
121.07599242742407,2578.7904589886907,40.905158494706896,1.8462846028015454,0
121.37571468636155,3306.7637578112876,60.210326620005205,0.21098224891832462,0
118.37643869405063,3977.1773217005857,90.0591409572695,0.0,0
95.62658802385447,2798.1225973521773,33.40064030770941,2.2614883077451022,0
134.9325989218705,4229.118909253773,0.19363468143879892,3.230022530275292,0
63.62020311991283,1650.2965126541756,37.313573196593055,0.8961700179777449,0
107.64241468718895,4620.933700828323,52.04924031063695,5.714512546585081,0
93.39105817548307,3181.012517766282,49.76506819427076,0.8122457950021201,0
89.99776555663797,3124.7560060506685,41.051644058217825,4.755936484965297,0
122.24761013301043,2398.855954634884,79.26298312950846,3.8024564724685512,0
142.73980618776912,1764.087577576448,48.55075686205408,7.373052949372434,1
99.83094901819629,1200.00835250891,43.710882333120665,4.068976810794675,0
133.28740984558223,2310.1747495235036,27.712099269027817,0.1265511792119699,0
111.38052475361867,3935.5407295140576,3.4794098842780796,5.075645756367308,0
82.7847929862566,2046.1736969092472,53.23807389776375,6.419727627592041,0
102.55232359840063,1331.655730107576,54.817820930020304,0.0,0
101.12081918755733,2110.874373900632,17.359878320767713,4.287053241517109,0
89.33317024007184,2709.109980619185,42.80744171313707,4.748924423762366,0
122.93159526422997,2796.7589193133863,41.42713054874534,2.5228795741549335,0
117.0823146499183,3038.711082773132,30.64077766239026,0.08303652364356612,0
62.18163978575993,4440.229660225887,26.164908388139008,2.3151929527431863,0
60.93071773433798,4699.940175787342,51.5475179719026,1.8740122604845117,0
122.94254731401922,5589.649540930197,37.95358959877698,6.100709233082762,0
85.56913991695255,1249.3836076792002,31.350781650257588,2.7756644385676053,0
119.04617215381263,2145.7121202239855,22.167043554406504,2.1947511865562253,0
132.6928192995272,4028.5527622124464,41.60689722063412,1.7859599947948146,0
71.10614591728411,2632.933594928947,68.6386548537686,3.663553194177913,0
67.55267946745442,4215.367246632232,50.92547884021684,3.0977564536056743,0
160.7074764299512,3403.3482779105943,40.39102099529825,1.418912485734095,0
120.21805481673398,5086.414907178125,54.60667951915012,3.499613463931487,0
97.1337845424646,4461.010830493638,80.04885678370718,1.8598804283781796,0
81.61106041192296,4476.7558780184145,55.458811181020444,0.0,0
94.18384493636945,2727.4780480755417,52.379657315684355,4.37097495213783,0
73.93440302724193,3063.945947963098,62.62262527497052,4.232252781687731,0
136.61145230339662,2824.126090805287,41.680238579932265,3.5127108722960445,0
86.50326372460138,1411.2428203607735,51.53459195509886,2.1656340921400514,0
142.58511472112295,4964.368169795704,33.15632731526235,2.8586270680004637,0
97.74949219569564,4098.199998956647,6.009510539221948,4.688765018229752,0
78.79479834803084,2828.283605256869,52.3294675602793,1.7564986743417155,0
97.3561189785765,4760.415883304023,56.751512545972716,4.701801506166737,0
30.552397903290714,2433.917186550062,36.232037436642734,0.14762342025221958,0
106.09589796941549,974.3405149576279,70.8928222367164,3.387947501775768,0
104.86424427777663,4403.015741365515,26.465563783994668,3.0119676666898108,0
134.87556402705664,1686.1353755528478,0.0,5.057316406938112,0
53.45107756422167,2976.571561889091,28.932256333607782,1.1880429837173967,0
145.2291421916319,3475.9514764762516,7.248430312988769,1.3323909073248639,0
134.03526010610275,3669.81685176593,53.86596688366352,0.21302782812402257,0
147.76607305496645,4173.283332041852,25.25893403193575,1.866474284112545,0
109.22051823104186,3909.5816858901903,70.44507282098984,3.3795198714318557,0
140.4190884357776,3861.985104018472,68.70833021711842,0.0,0
65.93538957535367,2251.1342125368883,22.62154263851003,2.1639852981277685,0
131.60770415680054,3577.4646024421627,26.95420711803436,4.1836050777322304,0
86.68186527084801,1387.8127416021634,54.734622936530556,2.8190959540636444,0
60.12125914403753,5086.193396602988,71.00319157786468,3.2131437795301188,0
76.32320859196503,1495.3651413036569,3.560202787326384,0.0,0
109.53839695985663,2753.9346699052207,54.58126599673907,2.8804516459691287,0
85.45838683019781,1605.4239194533077,1.1594810693758308,3.0513403591882424,0
121.52581039847976,2317.5264048568924,33.13515277715691,2.6892911197344116,0
55.1584673601799,3227.060636678157,71.02559414019048,3.4068494758831442,0
46.265201855643106,2543.5509614068164,100.0,2.428165080576564,1
151.11341017781479,4603.239215569888,38.775028277542994,2.0810764276266602,0
137.69115125578924,3452.9880467048447,13.099262922206307,0.8932852202747003,0
79.02393637676822,2642.737384822838,33.682448032558625,4.927516587772018,0
110.23664757709494,3039.932604103055,46.40375820176665,0.5217039563718286,0
141.08427254291675,4669.585038832629,25.41852791691509,3.383109403659141,0
122.45391059411047,4299.615740927304,22.557695466455673,6.65698926025499,0
114.5039779866519,1878.7416546206318,34.25839482217924,5.210473098847043,0
142.79901860923948,2371.147303401228,55.939697852131,4.009037454385439,0
87.70113676337915,3775.954755702213,40.185427754462104,3.536407493240719,0
110.93306626205994,3622.329003345126,20.415777506660813,2.6457691778383707,0
109.4667021796514,1959.1583233643303,26.738454090865872,1.2931305322579025,0
101.71907142879996,4107.977470289419,33.32701095289508,2.476602696569761,0
98.27630391914619,2135.395251383755,18.458542900838598,4.1023893885555776,0
112.22431986096704,4734.72366169539,26.456003755190004,3.8373261721401732,0
111.35515324554552,3826.2374789046467,62.19086338443026,4.636160101318874,0
78.26620973516195,1822.1684283078198,37.128143570026225,5.436290845966381,0
133.5881467405144,2556.1564012226577,2.5245515625686563,2.7463749496838115,0
80.97120034383737,2527.6821565286696,68.69539797032041,3.4301465242358615,0
103.84263192639636,3381.536344038363,54.82831650740507,0.018991938893205915,0
101.24318125154585,2946.9801433792372,10.346547384788959,7.427988983132949,0
120.2444833525859,1817.5291501285237,35.45047544452038,2.1763203339849095,0
46.34740428934265,1521.015075614698,26.13281027028963,4.3004413678881805,0
136.81401822360075,3840.2390149959806,61.73739223702359,2.1575613798026274,0
89.27266276042816,3544.240608827881,35.4646567842543,2.101468345127177,0
146.29421847171477,3308.562291519079,39.63541887713561,2.567578697001288,0
95.64137027630716,3512.922910078504,40.901130227333965,0.44775399790961756,0
108.97317767794124,2456.2962331010635,10.817985639255411,0.05970014151938893,0
167.49006501601312,3369.168318858633,79.36210432784348,5.3174811380006055,1
101.4709876142913,6296.031119399166,62.5907307263293,4.047894674208542,0
147.11933371066473,4619.995257996198,25.064275465916484,1.155492100044554,0
110.93348988936816,2860.2966616834574,51.27810038739892,3.9099524616190635,0
122.3351967027026,2561.5632006266055,70.17842532109516,4.722114394213142,0
112.38890777118002,501.87943318177867,45.85012176883229,1.6455095044194112,0
134.63200098641352,4458.202362261442,83.2513083477681,3.8790604023178816,1
89.9259778385676,4153.704552857208,100.0,5.0068413176552395,1
81.3756729801241,2513.7242378361,41.8613777499819,0.10938958033629936,0
90.86502529106559,1456.62222584648,28.552941831886837,4.16284501757149,0
112.66756958762637,1799.5013847165742,18.00791717113586,3.723112375751395,0
103.86529336999192,3763.4980815009717,0.8823666840052944,6.732613448825153,0
131.41117818653606,3070.7626166733457,75.0553671629584,4.077508381852854,1
148.88961479929205,4036.5736383016106,36.252915350346996,2.194743275054162,0
80.3112432101039,3262.4440277806652,67.78214094278303,2.355795934805994,0
87.83766503867615,4360.596176108086,70.09630236451054,7.059155320042058,1
66.97703251964198,3678.203526720863,16.4786787827375,2.2981956866445863,0
171.25820251634173,4204.605057174593,24.133952386477723,4.199557946989972,0
119.21367813567215,650.9382397726813,87.98156753413038,2.43251197744472,1
124.58164674930504,1719.670183809061,44.72850145470404,5.060077063372487,0
69.66650327570134,2753.519676989406,32.26090272763663,5.238110323488019,0
110.34197143159261,4520.0275290262725,19.258787295369846,2.943027892626404,0
125.21731152738272,5454.596574213966,40.20695142106479,2.1341429979745294,0
103.13519685074039,2974.097476421667,82.89054391394559,2.0715798473977687,0
142.0388897758118,2463.373265397448,61.81682502429496,0.021619569118751677,0
179.5579977914393,840.0762649270287,49.6007052392009,3.184405408524976,1
82.47575598284895,4193.095730097158,85.77563514611298,3.2004321626364067,0
79.71678194613418,2536.315082021192,81.14741597956598,1.3012035440090852,0
83.99816613748764,6750.089149146343,50.39285534434351,0.0,0
158.31873262441056,2320.3265741118253,100.0,3.493623768158935,1
141.32113377963896,5746.6501545567135,39.21045824229541,3.6551322155717934,1
105.83045359286615,4092.3850446416905,71.63966196745656,3.7608286829513373,0
110.87527757601435,1936.0745791189029,36.30122529819462,1.0656041176955355,0
84.88570896467165,3461.866246800745,66.0243021116992,3.8509295710606053,0
136.95624688481507,4125.327668931034,37.29419731169426,2.6082401410835736,0
97.98478845110623,2954.0044328672393,58.088465366671166,4.701911772919895,0
102.46055431105026,4205.679057437287,100.0,1.0932668121053915,0
128.176300381599,4176.456024673413,71.1515341012742,5.315001478761828,1
104.01781072476403,3910.8718901578727,55.870788301777374,6.036128573178614,0
103.56227410188696,3180.036227962453,26.037007136536566,3.2418337426403094,0
109.72036175548867,1828.3089195048747,50.28111330118335,3.8074686006955747,0
133.63354549534745,3106.212513050278,20.408831463376714,4.620129645756379,0
159.17093906420033,3406.0283318712527,68.1311299391072,1.019427639429402,1
127.65982965804648,949.4652868177383,67.18941962255188,1.978511108744136,0
133.85492809996333,3389.5731223010703,40.52876690214272,3.41435611949849,0
104.58468606478857,3052.5741720013,83.68758840424793,7.047804414822199,1
88.25148194950478,1609.1999420938866,84.39625767947835,0.5457026337558839,0
131.23416718576334,2785.8643589061794,45.13928777754946,6.23378453191964,0
114.67649092905138,2849.424581764115,57.249440893749586,2.589526357757713,0
68.48234787195422,5539.441832701512,29.24296880902547,2.98290742803336,0
100.63721662914871,3441.7803130427465,39.554787906181225,5.388289933833403,0
107.45588391255902,4440.136807456201,17.66666656027523,6.949965905269982,0
94.79065184729876,3061.230595981599,35.812428368771315,3.8367597200597108,0
154.3484954488937,936.8014097917257,40.31980578809937,5.306129308762747,0
124.53882284585453,4032.973717439223,1.850523486120954,1.2135316890416163,0
150.90519528971063,2425.4405816086514,56.024333870733514,1.9528458769439745,0
118.18359642359833,2804.5171720334947,68.87983843346264,0.33562321502646003,0
112.47279898053498,1937.7702728877073,43.85105706346536,1.9503301211545336,0
81.50419536681241,3256.039543932473,2.1974047155442085,4.069115112055993,0
110.57085877278561,4505.339367761505,40.26867179949688,3.4856083235625883,0
110.5461685287668,4330.910270291007,10.5576758790531,6.420508548829241,0
68.7131458677598,5111.585197437321,29.333135050282735,7.1423701677952725,0
93.62891760997671,5258.84097575541,82.44708525940695,2.7115982822845246,1
100.50499433519566,731.9757264636692,1.9091365983954893,1.672879769877215,0
122.83629528934792,1777.5910804057603,23.629884510021324,5.335101712661357,0
123.74309875904879,1052.244787821649,64.87916043811991,5.536407252189117,0
92.97226209306503,3992.7968358099906,26.852802515089905,3.900663831735256,0
124.56682451262371,2353.592689424674,22.898255499465648,4.397946454604913,0
105.02130608698037,2609.822478604141,97.61640062616785,4.014757266332317,1
24.06679360326437,2898.213353307353,53.62488264218195,1.03444498783479,0
95.13930041817828,3609.8775193808797,67.96598138760469,0.6172727753584597,0
142.75651889943862,1428.0877634798335,59.58397306815162,2.8977828263008196,0
59.42344005739685,1672.3339364217238,48.190599914785025,2.5843218546986857,0
113.60260205632632,3162.135445314033,78.49910629372123,3.563055740274933,0
157.34839823194136,4615.240752826143,89.97772960431249,2.788961848657544,1
86.95993176471488,3176.356505901783,3.742166492476712,0.0,0
109.819442807944,2257.6781835979577,43.43179920168135,0.0,0
70.37001027998753,589.3549048806105,41.53090345479198,4.477897307166087,0
158.5653009292763,4367.928383070058,32.596736528184806,1.6882291707645656,0
107.08681566811465,2302.9860238383285,69.710601489241,2.54870568385335,0
111.62650645530724,1828.5981962171986,49.96005867900774,1.8552697032345635,0
150.17404859817756,1142.3525469956744,93.6745082255603,1.1867226295339401,1
129.53222758704905,1472.8688402088776,71.38199807254205,1.108458675821097,0
83.70127242036916,2027.761233788535,76.67084515548116,5.018143132543971,0
91.32497024126994,2912.9136518008872,16.454712405492188,2.5057122290238154,0
124.52315806682854,1754.8873895230058,25.241593831776026,4.278651748686445,0
90.7471112096828,3418.813678612297,24.19548567007581,4.554040435691463,0
45.975256196794064,2906.3184849997074,79.079568059837,3.604315879648967,0
108.05574426087821,5888.436337127847,20.98329091779873,4.609952359262454,0
65.33726731656648,1145.2748843330344,20.95262602722501,3.0490920820773537,0
159.42184201113193,3406.86716015741,16.412104962741253,5.75787066035737,0
115.68669785971476,3404.591773760609,100.0,4.674093524447764,1
82.67399286332005,1991.7908522029015,41.87867289641549,4.97513423754656,0
89.74114130540406,3286.1804386394906,60.28374012526197,1.1543092768491716,0
53.05496769785822,4149.5760824391455,17.213668341524432,3.6302086347802995,0
76.8354985788902,3305.16709344162,69.3522611789275,0.05157647173105045,0
140.3115051261051,4903.635717886924,0.0,5.849985796214973,0
177.410739136988,595.5055711465924,20.736688625703696,1.68868471744233,0
131.77201064516183,2206.304968780995,28.231501079449515,2.0678155171961734,0
107.8029303656716,4966.881646434662,50.621827933640084,0.3125530581239901,0
97.17360133398174,4308.0143608348135,28.104584852384267,2.927789419230759,0
81.66359023964011,3862.206216396118,84.62925903778824,2.3576132374966545,0
171.07354845177514,4677.051704842744,55.80263627570238,6.533538760101363,1
103.62034219797857,915.385927417655,27.07264460914334,4.706022557193338,0
172.83350619433932,4087.4824747889543,70.91000232115636,1.943101928793465,0
151.62875609087973,4464.317171151418,32.90958035123738,0.0,0
57.1844609582457,2410.028042148614,30.02531691746567,0.01935668636770225,0
90.49612768754203,6365.137859638929,66.00102677205979,0.8933258296086367,0
89.82032405263188,3455.0402827922503,0.061054004377866206,0.25671036523484914,0
107.84613663762156,563.6460713628621,62.01304449818255,3.8031667791747026,0
108.0030914188764,3649.6910487424216,28.780125142809432,2.7352332911402306,0
200.22992062442208,2353.6304599229643,26.336214150016097,3.008706277040278,0
76.91396475406849,4621.0309436942525,94.99696325868537,1.0293720717265062,1
116.88044378862762,3872.29724942942,29.459684747895633,3.2557176577332827,0
128.70028797240957,2479.439204661916,68.44297765690341,0.12887372403504477,0
110.23400101239622,5053.871361648549,50.08066880174509,2.79281824811128,0
113.1729280701885,4328.887070138274,56.390065952309314,4.643867143848045,0
78.01560066794572,2210.8286429432137,37.53841208986228,2.210949725705867,0
113.60451785261341,3050.15880115003,37.26911016031275,3.84632589219407,0
125.1430906443326,3850.8610822062647,83.72786607729698,0.0,0
119.67784619595602,2777.0502435046174,67.18031686190734,0.0,0
127.98768365011183,2780.6665565326257,30.699524939685,3.573222092072011,0
152.4386403430715,3246.353219941863,19.178395685082783,5.059510897805749,0
137.89243520183615,1931.348789084502,27.5015941259692,2.5046016362447316,0
111.86847329552214,559.741289406748,71.51268833602022,7.313265837111204,1
75.05806836094405,3545.99507497328,74.29497909234664,0.13076171483610843,0
91.67165039417246,801.319699388449,56.688764819927485,1.6711887952617674,0
103.60468216750945,2025.4532411475998,4.2030372280431445,3.264751710950054,0
118.04053712589887,1057.8002331173698,64.66669546981588,3.962768644076118,0
95.66468175766275,1219.4026493063177,76.37440556128013,1.7228344607642663,0
82.29513095191223,3694.250002060243,46.38700145701295,0.91018797024471,0
74.37246278741485,2966.5846790102833,94.31495366277993,4.238009836123326,0
60.22501805965332,2894.6566599427065,13.141768960276627,3.318084842331972,0
102.33416923437808,1626.7688405482834,62.44956679937116,2.1760012718880732,0
66.01004414200465,2413.985175057722,20.104170828445376,4.0456044455082925,0
80.11843383678888,3659.2259718419823,72.93508363188154,2.648687664520535,0
98.59252684807275,3145.7093698098975,62.67441859064655,2.775958999625969,0
70.25398286488175,4173.496056550337,85.9598706147136,2.6078463292651404,0
122.22694618221719,4324.3437235354895,55.51289170954531,1.380771984260433,0
131.96758757425496,2870.751613999855,35.15182428606944,1.1456907723074639,0
93.64236319012409,945.0859383275654,33.115583910713006,2.0007423049005575,0
96.62495558615115,2295.8982402008746,36.37673052661961,3.0675598641866024,0
126.47202590368741,3066.470437049858,31.0267265163515,0.078516557876625,0
88.22923740455283,2287.8020071992014,81.28309849860996,4.85399769133965,0
86.86548310716243,1939.3132535541295,76.36890038080047,2.9882541586144575,0
145.60538487965496,3246.991581920473,7.915487575099063,0.8373217959857837,0
136.80660486634724,6108.190352512094,48.68624676023818,6.261666499629145,1
128.4825861609873,2571.7430529271855,46.7412691303398,3.1137386737130077,0
137.17836082838323,3173.715921684011,26.68106521159644,0.265644811270479,0
50.16112259601155,1615.7946262242515,56.85656235234164,6.097597597423591,0
150.69396324219855,4673.192696691676,80.9960921449326,5.724420465901793,1
121.85138202048881,4287.398330784562,66.71037334450799,1.2422693037125228,0
140.18313423176738,4181.875911656387,80.47241260896826,2.31488423046629,1
121.40949565051993,4825.243548228968,26.98791494133621,2.008673299001149,0
111.1579206929912,2715.737674388251,44.386730368618814,0.05015819978877661,0
101.83242722670589,2817.61065561413,27.523475965555654,3.562589117658005,0
120.61423086319695,5245.256376129915,46.71776481664255,4.716997258702426,0
100.7464398683062,3976.3780979993035,55.567438864708485,4.201571197385904,0
135.77024809384253,514.5874894455894,68.72017026462548,3.063980940168964,0
62.23092555699168,3759.500697464679,77.81197061792868,4.8623387243764915,0
94.28631147629439,2507.855670273443,62.32453858387604,0.6908770057626814,0
171.68179337946717,4289.561530850003,25.496033762867093,6.711975828509135,1
90.80124024828417,3725.7480836905934,11.461257889541558,1.45583331582269,0
102.45083189174781,1120.4107102014918,57.96597045064686,1.671588509283642,0
83.81113310947092,3525.120806106704,81.07150373188148,1.837159178951063,0
119.52645746205634,3422.85289712559,43.32955383993783,1.6615999769294865,0
88.48159900581335,3640.405704149302,7.763103286544868,2.7013826328630723,0
104.45406116865986,3881.001098352872,97.43402282174345,2.521156436495729,1
135.2687138397819,4992.737439104144,59.73067413717717,3.3527385277441537,0
89.00419815650864,3687.2313414315204,48.07774682750845,1.3187216299247642,0
134.24443378878533,3237.3302526891243,14.069184819570038,3.330910665815349,0
133.84755011159686,4557.7876412165915,45.84967358034816,0.7960902097868082,0
142.01052195636177,5895.541015844594,62.07187505241887,4.419825363213422,0
114.67781890619892,4277.268527239808,55.80221774416231,4.430550232467682,0
207.07163925441398,3411.4252699614512,27.221472912392752,3.0732367271447485,1
141.57136683643927,3712.1653127247705,44.65715167532225,1.7643807133934732,0
119.75457915239748,3516.577855989284,27.619641944081188,3.6212253715634874,0
83.99341262607732,3206.66009587431,84.8936616999211,1.1516647226349552,0
106.80810747603455,5800.931813147669,66.30761558330215,3.0860984701345595,1
152.79419511193322,2293.8403956030156,30.838436470559028,2.673550944215618,0
161.2600465160754,4565.191564431694,16.989569435652342,8.21174543004426,0
154.57153817845818,3060.145926086533,51.067182961829985,0.581933433426188,0
134.6701684627186,1410.4734862265889,35.147097486017685,0.0,0
72.0064501405017,2981.4924465312406,32.93546464580888,1.7251933019638521,0
124.63153438881551,2514.696268473016,17.147268963705503,0.022327128615185987,0
72.49567803425275,3895.8362071385377,19.639813190657126,1.5829470765411846,0
65.20446622176601,3322.077195048263,49.10481166069708,0.33586872714180505,0
116.76961705978923,1980.6354514884756,34.60724313927354,1.2735950075921327,0
125.08780771003883,4983.05081928186,98.35386280048337,0.8833322953064808,1
137.5731413706221,4521.109879565154,59.64886701251513,4.928655991180598,1
125.04243096137256,5109.284329101567,13.245657488857013,2.8323560538966115,0
125.93715061293695,3501.3202238600966,2.215317018515502,5.107423847619033,0
80.15041831163371,3149.6248453332264,53.14794774918487,3.060705534173985,0
106.87001403690817,4054.7255672581723,35.605979994310374,4.857128749005603,0
64.33745707683966,2507.4356065883826,79.01583900118918,2.4157098510544057,0
49.8890968619519,3393.112294234369,50.164636642028846,6.170844177044673,0
132.33349236181704,2994.6699031906296,0.0,4.010903498751158,0
87.18299985905942,1421.0907966409034,20.135543673104394,1.4195594749928069,0
135.8972766685255,3357.9606661628745,30.0876205581675,4.2481691565750666,0
143.10307900676358,2651.775645757476,58.02926016139143,3.1053394547717748,0
91.72592750278623,2923.4697862164835,20.0669279059411,2.561032231391287,0
127.78064979007944,3651.429917769077,47.991080553463355,3.120143513890592,0
89.55723386041332,4714.81858886336,11.52607824244255,4.477763594188874,0
54.88938457407537,2160.7433413776334,45.30690906228065,0.04411857524515487,0
113.91730219472227,2798.755303897943,53.97512295027998,2.301917414856033,0
95.97483875869712,2263.820744898922,79.43517251548906,4.4023063895076255,1
97.45824620345789,2187.0309602758957,53.261638774877746,3.4328680219877485,0
169.30953316248318,2476.3787433858465,25.249183535299306,0.6678103333192253,0
64.37229710276839,2976.786219283497,83.6050227199618,0.02752846794927651,0
121.68776630196794,3873.3212629229465,41.390738840630064,6.4160303576821525,0
80.55096615107561,3569.4103205829056,63.649853209595136,2.58278440142201,0
137.11085397561274,1979.774746399428,27.45141184618941,5.971251038090346,0
118.74206364242724,4792.076079691481,48.42614962593231,4.580318626808985,0
121.78922847630719,4357.495974267905,26.029623072158994,1.4063132153768418,0
82.06853605591694,2119.475809342526,53.534507912984665,0.0,0
87.50993373059926,4683.9398864400755,68.32865608727741,2.07510407408827,0
137.9662275074463,3584.605701745616,31.750605390909076,2.8560610024768454,0
162.4404975926141,2958.20490263712,30.728010745944538,3.866751976322003,0
124.46563264253705,3618.29574547866,54.210009999178496,0.7128812626783556,0
83.11347636402746,3159.6204009787784,23.65416363873171,3.353170587995441,0
120.69178000422775,3854.664564934512,6.747857832265994,3.326628959411185,0
183.22337291339718,3434.459458930833,55.34881617119547,5.03612053989518,1
113.3451236045072,2828.1185411357196,41.32877018753696,2.403884039340476,0
153.07080192679706,769.635599697756,40.930972913301765,3.8230205750844033,0
87.47007305284633,3812.5295766782046,58.86635495071204,3.62419585869005,0
108.55428672812647,2747.6814476627446,59.520352525672365,4.7387526522422085,0
128.46345252530432,4146.382115177271,40.877120148417305,1.3964335416791838,0
121.96674986645607,3775.7556601894457,16.69847228098837,0.0,0
87.59208198617459,2766.7296114053197,29.939983365074653,2.5586735695065,0
86.01170287841147,4438.091468388885,60.80494305954816,2.641119425022772,0
139.23240025257743,3422.944042117259,48.16021396826353,0.7078287413780942,0
145.3685322706257,3378.828555030863,31.17112309638836,0.0,0
155.03240273969683,3042.6218490306437,25.347222109096133,1.906133487460584,0
164.0532635180909,5204.5957637693455,59.93806428329517,2.734451601627709,0
114.32221982203883,2337.0489958835046,41.43797364679952,3.2128072536467855,0
101.08560724863851,2813.118120124275,64.55264957286268,0.1109919445406859,0
150.3495137604489,1714.361615099443,68.89933466306557,0.0,0
131.38794363417753,4052.746418859294,35.88482752573428,5.284291664289236,0
81.1696723073646,2507.9776214932813,70.57680540555877,2.7189758914523083,0
78.4060577862639,2617.6488955963887,48.67928283406958,3.047918174787373,0
125.05518504595635,2612.712924978485,52.72628180827715,0.3643927154142764,0
104.91198026128687,3267.272081802807,0.0,2.890499629630481,0
109.08134197636889,1711.2578850262228,23.13954251803721,2.200583833620406,0
142.1926209227657,522.7628970179028,22.760725457462037,1.8020740884998045,0
132.96808794342903,3742.102533579134,39.79562770036425,0.06323864798169994,0
149.78217841704875,644.3583493963062,49.56773084024684,1.2340088142712116,0
51.84495776040579,4239.59321030686,45.82908118940845,6.997557551185966,0
117.31483356880183,5041.748052643617,54.38237684626908,2.3318062430385686,0
131.54486703448922,2977.504269872492,28.180334099498403,4.537629953021964,0
64.02388250434419,4771.539644628137,63.2628753325056,2.646804443864023,1
90.48054051382871,3166.8843599102574,91.01287577103578,2.330621222485002,0
85.11410098584382,5104.962166706161,36.05192591241191,1.649159948366485,0
110.61540149294332,2642.5265891577756,27.79330858342791,5.704427820948737,0
158.81431593114706,500.0,28.9584583849613,3.686525057662068,0
170.90109802107906,3147.7228867849167,45.85168788624859,1.3556671621649576,0
85.26082721401237,5269.967821557323,31.94237869749161,2.1573458839774515,0
125.18541879369539,3825.513710446137,3.8027729876443237,5.156483671092196,0
126.50775831945874,2575.3470239113262,6.770779827287107,0.03747228714348723,0
122.29138707634857,3606.6363179652426,70.2016310886367,3.6034569558893494,1
121.76993649410343,4345.783896406935,78.75215505893763,4.01784102443728,0
119.15225960589827,3086.1255149053436,83.77284731929217,1.441695755774516,0
160.06967554590923,6345.737639218084,47.837829240369956,3.230300770622688,0
143.63685766673754,2561.4723492331073,17.227212928481745,4.033790621413301,0
78.079565865315,4424.928095563159,33.29473937275761,0.49278162788997715,0
133.7180224175541,4100.01280590137,10.226285972875404,4.689188244912522,0
136.7466270577857,2357.871283541241,5.655884938440362,3.4975204809472884,0
120.40521498710324,2693.033590190999,50.96805097942899,2.7513347797552883,0
144.07661114136255,4453.42289702454,58.579626953862395,3.2071426416101447,0
115.53728247727702,3371.9740321318022,95.65917102782389,4.329302216014769,1
114.84687314463066,3648.4390963327555,44.18552576706985,7.597485371249482,1
114.1411980784719,1229.546130119317,10.869887217021866,4.22683994507987,0
49.22204392929176,3982.7842647324874,42.899197744792076,4.573432083239236,0
107.2589395098611,3563.539346342612,39.49144424685516,3.405856411655317,0
89.69470093333544,3161.7015424866227,30.2317942346842,6.861593911368617,0
74.98600949094259,3627.8099650597746,53.03480038383019,0.1133741284524881,0
152.98313471041462,2733.6231583409453,12.798986492786389,0.0,0
124.49117528637785,2506.6483722702696,47.21009819973018,3.379053077885346,0
109.01834617376427,2894.4844492341745,62.27513169999026,4.32736563922857,0
92.76738547506628,2642.638049753188,78.69958176384092,0.0,0
119.04381644503913,5815.786420379481,56.26414738035545,2.9825790564512027,0
139.54543280015164,4273.569599840798,72.088537845407,2.641952113906596,0
84.57228167032294,2041.0836142935439,33.0230846995102,4.509290251551698,0
109.86700447239389,5645.200241969958,37.20274666039217,3.812805192145656,0
135.9772818128487,2688.0946302629427,76.7676434685373,0.05418186841719663,0
51.39860297924259,3236.696754087822,8.488184972140854,0.9023846288474351,0
107.51597124621381,4263.554661311859,34.321862015468774,1.5110792826700643,0
97.21304573856217,884.9232380840433,75.16279658740775,4.391716145115023,0
105.88774285977004,2919.9391617237325,37.58969761954979,3.7492560561755024,0
94.91392766656186,2537.9980107627935,39.74953635487255,1.7174845620481936,0
114.39833286211899,3454.861383666215,38.12146258082829,3.320009737806059,0
166.92452730576346,3674.2396771171825,48.25798303490338,0.938765754618607,0
100.32412107681859,3091.779487559045,72.30955580249629,7.099683131235395,0
119.06503120206797,3049.821749865976,69.26168489343881,4.132448307626187,0
169.72694092456499,4469.238612956431,46.94650638733763,4.543777670209018,0
92.93353970404509,3550.360694987566,71.97816357382058,5.738376976508016,0
164.1356679323847,3255.0502835799116,54.26476709240534,5.046883578888073,1
110.019414173956,3372.4756897255565,68.45113650168769,3.0765621847523783,0
162.86840856521866,5374.556894475569,20.521125115122608,2.702968205782926,0
132.64854970016816,3401.145482630351,87.8802491961531,5.5702292861153175,1
119.20128129087321,2574.9800179502236,50.207372836731174,3.0940132775855353,0
107.74282780755284,926.8147468577034,0.0,1.4541169823394777,0
91.69420956770922,1450.3614973779675,89.22661719003443,6.865362811294112,1
112.09120635833253,2629.3420466637795,45.5597125438912,1.1791424482538702,0
137.4919618821619,3054.892160152993,32.99487632438521,0.019646987161848855,0
109.49242862274855,2548.1991666516087,28.640276240165832,4.962991029582059,0
100.1181833935877,3610.490900890071,55.76964680310387,1.4934137826677927,0
102.13025863297702,2538.721219266166,24.81310448138907,3.845706989937851,0
139.83643236121503,2101.6583694523993,30.313499994367604,6.6404029010610035,0
146.37180587622498,3944.995478751794,32.105928833710465,0.2574016444254773,0
90.05776038900065,4865.414046684387,36.6280822704916,2.8472610710205384,0
89.73979221975961,1847.3572437792516,33.06652937761507,5.906102219876915,0
121.23061962040481,3487.556455998891,68.2518132946887,4.3665214032894895,0
155.78334781894776,922.4219718876785,52.984550171038286,2.6689622491151184,0
144.80187354479668,1434.5576464725368,51.11456783175411,7.740309684684864,0
72.18280240293173,2467.5600783539066,60.07114150683166,2.738741770804036,0
102.1736516472859,4575.830297706483,41.11342984704294,3.7914547849555507,0
82.27771967058352,2266.5544626662904,20.506873812607164,6.189605737025388,0
101.516062581299,2223.2645538718357,90.20536889019368,4.94047924792462,1
158.30910485352263,3238.8729218791823,70.76750047694095,5.669681202461308,1
67.62615195956249,3180.864170284393,84.80146162125284,1.187669564804394,0
61.78645738455983,2268.709155997034,71.00924365682259,5.381606504783104,0
84.6564999867735,5595.260462998827,33.31521795633972,3.415300252512894,0
118.1844540917074,2873.1712769807154,1.0780721881622441,1.5102834590104297,0
128.57826035688512,3306.6095856437823,12.842603430123457,3.4504133013840588,0
123.05550179605602,2707.191716424328,59.399830109115825,3.4239023989353767,0
145.30772553939406,3747.899890366176,41.65505731665479,6.730920365060256,1
56.957355855811386,4673.7430661071185,35.3771450659428,3.746225654091187,0
145.77433210650022,5196.850401804063,1.558666469115819,1.5013493174452017,0
99.57837017741204,2278.6286838780547,44.56046124201834,0.9390834526026153,0
132.1632323026641,4527.307666210342,18.887320541615395,2.955734107067868,0
70.88875434388063,3833.263073734202,27.66193984018611,0.25347442222208566,0
109.87877965990364,4365.354977939198,66.21371821233517,1.533573380109183,0
117.18094239787855,3111.6255617093134,19.178063161167557,2.5245630539547994,0
145.3722676472538,2957.2585831910046,22.84379660512494,2.2314166229338803,0
62.41338553454926,4317.403856172489,52.473426516450346,4.4573707257959105,0
111.022170387512,4366.658560441208,68.28202715781654,1.4499927843040818,0
78.13668061076132,5093.834030095306,36.70430123167743,0.03555348492378498,0
126.01457129815716,3447.3477545169176,84.75865954669356,0.0,0
132.87569384298084,3079.4770411114187,11.952885885224875,2.9916524012074093,0
148.4354027022789,507.46039872854334,9.652173798972287,1.844374298501597,0
94.25743565290628,1261.8906655156006,8.68441388303333,0.45494002669382544,0
137.99884599040954,2748.942476027294,5.108796924147005,6.9380125907551164,0
151.08241673040803,1869.3294374297836,52.50139979909514,4.598259025812252,0
59.65137423209241,4157.114223396219,19.404788976081825,2.9476053824428505,0
127.61844865928879,1600.3217664228985,12.149574955301832,3.3913681027150964,0
139.51368604598886,2586.067283377298,55.12353725738498,2.462028304536962,0
102.50954948101055,2633.012478375578,66.0583593423615,0.4426925018739888,0
73.84145674040269,4631.47222380466,71.32924111604513,5.130542217677188,0
137.80308407006498,2446.587805604069,69.16511532648587,4.6225646271985825,0
73.83400478883759,3750.380525705921,23.46118044346698,0.11652568368394761,0
104.82786084700479,3415.8703495127575,51.62093728794857,3.4319366571321526,0
108.24676722452215,4294.869102414045,58.7671313396295,3.6417849594164946,0
131.21789839150102,4234.720097476956,33.36729481607395,2.39863039449906,0
91.35016027933932,3211.3600250041636,50.40776235508269,7.188287241868541,0
89.73589702205821,1155.3079858465005,15.7343075941421,6.937496702567415,0
112.79078058711893,2918.7064671451885,31.15455651104017,2.2017971027963856,0
140.59290715214047,3161.173384217877,51.71138163692253,2.5251423658429,0
178.9799109760654,3519.7688977303296,83.47049158836424,2.2853484511920086,1
64.08289868193694,2306.495032014766,76.01714347347401,1.820516816100659,0
120.15518638151225,4553.579915314235,60.42177349144191,1.1643005417475556,0
77.8665663052925,3192.619358808746,49.98387321616914,4.033137334652946,0
140.68262748476837,2100.133411192557,44.031042889160084,6.8990659409914095,0
81.74508012783507,2628.6595721170843,10.237714575388338,6.132216582165567,0
90.11573728124596,5525.617674281752,25.536362122354337,4.545306384036056,0
92.51348752971245,4014.4166298505984,22.883323348980174,0.0,0
107.59137892595669,4440.805552281443,60.89312635861019,0.0,0
120.34250839746737,1978.0702750695618,69.33976410100142,5.201229581939482,1
123.65811934118632,2381.423773481701,62.728047495538014,6.211202791560252,0
109.53404292709926,2380.8423251535537,77.03526276336963,4.083458488001704,0
70.27911139321199,3385.7272530924984,43.957773146445696,2.4009231166363514,0
131.7791584000863,2956.936208396499,19.481197203144724,5.693468950057287,0
108.67983617679188,2644.053294315354,45.98013439879074,4.4556289971417185,0
144.34214400517635,2789.4927770774225,28.413541119268007,5.210933686732057,0
88.69822308658992,2279.192529319946,60.5935583832771,0.037449266946532604,0
62.360147366324654,3021.3456772391264,34.93182699209417,3.6305774086519493,0
108.40251735622958,4563.394205909341,42.25718027868742,6.594216223356573,0
148.80381280411075,1388.967608774369,62.88758254361398,4.026646544589359,0
114.58767259769282,3626.996149818403,25.984705572539237,4.783843567134091,0
104.14534536131939,4842.413451303305,69.12091064735941,3.1023496913481243,0
84.05723772031119,2984.971971833876,11.58902865184422,3.2500771944513085,0
162.73883954892028,2580.21215954247,52.366665898084285,5.83910612855307,1
78.98405835455692,4324.396568395091,42.208445663691386,1.636690558318787,0
88.2253070610428,2016.3909850158534,64.1257723829259,1.4422254455528447,0
127.03413980912256,3132.2076330534974,10.751216811054617,2.017250648676051,0
54.287014869498115,1921.9350822140914,6.82143819108468,3.0139512334882594,0
148.78278684193754,965.4200497329883,62.58546647226703,0.014030872343455476,0
128.21909680861958,3007.4927620120193,35.81395373734869,4.449736995927327,0
137.13666257471831,1697.2043747827447,44.65674831786443,2.646777032900698,0
126.32315489991294,3161.6553985634864,28.785727939850297,4.674403006565914,0
105.98199676374745,4565.231721401974,68.63453750026984,0.007383847776116408,0
78.13563133742322,5406.347587079377,54.1711509899262,4.7833839682047605,0
105.29285072294681,3341.7303976446988,51.13791432516857,5.675949628105638,0
80.60723464607645,4392.069937554123,17.328365932749467,3.8122472212366416,0
124.01643293417087,3690.8668763247383,54.23459999965821,3.058775616496309,0
133.94670741627047,2721.670577751848,19.327248889471605,4.754063658177788,0
154.54630090989693,890.1226735627217,27.036362394421477,5.575490108621468,0
121.74449501945679,5173.326809840389,13.204189088142853,4.075796134951924,0
138.13227438812407,1959.135383140537,42.236419995071536,4.206690145915656,0
101.0580494208782,4842.838001097309,69.97497506608867,6.445546439287723,1
95.92802223743261,3831.948649402244,49.42421224044463,4.460473302882404,0
124.52340254375208,1997.3445453385166,32.131005767758055,1.4744889915823667,0
99.29989073291061,3538.5603029281056,48.378703147746165,5.557677277187904,0
117.85840988759716,5742.822824033524,48.07835562497727,2.8646952919304,0
78.80375643906848,5025.705457510866,46.25357132631725,2.997566286721906,0
83.16318447821891,2554.5740865073803,48.272348503992156,3.286840752323159,0
129.57197482200405,2341.4940260224876,19.140447754321567,5.021902812997361,0
136.3517380116626,3319.5518299847818,51.75248048630183,6.492139276962469,0
80.12650749892455,3001.1343359142634,0.7114396893866902,3.0074857575675957,0
129.98614016950907,4623.720462914145,61.302500507711166,6.566150696777404,1
93.68960253250509,4075.9186400388435,17.13749779195921,3.2887917489630087,0
110.67042201760717,1162.9637689918527,76.03947057773429,5.852334279401119,0
152.99061665687105,3766.7409719490183,1.0897359756451934,3.4747603831199356,0
133.3553753501034,2971.5644036609533,87.03531035568793,2.0119685036192334,0
133.83015904337358,3210.925948354298,5.1428749924850035,6.8316314254815715,0
166.86537537889683,3492.2767071879694,16.98175986065664,1.9082667092023267,0
89.26203297321565,4629.77608425669,52.785168021400885,1.674635609072675,0
80.96816109006642,4341.098679685615,60.41208453532539,0.46212198169002944,0
88.23014307088165,2292.3142573275322,39.08139958619802,5.3950604994562665,0
102.11867834204912,3112.0018118582375,69.92978747117553,6.066078173470591,0
38.75391840070805,2660.2420083711004,23.19775684359148,3.7313273284136708,0
104.57951601920816,1190.1960958264,33.28246844334902,1.0691423527977186,0
94.22757211296559,3058.068661808177,39.70535738616139,2.9826425397503225,0
132.708596711974,5423.921228946499,30.871234774663844,2.456772860094836,0
120.8621896618044,1139.3779681819487,2.0502117259190955,1.0087573293072494,0
91.55514594496874,3165.80956436202,43.57273122190102,1.970227329709261,0
127.4965893463723,3126.4171552375014,41.58043641429804,3.9868018761463944,0
131.20060969229957,3541.421414834058,73.74322210854413,1.8190571635626553,1
86.09968159166418,2017.1699714142867,14.18398162706978,3.6503617102940296,0
95.1817655640617,1453.3189061563316,27.481924363569075,0.005649193870905212,0
43.95816499074016,1568.0589164065668,76.17833468116245,6.3707133679908265,0
76.92958577549763,4801.331207076558,51.48101920785526,2.2374263630384448,0
88.05652712993242,2009.9474538780262,59.53693377486075,4.696211996793319,0
112.61931736554905,2621.76517929254,56.57497264840748,3.35732706825638,0
81.88869996275284,5782.888056492932,56.32695083312422,3.7907386895733826,0
95.3985829414025,2288.8988604003052,89.75838337575544,0.7900460563848497,0
73.58208284191707,3610.1209622646347,44.977891949226354,1.569746204121632,0
115.82186196811563,4489.942772645126,18.937891559483717,1.4744965923450621,0
122.34117340931577,4386.29662236543,62.226324408500126,3.086078367730064,0
122.39814319114532,1571.5680223261702,31.668930614856052,5.6609163021907385,0
111.00435972418484,2363.055848513261,41.23561971193996,3.8449147157136427,0
63.49119900442412,3561.7157135147636,56.14507237499032,1.1520125662514795,0
90.00553528615136,5500.926307568937,25.238128324429336,3.181431635320323,0
97.29306556849617,2253.3861266689078,33.322769794396756,2.8107521550883603,0
97.61009232307049,2614.225821843386,55.54348972870484,2.3186498848983863,0
112.42447271222893,3675.4698515932405,34.210753898919705,2.9198910347318656,0
152.57342606554298,3923.221062698008,70.22802171597617,4.4748087764276185,0
134.40124810487418,3997.1853259021564,22.816436607569038,1.6137605795108827,0
80.15826674229322,2177.622728286826,19.56842012007623,2.319766194645379,0
130.34858316268753,2539.477966037501,90.17156306801273,4.968603868597323,0
129.17351014639098,3439.602139465261,5.499499634840735,3.914699040227135,0
85.54704908841417,4733.699685700254,46.079741423621435,5.597915141014344,0
135.82850167206357,2917.157692135922,89.82364839211284,5.860866166739847,1
105.75212604855483,3173.507559476314,46.75713809007387,0.31890844871268687,0
67.24045166002766,1977.6239634893532,77.83320834556342,3.557327191565552,0
123.78692640004174,5414.719850865052,62.10195048859296,1.926880915371199,0
115.92818817905562,3392.369411093003,45.37214394127696,0.5636653472246435,0
102.4989100221246,4501.836290016636,41.454914598994655,1.441166980610959,0
109.31461677309477,3215.426551242935,0.0,2.350588464493621,0
89.20296226592102,3314.2339235007767,35.74179483085795,2.5005873438052952,0
128.16865398560915,1404.3137356591556,53.958419691904396,1.7219593606557737,0
109.43331892291488,624.3464889584012,51.79537299577542,2.9625156353298614,0
114.74071989082057,4735.62473753195,97.78178628575104,7.949547725826247,1
120.60620638945329,3296.1471782028693,50.18300242304435,0.01427914553872279,0
76.06709421163848,3429.231756148461,61.8142761877517,5.2523593889157185,0
82.83493440489922,1703.706076851923,74.30108606091726,3.0175254311185755,0
44.06667164501575,2116.565450535026,55.99345746528975,2.0735683407046688,0
126.76068898949717,4452.625285355533,46.825215051813586,0.0,0
73.31171782425068,5247.720531146375,39.03360143282362,4.4491350827678335,0
113.79647820577405,2453.197004054288,35.721709468307175,0.16419497939758712,0
120.23268023382988,4024.6622872746216,56.343505372273825,4.688004822572211,1
128.6044358720751,3447.0506493937078,39.89211467413264,6.508128463570769,0
73.99052007905622,3061.0503255459857,62.094916384982156,0.4365096996968709,0
107.94080025994445,5453.800903292565,20.78420835965594,5.34406430690529,0
159.82282272158858,2659.6900887317724,49.12770540053506,3.0554035845217733,1
161.5247104219402,4684.956001924947,83.90725277330574,0.015245820241508917,1
139.9533803622112,3661.781495579602,40.420793404166965,0.5965104431422744,0
119.99018203881332,3165.039401605133,91.00065409267734,3.313422969441292,0
80.18543591034893,4821.054406829653,47.04804021217749,3.6870895841199873,0
131.7100398392957,3528.6256166538515,45.26630633137209,0.10440133810179819,0
105.26264797305784,3074.7126710124257,50.74020783421645,3.027579282113885,0
127.16494509562315,4872.623388975759,37.54186377464751,4.641217908162365,0
90.79683392267758,4670.158784345615,0.3728671828209512,5.05567424036824,0
104.29938712526906,4622.918533798552,67.16202561419679,2.186844868444702,0
114.87876426969228,516.105868316182,98.03877745979649,3.8084795293267804,1
117.41411149936232,3721.063253631089,56.400804542108624,5.081760792761394,0
124.71107109893285,3450.5133821449135,59.91085323893354,4.744014180723765,1
93.07595792157194,3150.704343916454,40.99849722275125,4.809846693549179,0
69.90019697260045,3970.3521555581647,76.69277031226312,3.2041836857218513,0
158.65397451386178,3523.9059170121554,45.339547104006215,2.807933916210697,1
184.6977962402073,4018.4390905578402,51.30904296771716,3.5419241620333293,1
123.43225180761783,2882.3490078865902,7.132180682398538,1.4823776832524833,0
70.5104210758419,5005.9895313574425,31.726688058092762,5.2410411983901355,0
86.82101374730196,4171.664209991234,51.95403489632755,0.0,0
125.23821501635399,3843.5213895698002,69.49316614144851,2.0250443227789496,0
149.66631843034781,3795.774256004911,69.38657087774551,2.959696792948245,1
73.31608166619712,4589.282618385307,10.137687935314862,3.9835919528041255,0
106.41080064492726,4444.068323302397,7.521619234844712,4.358535200763918,0
115.97520172351253,3098.797478551987,60.92758593336958,6.017265677951156,0
135.30586748429542,4376.634914257184,25.416331049994415,3.1372639270056233,0
99.47523312051948,3417.9623956675096,66.32637966438044,1.5537978631598104,0
62.72809877890168,5503.824317550793,7.924573846695697,2.66743035941643,0
129.14585351018835,4489.445452232875,39.63334742144231,2.370054347544911,0
143.80045327197777,2468.7031616239656,44.267635269521605,3.999928503885532,0
107.6721391514933,6028.168132787664,59.832131488721856,0.8934953730638645,0
122.17331176868578,693.9941348994113,17.1019720084149,2.7099741601043776,0
95.54946923924756,3952.1580695920256,0.0,6.249965399654612,0
84.4218240390269,2337.365166556184,50.87710770864793,3.332930659395348,0
140.99708943328602,5471.421915543443,56.61075541340499,0.91470160392356,0
121.4959610943681,3481.8113680591227,70.90834162529553,2.3716141500305343,0
124.90123441190127,2227.8039624122603,35.028228404078895,0.0,0
155.1571892719328,2884.3866461721673,66.6216618644239,2.8857773403521967,1
78.51821825276497,2358.0167668801946,59.26814725704752,6.315680034473739,0
93.53862287632785,2826.377075778823,77.59415548034241,0.6160992378996833,0
114.48953786541406,2801.46688028828,39.50616355753787,0.1156443516664733,0
92.97563183905912,2296.361903769454,2.7874237768804484,1.6081199742364978,0
133.86353870204627,3505.778803944579,45.04799746712224,4.857193182431951,1
105.13054427895361,3661.897622900073,48.2002055446978,6.499677292328345,0
80.56719689600658,1972.0504100615833,58.809609916434525,3.9280206063004943,0
110.88442785046641,1224.8089666667604,7.310115587086221,0.43191490874674515,0
114.79680086687532,3628.865036810619,36.90004037785068,2.8991931649559164,0
138.04588671844547,3839.5016451571882,65.76380929064511,6.562846193626175,1
121.36071310028223,4100.121186894239,42.663494655135494,2.395446388117761,0
123.34196506609041,3856.167120750836,37.24357639042457,3.284666490696612,0
119.43251327351527,5060.371070538622,93.92093696922161,3.4182928356134465,1
104.5381290854868,4441.523815776843,17.105667235565463,0.012464027807876657,0
88.74701463273007,6398.886899605847,75.33402283815305,4.9571266974913035,1
118.553061310448,6939.741503979451,70.79707039422453,4.681272930202896,0
99.82235000620946,1094.621168130683,38.427162992221064,0.04484469885862407,0
160.3625272866918,587.1435152887362,42.27443993026501,0.32806964116221393,0
150.50283874290935,3189.7583915130385,45.22481677525305,1.0276900689140311,0
129.17595591918248,3781.823128961178,47.69786543775607,4.45076631312992,0
121.76281820554472,3095.6060188929537,30.536079683334346,1.464237245095139,0
107.45190102528632,4091.344615039764,35.25417017878638,3.773023727128213,0
71.67551808069369,2882.0935726552966,38.38614793223596,2.6828995030825107,0
103.36044443097433,2410.8482462558795,40.51271224870145,3.1383985533097665,0
113.3427678337454,2541.148712908082,39.32960296349482,4.05020941097768,0
116.20580811008956,2974.076421727453,0.0,3.4815863073593776,0
124.06606869512318,4186.52176242902,47.1052750925836,3.024545108066599,0
137.71406017013646,2616.495482145784,32.40415579122216,3.6425175567470696,0
90.00147496864824,2897.661986970703,0.05796456778816304,3.418696602755641,0
89.25955418930687,3868.623692036315,36.580806163069894,2.5681235458459613,0
153.45132922744452,2947.592468941459,37.51916247862082,2.2529797854058526,0
133.77504071086057,4556.651866150139,77.24230275465943,6.736164376959198,1
98.06467092277062,2098.8922536470654,33.018889044377,2.213541363275204,0
107.22988228862856,1874.322562887507,60.14955026152217,5.77317447260284,0
107.05706426312314,3560.7812372916264,80.46660448868099,1.5747417169681046,0
110.81159511447886,3686.4758250118116,26.93237651520155,4.5719182103515275,0
124.3806468468841,2168.337048257697,45.61928176164485,6.579601127632333,0
185.94099524794694,4790.784714578119,88.06065549077046,2.325189611893374,1
116.6031256585359,5483.927693907155,48.76739012316995,1.6500832992600458,0
129.07377735142484,2418.8046860407485,54.01869069431887,2.113238213842625,0
59.28701337410653,4918.642982942244,35.64839849968749,3.0374406773898586,0
95.3987375041546,500.0,60.47665134849517,3.6476953564307664,0
146.84640291943975,4465.285952515135,42.81639833717726,2.9435131960835936,0
122.53216985277919,2159.9197898224897,0.0,2.1658665796583567,0
20.0,4391.701558175534,37.48508300976086,6.912167291613606,0
130.39681605312316,2027.5821655735795,12.515775165674793,2.707725278849932,0
167.5925866118522,3131.5962496833936,48.62247786602682,1.7886555572904843,0
50.43539057986265,2196.2960084630236,21.853182104066228,4.791514451885382,0
155.545126983124,2929.5999284956984,58.74235002404204,4.7289178935703955,0
26.928882941443927,5430.721279102156,46.836596086336975,5.7873842925437655,0
138.05062410809913,3061.9434945796265,15.97354661342795,6.922189249685555,0
109.30557857572633,5758.156219975027,33.4508323107591,3.6861590273761773,0
40.13961460254903,2784.108189025421,58.81700260798887,2.4962364950249216,0
123.09512643132392,4981.7229454076405,74.47793120828402,0.0,0
144.30860489464925,1235.885392660941,23.272472212062222,1.0407528802547086,0
120.55727110193357,2812.9948902026053,16.68610772344077,3.4251063517394855,0
127.66080857849714,2562.5360647745533,93.11146466187174,0.7133940346503597,0
97.40873573996302,5052.78523396217,41.312376902967614,0.0,0
54.8060968564447,3437.7146669771714,48.52094725196296,3.1589926636076857,0
131.01358025373548,722.1270061654509,26.401667791403817,4.516301149123942,0
162.38926169085855,1607.2817181503833,49.65200649772606,2.5572089638151083,0
143.5360997871029,2022.2220899957567,86.49561595147959,4.77174934491526,1
50.355717299647,4315.264466853195,50.75780982799093,4.2434138086651885,0
64.80801218886742,4173.273381539668,72.35764514294047,5.283343240208814,0
84.58164611599867,2838.1519490824694,46.0698193927348,7.312482057795581,0
62.1438581397836,2526.372882846172,18.996487467004705,8.133866939120667,0
110.89181209262901,4035.7234118450947,26.15831957568714,4.395006490968248,0
122.69725886141048,1848.8060876898003,16.67879167275956,2.066079781089647,0
67.01955550721351,3729.9166160622535,49.23691108907601,3.1424385683522478,0
132.7501930257146,3642.591709757701,75.35530451076839,6.242699966154392,1
127.56998128755757,2862.257016262707,50.01203537871831,1.1840095401950677,0
93.46235892148849,3669.9548744858434,36.568590464158554,5.868151932386844,0
105.57791034065256,3286.5136410401474,27.88330054128993,2.5937501527973077,0
51.43183898453376,3733.5578271371637,53.11647396598842,3.492777947576319,0
99.85007929989112,1615.8809221778663,11.4978340272995,1.4085735613006867,0
110.53787690979254,3959.90989396033,16.333890079052118,0.37237308657441454,0
115.46707391870783,4380.66623142152,66.66045808530974,2.457233343390759,0
121.6636350745598,3593.4637426577924,43.285087138738035,5.591338045477939,0
117.37995037517658,3925.8447773462044,36.970388029222875,1.6679219948333577,0
101.65826547627414,3041.618749133698,38.570729226273414,6.191165634919354,0
118.29959329383618,4287.557172155918,63.161762037937294,1.8263085392490979,0
139.46362885611148,3301.0638792419977,48.85516222500193,0.8091841211203028,0
107.01041486532507,1843.6874411615872,24.65151465098146,3.5035560511988866,0
119.33013600338319,4219.196738582824,27.839369288901473,4.321230756448107,0
104.18862125380653,1259.001864215346,40.949228934956665,3.348530999318328,0
90.71170519652885,3522.6707957329295,52.72165401593073,3.240006838845157,0
125.43712395763117,2739.247440421344,43.69979978409555,6.162077597329814,0
93.1638139443784,2669.9087654171976,41.34755720954083,3.1095703503105145,0
121.40546709244016,3436.779209434961,45.26496591511649,2.077903884991949,0
110.78726007470507,2343.877954990315,42.177950073717874,0.6868882715657311,0
101.0458549252027,3801.9535941721156,27.7274711337937,5.630560002946832,0
99.66218674193959,3235.1211126618255,76.35638262124402,2.197348647649881,0
94.98128618869349,2476.6619333582425,31.359579921225702,2.3434836872760902,0
60.70570100989787,4809.98333013769,47.296070147831045,5.128505308405037,0
121.66745050377038,3428.3694005634284,0.0,7.1529254167225975,0
116.95329253304288,3972.410728965626,40.9359887753667,3.475252708179589,0
135.64462558505983,4893.096744203074,15.977334443579409,2.7198271485168215,0
93.93373356646799,4853.705206734976,21.547644729540416,3.0439059268731583,0
167.0773472482518,3922.3161957041148,100.0,2.147138984697836,1
99.05782678092753,2795.538074467575,50.97016974393353,2.2514369350452244,0
83.50184766525676,1487.2759423671748,77.73982037887207,2.414797825790717,0
80.01636212860687,3445.783596530093,65.87528899028928,4.752368296645232,0
58.252202039781686,4480.7248768701,69.60344774078379,2.7057246018780563,0
155.77839686331416,3631.7083176743627,38.174874757991944,5.806127044879416,0
150.81230473659255,500.0,81.53798347023155,2.8064348065110467,0
128.168868779757,4277.771661595995,67.79010634978907,2.2792697293541506,0
82.92781298833337,4337.880529043213,45.07253852795759,5.600503596854382,0
164.78869857938525,2842.9231053260396,53.33468762849938,3.00604967094557,0
99.21351540327747,4336.166044592176,41.07153518233697,2.6631011451336275,0
101.57235378692346,3942.4864092164744,46.136724076909836,3.0475160118162425,0
153.09808570055063,2364.744854215332,44.20907002883349,5.895138898615031,1
129.97417212612487,4749.807263086982,53.690887102597166,3.5605771608051646,0
176.12812684000505,1682.5594431433922,86.07705555331474,5.469863728545238,1
117.71556509493678,3137.637944308204,13.592989265456097,2.500566494513601,0
97.87873757820246,3031.9473843580904,72.17495378281852,5.156402680677484,0
92.05419736622503,2242.113501522852,35.74970106815602,3.499054147764998,0
53.93786073003483,3593.776438735999,78.37549576697552,4.797891992981898,0
101.28765740164441,4783.32395422943,35.61156223083206,4.944976567461294,0
144.31534703300522,4691.863376878362,55.150627447422444,0.992954158630553,1
127.72115273187129,4077.098756609006,41.35820419959138,3.0891339955959247,0
110.47612003668259,1164.2401756397567,0.5087408777790934,4.859812685555373,0
79.80733608013588,1612.6200329953601,89.07801606757911,5.2898348007453375,0
116.71673729010948,3388.0444327422565,23.050724301566273,5.467577204783469,0
140.58523090153523,3176.9692348912777,47.69031960698557,3.1151365886021005,0
122.68577993575813,2603.230277514195,18.624659799988834,6.114449668912198,0
114.64841302833584,5494.120937843308,10.338565709968742,1.6945623952062827,0
85.91563268224661,3303.0745870961427,39.72199706815958,0.1357201869718542,0
136.44154702178346,3845.4276453977745,29.070721126633668,2.370943392999862,0
20.43822938033654,4394.43053370381,14.920015711795052,5.379102536809782,0
121.30875601790909,3262.3541274023573,43.916845765352136,0.7781450399264692,0
187.30331478343126,6262.3640862636785,7.687761897634038,0.008242717462398519,0
64.69266619024914,2046.9192114362759,49.64965129556821,0.0,0
103.31361942607441,2479.5363035776145,40.91809175061587,4.4150804273699515,0
109.87662651547912,2098.6856198493274,0.5829733588347514,0.10929486237592043,0
96.01937832663754,5070.548227067264,31.203132334632496,4.103149827978786,0
141.7399509635434,4152.721362740958,55.333523200188296,2.338423386840963,0
123.83047953893958,2568.0451362019135,19.309953503157466,1.5234136451004734,0
114.72768168575047,2163.517913430598,58.428345405292326,1.0279054474770029,0
134.44642899288067,4876.761739323296,54.89981366926099,3.4517728753004806,0
110.7664640910642,3628.0856383011273,14.912254059309737,1.4980715784512377,0
205.094863505512,4884.3760845714405,46.38091092945753,3.0054595114314453,0
114.17333218348504,3144.2391659418236,66.76578559564766,3.8463852470886017,1
115.33660478880626,3827.2498813936722,24.83134600729706,4.1728408101339065,0
59.29316863361676,3553.8835769266325,41.71172394736773,4.837295156425394,0
93.24684266621914,2428.61565484971,73.82209256123191,3.333658373501495,0
144.68536060080964,2993.6163632365565,22.97537885048287,0.9020761930860528,0
69.32939543991277,1748.050822989081,53.812665475297784,3.8589390904437217,0
46.322836366691725,3780.235282617307,18.20337237138345,4.348101937799719,0
110.45884114989958,4119.831872831439,40.325983726947314,2.7119729022818535,0
151.11700868567812,4354.88724593304,55.02573796055237,2.488182736958382,0
111.78482401597708,3967.892459761367,0.0,7.915336762656492,0
99.61877082627142,3053.6512213456926,30.054523183543537,0.4524963933690754,0
54.42550848038048,5093.7745694483265,53.68113198049437,3.9698414213721085,0
123.48726719781148,4292.575674947375,52.08940265372678,5.093524539034277,0
129.95527669628333,4829.467295828765,33.57346435160701,2.3751024744050926,0
56.932307972789076,4949.334665744039,16.286588008398752,2.727031837265738,0
143.8286519642493,3068.4159614586774,62.536947112787374,2.1778998030763366,0
133.59876414715868,3655.594816003863,37.05409125517981,2.9740352427953796,0
144.1409715899386,4124.762528847453,60.80237808171189,4.8749158250586415,0
128.2793863492025,1827.6701336516016,55.394735635468415,2.5949536331771355,0
129.26722147513183,1857.3561264757807,34.74824926075078,9.06996528900168,0
125.34316932337624,1648.3424655456029,72.16751498186282,2.1119981225057667,1
136.0070934778419,3084.7856136043183,29.017411984274393,5.719932137222331,0
54.91493886433048,2804.3130819782436,72.81953110828363,4.0757865911338795,0
65.37035344263907,1464.6836637717342,78.30729517039774,3.2496581137381244,0
87.86966405726571,3370.2747680849097,71.15697857566276,5.847552681129727,0
105.64155031609933,3069.716573828219,44.39918841548453,0.03821236380472104,0
121.27088305718334,4609.478810248427,100.0,3.7742445031906318,1
119.35201415546415,5626.834491159731,47.53324655036275,1.5328611407899653,0
143.86946379195263,3732.244717382153,50.87342153309881,2.145908606592972,0
144.68287050202153,2385.399143304175,43.84746806718128,1.9684785133806388,0
83.74697372447328,3956.3336120936465,16.7410148005923,1.0086516836893458,0
117.05388059221002,3215.2648134268106,75.43280284751162,0.01674924122186625,0
84.50450781058242,2928.5164615654094,32.06126437505443,3.8064662680876387,0
105.11244551764435,2175.0760039820934,67.40718607843381,2.861115797057065,0
119.60643945058357,2605.950420044247,74.98147521794688,2.430977391918447,1
20.343019160137423,2989.3651464301383,59.19457640682548,4.721417344334956,0
182.16827588234608,4150.14409003493,27.103732579020154,3.8255082653704977,0
127.67299915990854,3786.755447813174,37.389928996621194,2.35803098948826,0
91.61232327309305,5395.157612077391,0.0,9.156169191646573,0
168.12281223897583,3984.2214581365934,43.58092587773783,4.980871288553505,1
99.29624261985275,3714.096195862798,67.30475605634065,7.9084773107900475,1
114.88531941914081,2861.619505935758,41.27554826871927,2.2003571299468527,0
95.67893863717923,1961.0447789483208,29.14858501069404,3.4982665661291406,0
158.9184828850745,2511.443788510171,38.05260255276094,0.5338922577507605,0
106.52741365203786,2356.985919404472,74.73063186143993,2.4254652699832238,0
114.77406091733044,518.2797194189508,41.37073451180401,1.7993903472356638,0
146.36311675868222,1983.4880840230742,91.53308152811313,9.053838953043417,1
127.8332500039213,5113.392785947127,28.51506021764729,1.5545026714834331,0
108.4626337765016,3623.6736990850845,51.299186640865145,2.547547195306234,0
143.17243107111483,2730.318578897473,35.42817212408958,0.11433980879253147,0
186.63469890482375,3696.064864547315,98.83685357631258,4.066184336785099,1
119.15433733885537,846.1805247552877,50.26864740862182,1.2485104537510323,0
113.52137336596276,3549.6045162661653,97.57951027643895,4.842164282690112,1
114.85194324317848,4745.7200448696585,34.21660288475742,0.016625129417104857,0
149.02003225567873,3035.5796102488234,83.38420683630751,2.7247019648602055,1
91.8164000443678,1057.698376002666,50.194291725936985,0.0,0
101.40589479633776,2714.845283867217,68.11009935768571,1.968838881675494,0
64.1198853738061,4737.9091853278505,14.373837242364232,2.399348896695827,0
73.90955921656673,3506.823193130914,55.17432818698841,1.7359400222789705,0
94.6724069723935,1507.2343927859258,17.52595695359173,2.0933853530761475,0
108.04629341669215,6061.448935942624,52.05439342579508,4.924598397440757,1
163.11215538331746,1694.621345600061,6.475831021461971,7.349545243911147,0
126.03326220455521,2897.1224468166715,42.96590306098668,3.622612986113923,0
82.40031140842552,1957.4448010784815,71.16716531822189,1.3822196018561883,1
88.68524939136739,1940.7057426175618,56.5694037111549,3.1172611873649174,0
151.05164708295658,2660.2545779571824,12.33060849593732,2.2605420020423943,0
144.08140093555005,3963.4382903935802,0.874616053162315,4.755146943126865,0
111.08655496753748,4732.282838000404,55.72861053077803,3.5694503160709306,0
96.59096633879133,2728.5046712837775,83.98823390007962,0.0,0
143.1968441003661,1981.3154606637816,22.235597743215106,5.1327023791262025,0
79.84714184987529,3789.063675521837,99.08052521106092,4.973010089383719,1
122.31151929802182,3792.0975975617685,43.33088768365056,5.934306652531486,0
178.39702028834307,3472.311205711478,0.0,2.010471947608691,0
116.25554218260494,3523.4278981481775,4.794640475509595,3.533480924709798,0
86.47318903181457,3076.1791226697655,64.50079929916083,0.6386618481159726,0
122.99272877272254,3332.346345201103,49.20674586452464,2.848781813651962,0
95.55275693811735,2987.237542638292,80.33036083430594,3.7536104101287364,0
68.25588364169603,4498.596752403095,12.349975782428777,1.7540522589863035,0
131.20072277075576,5897.4447387727605,46.638313409892696,3.7390481670940994,0
142.97771750135828,3418.7501553247434,44.42123741646835,3.431126903461532,0
100.3966080295099,3176.0673328468465,44.53142835699293,2.118654450137745,0
98.51698185018226,3505.4516926494725,35.56474817380213,5.789727360871231,0
81.54476408329842,2383.26605620771,36.872953803330844,2.4818341273958655,0
105.32486433132952,4125.894436263149,51.050209606357946,3.180531492292002,0
92.52552423820856,3719.566712420413,51.925685707769034,0.10101669433734636,0
79.08708691889078,2697.6414607210054,51.450689847966984,4.027330240056816,0
166.49320027860193,4280.801384194853,75.47949543220318,2.0504526375115257,1
123.40395658961432,3215.1397974293864,15.909462117638943,4.890090619945708,0
127.5074573964285,2040.4078184506945,0.0,0.3441051968331298,0
136.82313613881186,3619.403720313345,71.96595450505394,3.89383271456545,0
133.10282198784762,3471.7903693798835,23.05524432248534,0.08524681807344921,0
97.4947540116609,4330.541668461915,35.07485297823764,4.170007773116848,0
118.49663861185529,4205.01916229804,30.838621379338694,2.556299436175467,0
102.18007188475082,3044.7724466842283,29.78381770264438,3.7882518682686888,0
122.80532814782883,2669.396257738382,12.492697886772484,1.7641120387981073,0
119.96059467167369,3227.8430596250387,32.1442904987374,1.1591838728460282,0
98.78261768315944,3604.2033117669375,61.77936912253675,2.155303448676698,0
70.20822210371641,3793.0501555738333,44.04607003269133,3.4747807001904185,0
114.64329408913287,3584.4663449628083,56.04828701740136,4.203890606984738,0
103.54243046103886,3079.377948997349,33.391621087888694,3.6152398773152807,0
52.99933594314714,4403.222190027547,65.0375787919242,1.1373784611395148,0
125.38555553660963,2388.296428356017,34.73589425163508,6.699564388631875,0
138.72721633848397,6188.936959293615,0.0,3.6244933782457407,0
185.29202402394074,4106.772659787787,51.356249444359825,1.7817605849191633,0
98.03327540979474,1867.2792291626758,65.70002596900511,3.91853024290115,0
93.71794461572539,3419.4319755160377,30.94688136536849,3.4784089776086713,0
77.38053959977519,4120.858418478869,75.2745446827588,2.6379079881795997,0
115.96462146069769,2793.7694408192046,22.668774295925267,2.442835758731637,0
116.07532556301989,1423.81428617082,61.60860092571974,5.044943837420377,0
86.51717112953976,1906.3736418528008,89.62631839024345,6.4228870138680625,1
104.3626370244842,3792.418794190774,44.65161131060313,0.0122267204650687,0
50.86419584216485,1101.3334569411188,38.90691103579725,5.458434296065074,0
137.51560947241705,1447.5599222364415,42.40794134412078,3.0262966473276838,0
87.06067725993698,3817.7796453804153,85.29380834726271,3.3770495291802396,0
109.93385686589923,2925.4207179933665,56.22627149477289,5.662790589760109,0
67.51661999936894,2423.3223759070343,99.28915871005745,0.0,0
92.5607435379191,2579.6985105422946,51.84306588196284,4.623276963245173,0
101.21955069193314,1452.7130571637792,26.140995720509313,5.537347943799017,0
109.62983167811304,3766.0717388647204,32.17274735725717,1.5605389296049736,0
124.17385694179337,2203.0562678919664,45.114380891484416,0.19668286721207381,0
152.6197781186636,2544.8609659380104,2.6640806585631798,6.373282182922675,0
131.14843210089774,3587.672326397499,31.83273989404757,0.0,0
138.5678135192991,2860.638805379098,34.08121172170135,3.820614693321992,0
153.38738129279002,2339.901824311384,51.953889945182084,5.038693509569382,0
127.54772734291886,790.8950451503542,93.2050835504244,3.7535818597849184,0
108.6047243232742,3637.979200886016,46.867928046565176,4.051118093656258,0
140.37664587643803,3298.1719837194723,0.0,2.56046418053593,0
141.51952287320483,2563.318968897937,25.033778522955295,3.8384542368304984,0
129.1798391344092,1967.691307593066,51.90330597825546,1.4942890865757419,0
65.4210681995968,3202.0169364694716,47.12539673268627,1.877444372133801,0
85.69364969555106,3773.5288651382484,85.96633400479622,2.967536195838121,0
101.87919687511825,3273.9148580062238,70.69834123121399,0.038550628009494915,0
133.46656457250793,5167.3423083210155,68.8856346813007,4.193058981347339,1
109.61408787360216,4090.74137549855,39.87512207406179,0.0,0
145.1129428935984,3087.1996232060187,70.34802988208298,3.732077112464799,1
149.3258903418661,4082.4488256533314,24.33301977953887,3.9074754647559122,0
145.60769024260856,3235.2384414296753,69.72541689842438,1.3697406330052986,1
147.00007259061584,3286.841962793322,37.23193196245611,0.499238729029475,0
78.407645594586,4752.3800844722855,9.290073744878939,2.1721528398781564,0
125.01925085326155,2108.831029661469,61.88633395461094,4.256649801973247,0
91.77047217103815,3215.0322828924786,80.97258530869341,3.7187831441432886,0
60.67333888265259,4669.159773564259,37.752827785084634,0.7724830236793729,0
100.82531478268412,3568.4366354621184,85.41153018991555,3.232565796917483,0
150.73743068649915,2766.1114082624927,0.7059204132145482,3.500610539856313,0
123.64710777079482,1148.5377003250508,16.99140776000143,3.4720062976867183,0
170.2194587718651,500.0,38.685182414456484,1.0741941349411264,0
115.51934834285197,5682.901907310644,37.72641051929546,3.2110084212680454,0
183.14201436939672,3598.646470144754,29.62766210374465,4.858907140746079,0
115.46978393868945,2499.981075595466,50.81994443420072,4.035268882977315,0
110.19560734672454,3591.1433429304457,32.464330597697,3.798060509683277,0
71.65824333516072,2070.6824120629462,36.42932134877831,6.305649882742002,0
143.05873379664922,2800.3048572690823,53.857979256367486,3.3461225291578294,0
94.58667338531595,2078.5225191275576,26.534795098020947,1.3083189872233716,0
90.22346994341407,1497.4681773320774,42.360466516845314,1.3530629227880315,0
148.7543455456148,663.1787882892964,28.554986295179248,3.358963139048153,0
144.55984097085945,1300.6829551872147,14.25577819805219,0.08208280328825934,0
143.9264457727605,4462.682760571937,63.243953283768846,2.4349345275242813,0
99.27082635389542,1978.5222371326222,87.9370791215626,3.9832252175611176,0
108.95606293377683,3843.540786404062,72.67745544156065,5.340665459327486,1
107.83069853100173,4337.196960328901,55.530957439721064,0.0,0
133.58825702014036,3201.662377084375,28.572807344341097,3.1614298498935423,0
156.23613849235693,2798.5695890760708,37.24871103326061,2.943644987801704,0
120.91659432064304,3366.815778745125,67.16851721366208,3.07078639129297,0
169.62603476854645,2690.4309151126595,2.1967666648970265,3.28727949414131,0
135.96157865789036,4633.839893115306,33.86296210129687,2.9611117619813894,0
102.63084841959126,5475.854050600349,64.12063767026709,5.641880060104978,0
134.80746972535607,4931.011793081286,16.938856831003704,5.444205403419507,0
161.35224936910438,608.4635589799117,57.08553147681748,7.400078929886934,1
170.38790094276916,2648.8804067711703,53.08062853906654,2.8401571139991,0
144.92108766300203,3186.8424997191305,9.461214789304528,2.1051798318444375,0
111.36619188663686,3785.0283685252175,49.642733277965604,1.0375228202276188,0
103.70831644250602,1139.4317075089227,29.948768401937574,1.9103916895701356,0
127.20374874935517,1133.6522690681234,54.08574300108908,4.3924548665681975,0
159.61238586289997,4751.288381845555,59.49922543260453,4.68224373254187,0
122.77102543032534,2536.3235450368043,57.23341135747203,4.341403381158755,0
124.0100771692826,1436.0564228625337,46.14121838218237,1.687857638842744,0
111.51056963241096,1887.1863230054971,51.839213395289235,1.700030321782405,0
100.12767724267394,3700.2064996126605,19.392758708205854,6.868905496216557,0
104.71140770496105,2220.9402828498996,45.58440587388243,1.3886281646989838,0
114.39385489637284,3489.9633362837308,26.818485698687255,5.837150389967157,0
161.44011611810333,1978.412139939852,73.26240485593758,3.863555726335819,1
102.7053511337399,1115.336032957611,59.760042967164964,1.5444122913952936,0
111.56190616905073,4921.2527888112145,64.30208570534113,0.6169215448991605,0
83.7419003548281,3700.7510220841746,90.30633463301686,1.6081563447355105,0
131.1738805162953,2783.608631808497,36.13077355463271,3.85761366908707,0
150.3921896577297,2573.728426689488,32.42800632982586,1.2431213694528234,0
158.45221169998197,4926.099903765958,37.65130236929245,6.116256436287388,1
115.37993579796125,3877.5360548548597,3.838253470208813,2.590449752424954,0
127.39428048304913,4586.4593017337975,8.271780783541052,4.4282561729966545,0
105.13294652828623,2524.9306496478407,59.54714842578963,4.15124847338417,0
125.64307942947083,3286.8320859080186,13.988074445408639,6.168481252541727,0
119.38514613930323,3691.369330235177,18.342495409011786,2.1308910756821433,0
111.37912335560111,2580.8193157336927,43.35063043201857,3.1621887669006115,0
113.62999846133499,3077.549875737584,32.258633169848856,0.18679364763566003,0
123.68873053388687,2517.6649165693493,67.69400053490345,3.209331464501327,0
101.95560402111606,3652.54276991752,48.32998212115106,5.400634494706819,0
103.06405473610955,1551.4303603707679,23.658107170120243,3.4311637420151366,0
161.711948053725,3876.772746707707,68.51663058339372,7.5242863471755745,1
190.78062529981733,3570.4871829273243,62.13369208746334,4.050195680559147,1
73.82341480575711,2960.6911742520506,7.968676886298633,1.9708746349838706,0
72.12079844015918,3735.6767752966084,49.35697139829707,3.936619074440145,0
81.87136980849701,2769.327431559198,28.643876974494088,0.09323537244802568,0
107.26673061788401,2430.6061062697086,24.601470837717777,1.3631601099865123,0
136.83434523318766,3867.2574990488097,89.02452695595,0.5489783744106133,0
126.78465498242241,3889.08739554681,47.30177733500761,2.98754579390945,0
114.73647707565539,2541.048586593949,39.67526517526433,2.8432504661172744,0
126.1531791345771,2466.793841279811,47.9705008834319,5.399580263154063,0
89.07170431895737,3007.260121225782,65.56891338345991,2.846004282340856,0
102.65591589076277,2527.528324733935,26.617635963299964,1.1340425253879762,0
109.64545279814674,5043.673093988602,32.51138218848831,6.127328404910997,0
62.95272309030908,3592.6059840556677,62.7567649007523,0.027024374686232873,0
74.88846974214458,3216.38644194693,8.965237230368663,2.9593895125471903,0
76.63666169774197,2078.9640961990435,70.51929932181393,3.4180158456094105,0
133.54458020294408,4073.513808779185,2.4133936474165125,3.0565853933729272,0
117.97118943341178,2510.644148777903,37.58722738447774,4.004680142703538,0
128.08767291957017,2397.58056429807,6.8809429032139455,3.214754071410862,0
54.917950465084786,4149.519006115995,21.25618032067692,4.14504482997619,0
65.80030059145535,3681.4156612902993,77.26846477154585,1.859488187978506,0
129.90806016060284,512.3026040067675,70.83648544031229,0.11858092742916183,0
26.50032277922157,3008.3024572127897,72.2985622318861,2.906817632724596,0
146.0078163695099,3321.004281674164,10.930479381682785,0.9635999408206355,0
54.95396937713257,2769.5389210518606,17.112494955901187,1.6468957286069734,0
135.02186889637446,3376.904523404189,56.44258186255587,5.4316171602919,0
82.7954494279903,1035.7951179582244,62.77751831459151,6.09313021027942,1
141.54379939632923,517.8124291068799,23.71012099934707,5.208806161762919,1
206.54662319515296,2035.6801132433363,27.82533610104178,4.912470258571171,0
41.63230989445174,3543.8941887222654,16.294314828555326,3.158184671835288,0
130.01851862530398,520.8489322949572,86.31062820867079,5.120312010843211,1
55.752650826660734,2145.9009414157767,32.62181628077115,3.7047497418736746,0
122.90959463009577,848.5615124594985,45.80756527539848,6.872566067644096,0
103.8825469000033,2877.9458769927,49.17841500675223,1.2156007904528892,0
113.61154230406784,5568.010819036753,73.5282422491949,4.303852078806626,0
82.1180023043955,2899.2130536412255,21.49218766010713,0.45812711693439456,0
133.75455988356242,3070.8030150776194,75.91252678062565,4.360274678583762,1
66.64069139423064,4188.892265803218,11.625579596422556,0.0,0
146.92750695576876,3228.703761814281,75.17004385664698,0.6339607878665776,0
97.09952633911924,2939.1667703933676,3.141527036280879,0.45677596709369983,0
67.98904270141493,4317.006546896184,44.64954640745472,3.4729827054952547,0
157.44098182967082,3758.3167053923667,83.54406621776627,3.6982357826185006,1
108.15307687355214,3560.5476848001904,61.100734423647175,8.039888937719294,0
167.2631345754781,3062.769645619346,54.28476582744994,2.747817455963229,0
147.43076333492905,2809.9945849262103,19.517283006201293,4.456074879913186,0
86.06883909214314,4293.351964351359,26.935982350413994,3.257936752336911,0
108.30030356129222,2778.899007671875,79.45163573176045,4.3952041314998995,1
113.63276512590343,4681.412180208712,53.63969793810665,3.3468468829032116,0
155.53322931059654,1982.9079014328108,69.50829256419064,5.194246655182536,1
122.67780721623669,4919.436317829685,47.1525131343426,0.8618010141358372,0
114.94918827897257,3783.1748266985364,38.82884584139947,0.0,0
104.17163196517811,2053.475651906106,64.75547987109036,3.7433496824100136,0
108.5516638726605,3826.240799422726,50.558269197654155,0.0799691496207201,0
148.36454412796547,2445.056954820015,41.577034512516065,5.60987438303127,0
110.50806552314779,3213.7637300033507,9.714339336449523,1.911127135382205,0
98.79076261960401,2596.7354366921863,68.89442011059684,0.9626448917896089,0
92.36048431529454,3041.4510846243948,56.73978765091128,8.4693412413377,0
93.80480984575729,4354.307216979614,29.646219742356287,2.948706637572802,0
68.57323713181421,3846.761278065081,72.45896858611371,2.5343923982510352,0
86.78157502721538,1848.6797306133794,50.82774742663884,4.498919789840625,0
154.81309544323165,1938.263445656824,54.03753269198832,4.623415680827446,0
103.46018158927959,3516.468392871912,66.269867106625,5.2521102567350795,0
131.4895586524717,3595.2716238470975,61.84112623578479,0.26688701769017387,0
35.434124620740135,2364.120015780239,53.55152549124686,4.089454237557611,0
126.81817504743196,5106.854953306776,43.478972681529896,2.476264799255147,0
105.3685064373071,4169.267988264485,94.21638432425365,1.2475874493100347,1
96.2238477035213,2469.368233791222,24.859217288482284,3.062179562471141,0
115.375341907705,2344.55609841733,64.60877737093006,0.08793410268853598,0
94.9117064462384,2927.684609356286,41.68159699936692,4.794969965360577,0
46.186258841704344,2802.9655527956384,56.84297567040148,2.427461015463075,0
137.96325779254167,4699.016901679852,76.7090400097505,2.0922778387763956,0
116.76744687409219,4345.817026855462,36.48094558379184,2.7476261840528027,0
100.59342468997285,3218.4518679746016,59.59190223681542,2.7305984443954707,0
80.62490558558417,4029.2336250086787,52.82882892581476,5.228760552756458,0
65.41880097340717,4184.830632144162,30.638925080580655,0.8008699754289732,0
115.92212852580091,3243.662726838752,76.56632165890534,2.229845887613968,0
158.1940036810392,3710.4413536764373,63.0529060693325,2.6269596378022677,1
116.53149127000573,3946.963545623089,32.4140966151743,0.8584283300881691,0
67.70664755807226,3809.190233066299,72.7771151973686,3.3316865888243266,0
117.01708741045302,2273.8797835352107,23.612526472032545,1.5370850511531335,0
108.14046589991803,2392.4240284158836,44.417980926790996,0.2080973719109332,0
135.47464202962234,2853.208251909823,36.42732221582348,4.012440529501044,0
128.33755026379217,2355.26876187372,62.110759740367676,6.034025054929484,1
20.92422679459771,1444.8742444781785,34.763024777726386,3.0750661677669693,0
126.99919728161365,4025.248595171102,64.29212509018234,2.744089706855651,1
80.01347968551823,3624.7823653645246,59.85958651799275,2.73985991949093,0
67.27188618808869,1527.260269723804,34.296899402928375,2.009087158042205,0
104.45662131813616,2933.9237294064915,91.11929224492265,5.273122386284586,1
123.2907849110461,2982.8898860926543,29.657205426111737,3.1693060112410247,0
60.682928017829084,3391.150885646729,5.978646786237376,0.1085172429339199,0
131.5539749062062,1905.6606625186696,63.46671467872918,5.310259649439504,1
132.66305093661748,1581.249933612092,0.0,4.854153220567636,0
111.06774840490111,3792.283762997287,82.79051293675383,4.2151093682734,1
84.70756014216731,1346.3485601889752,48.90929183716412,0.0,0
80.60106293218807,2898.6822285310795,9.978164370915419,2.9834477842177587,0
140.88982659774342,2789.229702214876,18.846026166859367,4.8736525169375655,0
64.91877917993675,3063.5074300256647,5.02416697180793,3.728707057055052,0
141.54294044475128,3490.856249152148,54.34117820044649,3.365223143350477,0
104.82469074019703,5120.165584489386,13.127967892360768,4.708585414413804,0
106.84318125630514,1295.3523716479347,56.52437483940383,3.23595048759207,0
58.93287116743185,4243.222166222202,35.10224780152152,5.397981421597185,0
105.74665407789412,515.5506062689024,32.423438116503284,3.4267342395845652,0
128.15979527753308,4899.602627682215,58.43655341137377,3.1506689094443563,0
70.71110649792236,765.5244456393664,61.17443114678167,4.773037952780464,0
124.9890485651705,6135.698013379761,73.62534083041916,2.1975652489099713,0
112.7411126882684,2749.389253593091,28.2826559806819,0.766362329211754,0
91.23739704021243,4756.399014839794,44.102055589973716,2.8919776299098388,0
135.25002879219298,4517.977027010683,31.322635247807813,4.252152392408838,0
43.6916512776037,2652.7250981057687,52.928216739281496,4.880178297526126,0
120.51420181585979,2766.809994096628,26.138370099103533,4.915519841471744,0
158.00973835498388,2203.242740026596,35.937754383480126,2.871738487796466,0
153.10501886349167,4143.301045159785,33.40893800390806,2.7179397634729887,0
122.52035071044995,2741.8477346980017,54.32991076660511,1.7428254023689722,0
101.63159448778671,2213.371485871745,44.576198501548184,3.502535006814174,0
91.2588865171621,3809.049693542411,55.799831628275314,0.025800600113512623,0
101.37310097975481,2124.5022880766064,44.0284225929221,3.1159247176879212,0
126.49735238486319,2821.7661952162507,30.634464343429357,8.720809576867465,0
85.62739393949705,3311.0426872050098,51.89066521720735,0.02084912534051926,0
133.35743070869916,2428.36604268224,23.3395496794737,3.3213040027209964,0
173.6204702240105,2608.6358919732556,57.25952337148343,3.6860849777118574,0
108.48738470453024,5040.808111787128,38.176908690324254,3.9803203884966223,0
69.49632435119669,2942.9351958832,48.754801884657205,1.0447679862122972,0
69.52041033525057,2790.338791010021,52.39568361854602,4.071657239151401,0
133.5154643622723,3033.148490320334,85.12930566554357,1.9556895028946866,1
109.01359034183261,3728.5097306142693,53.51260615594477,0.21530524249150146,0
136.87146450617144,1933.261366068452,43.75472165632016,4.92440352837781,0
94.13550433442295,3703.949813571122,29.449293478055406,4.319338700554505,0
134.9251490425966,3535.140402025441,64.58602438031131,1.1341264410881378,0
105.61259046375756,1048.4396748613926,37.80729002718125,1.847786162767516,0
88.54606545279432,5360.42490089488,7.625717280129802,1.825456024802699,0
97.29577698680406,4934.753555292234,38.77333723058844,0.0,0
74.04919600446526,2274.976158268318,47.522766756815535,4.463959158026848,0
169.27902645305556,1847.1921510647787,24.78952223255045,4.5456646813327355,0
107.01252800853437,3478.6881749134195,40.60343850953838,2.296926686740057,0
128.79683815453853,1473.0807218849998,43.08477543496901,2.949517768605909,0
93.17757267325513,4819.256364139531,42.30192613430701,3.212468137791372,0
77.87229950019159,2637.827558615654,73.86114713131094,3.5029864065018743,0
102.77859680181024,5148.281449826502,9.737923782459632,0.3110592164647274,0
143.2346180423247,2227.955532963043,95.95150354622093,3.8631606552018574,1
94.0744401353055,3031.645336327062,45.844755618923806,0.6577327593880101,0
83.55371814302369,4701.680837821802,60.96695602644696,4.322498957372817,0
114.85828662895912,2798.355252923279,48.237282805429366,0.7878707623283254,0
125.11471556527287,3528.9020644614475,3.9371385556724148,0.4113231660559448,0
159.98087437648564,4488.60905849462,17.79652804771631,2.943183630902285,0
120.9738745005419,2530.7913581365938,33.12823672222103,2.9073595859106054,0
128.88964017556393,1673.0260727192253,69.06184277959098,3.244672923474148,0
131.33177316769564,1446.7888073875365,9.311145675302335,1.175925851706016,0
75.69859212403706,3884.606727567752,24.814434216160233,3.360376363571021,0
80.74537964491967,3646.2685995002785,49.74894832904468,3.5879538341872617,0
77.37026378944647,4479.7015113917005,57.74433885468241,5.306890323885561,1
69.31581961438157,2893.3596291479694,53.86723300670862,3.504925029115974,0
133.37735070258384,1499.3685496481876,21.943503072076545,1.7920269801818862,0
119.20375231877887,522.2539288666023,6.115743656534434,0.3084158674683916,0
112.466877142592,6666.2006453251515,57.895766350358535,0.0,0
31.948396265303412,3829.0887233419376,81.6744535240848,3.595830307730639,0
171.504599623313,3401.6183261775996,38.044280710967094,4.504110609104216,0
83.88611996579019,3549.522466884959,15.296106621885212,1.2005079114743402,0
171.33727403398225,1463.4026689483792,33.205934732627064,3.4963259510702662,0
66.68934647421469,2232.8266681677674,54.46724739133221,2.7013310201839706,0
85.94858397555697,5295.0178623497995,35.86787484635916,4.423769110791837,0
44.47798829681603,4007.61069349446,80.69515278180351,4.7058342014073355,0
120.55957479400239,2279.1229344680146,69.46624797187545,0.00774386379863945,0
76.44022288870158,1708.3784012296553,50.45509839042652,5.050321060002671,0
77.35853042567524,2597.009637702042,0.7188746354385652,3.5433092456154887,0
69.09241226106379,2799.1623817907953,29.23523024230329,2.0071032497981016,0
134.0967621306823,5665.07771509994,31.14964808431664,1.9832783916359047,0
131.60631708259353,2974.962966248256,23.94251525315475,3.006468792282813,0
164.13620139999753,1745.6509285031495,49.99414872906146,1.9777207531030878,0
89.87513025363621,3165.2459032558254,52.25209510096172,1.1355396546635972,0
116.41236145544428,3517.5345984892324,3.6418505184258683,1.5074756185809657,0
70.96731746778548,1639.5805716836137,64.54211937504469,0.9003535799309969,0
99.76742756330881,3683.5709896396256,46.57623081109821,5.609991672487621,0
94.16755066878315,4616.0975769214765,54.47918415042756,3.125810543403545,0
123.61924131969515,3373.621806030999,63.27631608269185,7.449546423832845,1
140.9887030257106,2260.721857836321,25.978613154833194,3.718696947185643,0
139.49369026469986,2619.4376851825186,76.02393095631005,4.167241493992889,1
84.06508386983525,1211.3571697314217,42.42225243334508,0.810588721896385,0
140.23434815121936,3026.2214817633403,81.4501549215916,2.557201997544495,1
108.31814690785474,3577.0341898996467,23.19492819008641,3.09106133198519,0
99.93104169024967,2152.806979086654,82.30389894827756,1.799428508179403,0
88.98049605831746,5537.618116896012,22.75688137704675,2.13186531364262,0
92.90982890548325,4167.353585487398,100.0,3.8941658614518997,0
162.1188610663642,1063.9011091563402,21.305022328924554,3.882794152422376,0
119.21687039702485,1083.426629535908,72.20189767671279,0.3424160755736368,0
115.08546316057785,1991.1631708356513,35.36108885035778,3.5566419970606584,0
101.92831300257664,5058.673864126944,62.704197160852694,4.132322944167497,0
182.46282344363271,4237.513751779078,42.648501534874946,1.8973730913194884,0
149.13085487825478,5124.550177165673,17.29513374804668,1.5665449353375775,0
89.0453818560584,3190.6526954724113,0.0,3.897533332234083,0
102.05185761951611,2985.7944850616104,100.0,0.0,0
103.4497994888114,1688.8629149375088,47.72401149253,2.974894269909556,0
114.5880719880161,3621.5972041988357,0.0,6.262392735938495,0
89.25094442075198,2959.722147505691,53.98181043917093,0.011409492383520221,0
122.86317562927248,2922.2700531132164,64.20306113219478,4.679356005462958,0
154.10286989776733,5143.10127785328,27.075889573761145,4.151012474038798,0
70.66522980098645,3023.2805150535023,25.805258330412137,0.045488483058850296,0
76.07506811418762,4809.154842354694,46.137197795373254,4.079014008557778,0
96.13617480880636,1280.703464755239,76.433827001275,5.085730357496989,0
96.07266770578936,6411.432548131147,48.17342266133431,0.626851042661294,0
169.52967626461057,2745.9706638094344,80.81330867949742,1.5606029546733367,1
140.3566409856157,4064.779311961257,73.86690605979285,3.05598989355236,0
138.56963357956886,4227.008800501205,38.8328442572255,4.952447439494639,0
102.75871594538525,2605.0356234018263,4.599457647301072,1.909099203663955,0
100.49760735867955,4190.856942282165,39.838736519550906,2.991746612359614,0
66.74347966739207,4250.336603858052,56.74024729997018,1.7888436980072095,0
133.00186039967315,2348.2414949578188,47.63381183712818,3.0337285864849406,0
124.86755992530499,2330.328538428732,61.322342932610134,5.205610153966581,0
148.5739932254478,3256.937385487705,66.43278124659899,3.1922208315774165,0
104.03995999590705,3043.1056020605806,58.23761310452222,2.327833150105819,0
105.60585031270142,4836.600519063116,36.49024662967735,2.877700217246925,0
115.50440636991998,4033.9470015733114,56.48025548309152,1.3558277217422443,0
136.46876631044373,3105.123055946774,100.0,0.9937289141084609,1
65.86742233776927,3986.503875512777,7.5736417005659575,5.451568046618073,0
132.1771140243649,763.5239972457331,55.06403768983907,6.290385463414188,1
110.07068050445221,2477.286038311906,92.17778345899121,0.0,0
78.53317949953767,3537.2454215847506,14.063496764184263,4.093329190479376,0
47.58174401632711,4534.6947239445,70.86491600412748,4.6335822244419855,0
106.15592249940377,3491.1313623888864,75.61127778880201,0.5958577315406315,0
153.83446198707284,4937.181406037076,7.774348231724286,2.067349970810894,0
160.34981466129813,4246.598483684072,64.5366244621795,1.8563908830323126,0
120.28990264193702,2650.8260832614296,39.300756252295166,6.805862303508783,0
169.15135005225696,3017.526191813668,45.85992561262579,6.262051507873594,0
108.68867425136887,3693.095803854268,37.77276773645359,1.1684183487114643,0
138.45880431827084,2661.237057502875,77.00701657359178,0.1516344985337734,0
96.18590481625542,5019.724344439723,39.07552494972527,4.578405551920578,0
94.83173289658633,1884.9990507933767,32.21191287489754,4.03146074022144,0
89.9048003301553,3556.9936010681886,33.046659821487026,5.473221922934166,0
47.81777358262252,4098.017248347008,37.98899806321921,0.8485491819905895,0
148.15755502815088,2832.4909604325317,19.821246503434093,4.4940497364016645,0
91.55664946568744,2571.3587914847867,31.555958499311185,1.4870991036432488,0
86.34425110365048,3104.8159464826977,49.73438058279883,4.259039977851812,0
74.6346894452219,4182.189056140264,53.93989855903356,2.912791800821399,0
104.14249806885275,2620.7236049950366,73.8499566911893,6.761061471491961,1
162.71290672386382,1889.1219116612576,48.92460555385056,3.9003308189523187,0
172.73104107307006,4556.530910395445,33.606638996802154,2.358886508961538,0
60.20858723737944,3690.8350788465355,18.821470060750798,3.317178508425061,0
99.78572111714251,4425.859681999068,54.3695279076841,2.7755647577565408,0
78.43466947003701,4113.910095862584,40.737814437936564,0.6308324035865424,0
139.29189674814452,5834.299116619512,43.99830936988153,6.839632293214107,0
118.11010337350113,4530.755967382372,49.78150533598381,6.212502763959714,0
91.24124704283928,2356.4427977895384,59.54781970785761,2.680519801516981,0
112.15963453460057,3762.8475661353978,51.87568022886167,4.39068466641689,0
95.33344900580516,2515.4253273719123,41.13944621394843,7.1421518236793595,0
158.31139164958606,2683.4973892702947,24.462373882693583,5.402934400974132,0
126.14727784627246,1521.5373663695143,29.077405253243814,2.4389866387146126,0
129.52618617523274,2847.6941508633304,66.94515981906079,2.848453972545102,0
30.50414038190864,3845.3945412039443,37.112761554518656,0.0,0
107.9402627668413,3132.817539445318,9.725507424999702,4.602408724373715,0
173.01337967092186,1860.789021295412,73.48904609805187,5.505561101723339,1
149.22048855250912,1378.8105774449423,20.481099818380375,5.563864404243985,0
54.801710250746304,5730.825516716727,43.63236555424748,4.361154464039641,0
100.0229981288004,3594.4952264299454,55.013482901852086,3.6658680810357307,0
74.97815270401374,2170.6736205961647,44.00122302845879,1.027486126874361,0
160.6082167807996,3735.959484498859,0.0,3.643364958611646,0
118.0184036803911,5832.073393923305,56.92413653734246,1.668014385505147,0
86.99207028316573,3965.6523224266816,79.68396749566585,4.143504790885585,0
110.92690280177467,500.0,63.46937781614226,1.557591661005532,0
32.035736354759194,6397.251104805134,1.1592592324221298,4.049572112675982,0
77.12479068307748,951.268636893229,97.0009811046687,5.6156546006033725,0
111.41404322780248,2943.828110994482,11.76826606928517,3.7167870010752186,0
135.743335568936,1845.4971207998835,18.485675552997193,3.6793392201595627,0
51.8047647792177,2310.7526867580727,67.66500514789624,4.901825435178306,0
98.70002087486536,3556.552348416899,56.703214529533774,6.67226164219234,0
141.07185806216592,709.662568387507,44.78299249298488,2.774929825936499,0
66.7604711028556,3086.7575915701523,31.916294450860295,4.022199740174593,0
116.5871177391005,4589.872559737188,80.00578653754035,6.011730284562,1
112.30021319352886,2177.352154227295,45.33288443072263,4.360429252172441,0
161.18482641558046,1513.546776651312,4.408661530699705,0.0,0
102.80737951742888,3042.0970590529255,75.98649323352589,1.5018630760910783,0
105.10505910657983,2774.7259009717714,50.47311886687196,4.488354992781586,0
135.19625594477873,2514.0708005502415,75.55427423070061,2.2154951321762075,0
70.21855772937295,1737.158184110258,60.225112494927714,5.965712919686596,0
103.6695009155737,3817.0349587655724,100.0,6.666030453785045,1
97.06388417925923,3946.8325391271323,36.23597257100477,1.8764704881429553,0
106.05533369937254,1960.7167676679362,45.07491414960957,0.9248899418158298,0
134.91201255693034,2085.4750521315414,62.19365050410866,2.267800836721339,0
126.07448488829942,3385.8794593439607,38.86805686882497,2.0824073066519864,0
88.19053793915904,2057.502315928603,66.80937882187624,6.089595747354161,1
113.84629837072023,3404.5692078917286,0.586201538508222,0.9437462583459438,0
154.09341383717032,4971.044137405659,43.34215802161246,4.593388208353818,1
84.69809229407089,3110.9682771643306,43.02672586726365,5.76709736579199,0
114.71765216397564,1712.4595730371411,39.42618237913633,4.717677504710944,0
104.24513590015259,3680.5853314321607,22.483166614212426,3.854759872822132,0
108.3589338203343,2998.0629950230277,67.2037342423134,2.6629132937775455,0
61.086797727087074,2996.090523639698,32.37960608260633,6.6159784073554455,0
151.8588586048388,3767.54532733837,49.02198891695563,2.567488897581005,0
86.08510010432545,4005.4777593473927,42.82603671782541,4.906888119869386,0
140.46616509382065,3233.373655826404,55.10300857328629,2.6797580897976996,0
91.4487070795806,3118.4705823331665,81.44812046796224,0.0,0
90.7265793495007,5691.017228224539,47.84241711662955,2.471773866293367,0
146.79316082721334,4630.698186678728,67.49919427917112,2.6544423520186,1
139.39997263759122,4175.06417554325,49.08590396761585,2.7324851607747975,0
115.63921187024954,3391.7145648720684,33.629646856509815,1.6322705291504074,0
132.80026469592838,2002.9981584635252,40.162352264564994,4.24330362718618,0
101.60428895794145,4570.820530306035,40.69568135782778,4.494869077194462,0
110.29702422550943,3385.363826676148,62.52955278360169,2.4603806890231437,0
89.5552811021662,2526.220947277221,47.74506986192372,2.3804926525244676,0
137.66947594972297,2916.930935307167,25.69013265491634,0.9648323040806085,0
89.27413331499339,2049.902541481159,39.48080589399143,3.509372390932096,0
154.35159826816363,4471.3464693935175,8.410986634475751,5.7132447474072965,0
100.77232508930175,4010.8179394108483,41.58899719943045,5.8640797149805595,0
111.14215398083573,3435.733421946356,42.33694199430532,1.7942221654168737,0
132.1283725448774,3143.4079330836726,88.96004897567303,7.027339343895084,1
110.52762724094714,2385.5547021123625,79.28912728749391,2.248962096475143,0
100.882129976091,651.301620258309,20.26057815408092,0.9960371706673237,0
109.35039524525503,1513.590898616189,50.22404385005753,0.29722627931666906,0
137.38401177119755,2288.513103943946,47.95493570748698,0.8499906218511345,0
90.1293600026702,2132.423954525515,40.03486993181659,3.7714519380823655,0
106.08312456238005,3526.784079644451,43.53726866407559,2.511437655324508,0
110.4781443307006,4177.371741716364,32.75581111068848,1.7214478702671883,0
135.80620921596633,3061.4955916502686,93.20893998570571,1.3887019556561149,0
106.13217989832279,4926.697249683907,37.34814142368174,0.7394349303551152,0
164.40681099990175,2272.0538296515606,54.91532990691223,1.1470965000463818,0
105.69427032679617,3054.6791271186444,0.0,5.074002298611129,0
103.32947860765758,3117.044919220403,66.94531534340808,6.621337410162346,0
104.43760222795589,4521.363452362508,74.47007704980845,6.702679552136581,1
70.74286325168872,3304.7912522339175,19.5130449615542,4.389611499662292,0
79.51310698439472,3384.34888166352,32.32498728953573,2.0733189707118598,0
95.11224683922035,1192.8754620215007,56.46694608504203,1.607165225695242,0
144.29157293248505,2100.5572571073544,44.357190347295315,4.505621937181666,0
109.39354438216414,4530.194652943606,56.005018187838026,2.5119248060304975,0
95.10295013109717,743.1954186162286,40.2370637446758,3.835312925407147,0
146.35064018236207,4832.757014104331,90.67027782852765,6.892211686148074,1
156.8949326684604,3792.5203931231936,25.36633620819691,3.331599672589641,0
146.8856460690673,2283.213019476739,100.0,7.586808689405946,1
84.46213945003325,2192.94314106546,75.34516492395342,0.6545697683995823,0
95.67223956792799,5477.614433205089,65.39721592585208,3.888149243929727,0
164.68503451523185,4892.152059757164,18.396894099103342,3.5772374082296183,0
117.48242773639632,3036.1225384463605,67.72389590860251,1.039829360728428,0
101.98021163318369,3387.223297728921,58.96130070658411,4.633280874446726,0
131.43604527287746,2450.758494388168,2.234161585850923,6.062859177627938,0
141.06191012909056,3399.3990108105627,9.600626771428725,7.377341328047996,0
93.3934576621413,2358.0904271928457,52.33168062952161,3.7542046485932437,0
116.93850277438672,3089.5274242140263,37.39688587255011,0.0,0
137.81113828039682,5377.416953611683,33.74231222105367,3.9296450331289217,0
74.96635225395663,3085.39672809594,71.3389587295753,4.496824848577718,0
110.83185411183015,1933.4088558972921,23.46354204779505,2.5084674908784574,0
76.47724674551255,1543.2761337381123,32.20649100759375,3.500106779894667,0
80.53148238567857,3332.545506420789,28.94070006046635,2.0323342317982322,0
93.34627700916586,2327.423038561595,57.75908005161501,2.7759716829944123,0
124.38378664470613,3467.3602125915895,3.381316893368677,5.0050448124320726,0
100.9199978223533,1225.4497946504835,32.84831917399851,5.8167530215352565,0
89.97201766732842,4004.5362101490873,0.21562733875552298,0.49119624987614724,0
111.52693462897355,1931.6441423377153,40.80363654464904,1.9459657485968695,0
76.45522573473878,3250.1393160043044,63.75184749720896,0.0,0
123.25882136209694,2802.2725785321445,62.082678188530345,6.74341298124551,0
143.82118234272411,5247.966484298792,27.08367083407036,4.719002978396604,0
107.91952831591237,3407.5615138851927,58.88662485512399,0.0,0
103.88090479507851,5536.295232611519,41.12614568413643,2.85498381465985,0
121.78654860429268,3904.395571748316,79.54493349288802,2.382664417275237,0
49.428501222594356,4946.080147279271,42.16802211520581,1.5215005359806781,0
125.75339333353334,2946.381093322643,1.3765390376237931,5.069551761124945,0
203.1953446823133,3631.698687929889,68.49180186471155,5.032617260460408,1
106.46745026913031,4665.647360574707,34.619689956695844,3.59692039605017,0
106.58724340549173,4301.415138140978,35.43516552147426,1.7249877617734684,0
132.42749977036542,3844.897176038943,50.7985464023158,1.8087784232968003,0
159.62589789456538,2821.2185322198366,8.210211213176809,3.0890097812052217,0
139.36761015057624,3026.5614397622257,46.52734208160628,2.014705690355931,0
45.01152487645136,4573.691519048772,57.26008287857482,2.9456710722026345,0
126.71741004767797,4817.835563242647,52.57629234252137,4.08363499460109,0
187.09833350526662,2509.456406748511,30.35831149475144,0.005639042314349953,0
128.73821225078083,2304.8070467218668,68.49080028446782,1.5561042452966316,0
75.29963976031462,2103.4780497028587,16.494676145052036,2.939431956749689,0
118.94115212281547,4164.515999550645,27.362656594941985,6.118571833164743,0
71.2159487283968,2093.1060083092707,40.68537540839551,4.674839428238146,0
146.30614848024985,4194.946045119546,52.01260350647299,3.0172722677561445,0
82.08673767482078,3820.3218214471062,38.24803731911921,3.820774204847959,0
111.87299877858004,2533.6244543198654,76.35181319592654,2.839885049288648,0
84.74015097168078,5091.620156277209,49.392207779138346,5.1148155530245685,0
93.84343587246595,1442.426489308914,49.07886580045976,3.982540968818998,0
154.28709503820045,5192.504987508082,51.201019704268305,5.542774507849714,1
113.04681170744297,3600.9528492960967,63.40374458510326,0.25823259780117713,0
93.08721837893239,709.6374803241204,51.18184411171983,1.4497322120162934,0
75.74255197083907,5117.986044545527,0.0,3.5951266153302277,0
53.49302908231301,4345.0817812603855,73.0451309218658,3.957807240422455,0
72.42939347680449,2693.130970949049,45.077551639680614,7.833892113032735,1
113.38509921748943,2015.523193133737,64.11015817383802,0.0,0
139.84072832422183,1291.164869738909,35.181294206204264,2.9509452634165334,0
93.03555473239986,6088.431339749789,0.5448547142212439,2.851733157513696,0
156.70973884741693,2102.8765777081508,0.7899275428929133,3.6072876075620264,0
88.28211429878696,1684.7496135206825,20.737826214538817,6.539516852416387,0
103.04681172181697,3505.714650863686,59.80673272311049,4.803330520972956,0
76.8913642225798,1252.049660952318,76.31217747160153,0.03827804988152565,0
140.17892606688847,2028.4750137608291,50.99912374584131,6.007333253232277,0
172.90786059912998,4414.901106207344,18.92351581388018,6.019251050722729,0
57.273286429588524,3739.2851972868793,23.33332949435247,3.5080551841864342,0
99.68767374167352,2765.085754725317,78.15055598993182,0.0,0
147.63305527639858,3253.6384069001374,12.591158717200248,2.7042985122609986,0
66.16712045785563,2687.232608648715,98.60257579959172,3.85425859215742,0
126.71980847290743,3135.3574055461822,91.84387294735033,4.975806621265613,1
145.99758819831348,2295.7287139540904,97.04359707957825,0.006353013982640896,0
112.4393011911953,2510.31332676025,53.99419604035636,1.5062688314265142,0
126.43489869727125,2439.736814589306,35.49790847012862,5.160818225149093,0
162.18627109450878,2317.026867055534,53.75352460893594,5.960482901170226,1
168.2533976434262,4450.619330055222,66.76961744867441,3.817165499487538,1
108.36085424954238,4103.492363617961,27.234036223864823,5.2840928196713834,0
94.51720912833744,2109.8973207764893,15.84728125368489,3.8536162972018952,0
81.88644652093083,1776.7070381247663,35.14249720783599,4.996344091709661,0
140.16455552401072,3046.9469629482196,27.321909459714153,3.32879544995715,0
68.41623466583223,5802.102805943499,77.07368574482945,4.095752908664377,0
101.7180948361831,1938.8657539118776,27.75722884540181,0.5334292214672343,0
113.80298260132224,3032.6395236107383,48.37614467953355,4.48302411804507,0
94.48366557474495,3297.4869296273996,69.66357075084281,0.4393247879048868,0
119.0095331305534,3096.890649828251,75.0620370501808,4.51347721458137,0
186.6340415707869,2680.2617263344273,48.62424846163916,2.109271769694992,0
106.2827581807862,4613.133816676669,54.37642713583862,3.7357874038880112,0
96.37795472001118,3766.867926437309,20.711772904046807,1.1537718093639449,0
141.0109755311479,4223.667700239778,71.49120253927443,2.050728900858808,0
117.65602911531299,3907.0935377554833,75.79198234491884,3.6910017767423917,1
152.93580417138844,4310.401978203772,0.68891734866341,4.504699386104376,0
114.87004540085688,5106.747616450179,88.85598766804571,5.261246444765324,1
102.76483711821488,4789.59440065328,26.397618804807433,0.681604122963127,0
56.31143438246355,5998.638284516117,61.34081212064366,0.015296877767742951,0
61.94568844132586,4683.77664207899,47.13362598014592,1.0769027338495645,0
54.85765941044667,2418.940219931785,44.26625934250653,0.9404473693965364,0
121.19220795816152,4195.078001034724,38.153405176200344,6.163389165179876,1
68.46686597459652,4074.1061539893994,19.420508967427274,5.667825973782019,0
147.18251490625684,5518.186755439468,59.33022016356412,0.9118297258148982,0
111.13541974921161,2032.4906166435676,37.37896012217887,6.455177208671569,0
102.79417913064545,3853.0112846857232,11.965660892623687,5.5686177913363135,0
85.026283980917,2411.301737374608,17.508329700805866,0.08879336122196894,0
128.4748607097292,3845.6767138840364,12.995297838043985,0.9687874086748435,0
85.24347840326396,2973.6954300345387,30.281265898478658,0.0,0
80.20147505122124,3749.241583583472,57.64866146211465,2.7676843751167843,0
146.51516970234758,1503.4076750197355,25.710709144149103,3.0213752869927006,0
120.21407027648425,4153.039196594584,69.08589863381255,3.0481391357144707,0
102.9854288264873,3477.3495717765527,44.36253329778475,0.005235404506559924,0
128.23457232676034,3398.7517553364028,38.34866935760024,0.08689389207912633,0
110.0920503702444,5535.823165535411,44.88031711698144,3.380658853525877,0
121.33442587740433,2744.2398452786165,81.18523587888603,4.192151031773092,1
85.63273856355414,3624.975899155791,9.614751047426509,0.0,0
171.97282113346168,3335.25367864554,84.9206733784062,0.3909211094076238,1
91.99256667910531,3471.2103678537032,68.45295247657903,5.052074433634786,0
156.4344369361496,5895.330465089318,46.14801378954331,0.6223050274703114,0
104.21841097134525,3301.5413572056036,76.16373489816642,2.8476188120697534,0
133.80153299743637,2504.0159262154093,36.15500156144672,0.30873657684344635,0
131.65965464485393,5431.042331171242,51.67408740681039,4.6797658871975525,0
144.80207296453028,2810.985035963504,32.130474583198485,0.0,0
84.5500488244855,1282.263140080018,72.84225969623445,2.3981313228292844,0
142.47598203429231,2301.608617008739,26.94361435096895,4.898861060061858,0
165.3292159061921,1716.0136674651324,45.773799099627944,4.199409374092209,0
101.70801416160428,1054.800814079766,62.37420669199598,2.1302345810824788,0
110.86681393043705,2769.3289029299513,72.47989890758264,1.7214489195869724,0
94.41639431049606,3133.8410335239732,26.020354225129385,2.47664009384276,0
100.29471258125773,4604.286064639493,64.0639612234868,0.4663463311571605,0
160.99110240240685,3926.3376018162194,20.457495989855747,2.905391336875084,0
79.86590111535575,3887.0820567280316,0.0,2.9023577220621184,0
82.0636331030111,2145.4580012317197,26.82594633459996,2.1255472930274535,0
158.804209515924,4299.314282795153,67.68173885429329,4.98359148708493,1
128.4404346143797,4899.712207844438,46.68409233471293,0.7733712632778698,0
173.53768290679332,3670.159196827638,33.41584349857777,0.0,0
96.94507838154044,3726.8872327694203,45.70108373745153,1.9230167640971887,0
114.00458043476445,1655.3529212487567,44.74773542670572,3.2728762478415394,0
90.61337765551086,4496.987696858778,59.257873075758916,2.733188581992953,0
114.76856918948556,5348.268158553569,4.9310413291843975,2.703609464625537,0
57.021488938086954,3604.1029432181676,43.799361972358405,0.7604159810639568,0
130.55741868439344,2449.365782405135,47.25245717759933,1.0067068004127744,0
119.43161007233086,3015.696750808286,10.625522367538395,2.0619173324774827,0
108.20231459674687,2733.261504837586,11.46999729743023,1.8473984545125737,0
98.22885561862611,2774.3177569269174,35.4182619048947,5.216273387182632,0
83.67959829939787,3976.70597659726,44.91446269912976,3.4650483450089125,0
131.8705368164441,3531.236981773172,46.971513061990464,1.8910756993527464,0
74.97432413314259,4391.247023074515,31.135544749063538,5.238015073050513,0
125.00238566831705,3647.8673531691647,29.01960854248694,3.80644939382702,0
172.68179270747885,2139.748820615552,35.244523308263844,0.31763273600004055,0
154.29306663185807,2609.1938786433834,53.150008358283166,0.0,0
64.68611054843885,2547.7917421302113,79.85679838896732,0.24840537473491298,0
94.42376289336016,2968.6026108657097,2.278621595464769,4.167759787937684,0
122.95464335121922,5362.371524454135,65.38853981803548,4.816709736218266,0
107.56008896340828,5545.621876320174,40.60198645373339,0.11534390852478478,0
67.56847027141367,4212.798294140967,60.18683916134949,4.4132827669201395,0
121.51850789274135,3361.7070375978697,76.92937064725699,4.193475488938347,1
109.4694362406363,1575.2929035799427,26.14572896243559,5.82995664716806,0
166.81303626017217,3482.2079760457887,68.01137645666566,4.877609945465109,1
102.09868232684067,2263.4357606224785,14.705910656705331,5.6694284891931925,0
143.9007811224938,5174.865039822864,47.711199761923666,4.030298337377086,0
72.36158995727122,1280.025899804525,37.18411051273377,3.9213583667673726,0
79.53641484714834,3669.0262457363647,44.07415389700523,2.3415480944030707,0
132.16387660964398,2165.7342242692234,18.054860287728776,4.556129990011685,0
142.6412957943707,3188.152548517216,56.24965273626278,0.29168549053209897,0
81.1206797598661,4009.298016722835,85.7068890818162,2.674967635852111,0
111.1093612242256,4409.5725096192455,19.238060526265812,4.105633992951305,0
68.31941516670811,3091.9472904440636,50.42547448706035,5.856594158010889,0
104.06938987819024,4116.338477991511,67.11490365317391,2.1267718941244165,0
135.0411091618412,2390.012096487063,38.12010947210635,4.882945673289228,0
97.16441932968227,3534.1904035113025,80.01986389533629,2.6979595064708155,0
102.17521583877121,4387.5540390669,34.62331901579447,4.956985719781105,0
75.68099712135786,3614.7284589282076,44.09931259362873,1.4039511194076264,0
90.33326256040797,2551.5050831239673,21.13564485201834,4.444155514073628,0
162.86476342235486,2865.527189338139,46.31814963971435,2.8226716668969996,0
112.14182826349723,4397.351759553109,47.8600570983969,0.6648615604612123,0
80.95459889151816,1866.4923927308062,59.45882645330229,2.7418776634604822,0
100.54557202497625,2073.3964456969943,29.075702504277654,5.627780375842603,0
62.400258118568885,3914.8365475107416,31.82818445329968,0.9644371455187476,0
79.02049952805105,2688.7253791148332,57.33456654250566,0.0,0
151.0347571383553,1482.1296965366378,78.66618892229897,3.8338911914550016,1
105.5150600457503,4789.986706654765,61.205151779282225,0.013301942426243295,0
166.69631191081135,1902.354861083327,91.98352787981446,6.091140654893614,1
107.77472161109048,2941.47382083773,59.20174233875476,6.017829903995062,0
108.75109413879387,2449.9387670387364,57.2398443118336,5.088039764476615,0
128.67679364903802,2814.762555627448,60.08025555551287,3.0453261291002374,0
29.339158921288124,2111.0601185144415,80.45302291094697,6.409308014595541,0
116.16915724704992,4018.196123426006,74.73101096319814,5.625321844841511,0
108.5474652075017,3324.910323133486,19.842382151193142,1.9767239664401028,0
154.630839071448,4381.624588952972,63.17159678227772,5.919874875213199,1
138.38578973005022,2461.570454257794,51.8336208555324,1.2492428378387437,0
76.81054008922281,5723.787204726628,42.19750131433151,2.633777349369064,0
147.88580422336702,875.2608424326696,1.676145618845854,0.0,0
102.15212948265284,1298.0023097590313,8.632082637334118,3.32929581008157,0
82.29154874854163,5319.480560699527,35.02048336967473,2.281158064780592,0
116.53378214153278,3773.855759995804,9.342214939215014,2.05042227498923,0
104.35472923334781,3647.058126029153,38.12636206946272,2.6265242407465887,0
156.24112585264484,3716.7376399718173,64.31175738019917,1.8063656243015216,1
120.67950747034403,3891.708638544787,31.834862466130716,3.0039959729272407,0
116.00227108681489,3559.279763432342,45.30805120334004,5.541782160970087,0
136.61589610435425,2025.269439345491,19.300593482442796,0.8523182849819536,0
142.8629474911083,4178.515206106367,53.23163344111025,4.716824246420437,0
132.87890313563415,4009.570125812893,57.47450723993803,3.4441915764240463,0
152.15594753361975,4931.651372307178,8.492623304643601,3.6874380789249424,0
128.51754980620345,5324.251288097806,26.875666960720284,2.9173610974372153,0
115.09599318681815,3628.2453714253866,11.818997180033207,1.565424650438793,0
146.64733524886617,1736.0497377925744,57.05305024542306,3.797304233008003,0
107.1364014828155,5333.535085043543,50.51320960993403,4.036316518500886,0
110.46477241642359,2008.2440105894098,45.36300390909234,1.4119362741505475,0
161.40457250673637,3591.2993949436964,42.52313776450587,0.3579023152821374,0
158.46084867054805,2920.4606320697903,52.41031034297242,3.1040057439952133,1
110.19689186458577,2663.721086568928,51.93270862160893,4.502420495338477,0
96.33728129686536,4111.879560055449,31.430842820249545,5.071988625766024,0
153.8026976735374,3456.671706211792,31.02841384694601,5.323204819274829,0
133.84302622778048,3820.924836138549,43.79181275660576,3.7396618199660785,0
118.81175080056873,2247.7121526852225,40.147116180874505,2.393874310327466,0
100.26054336805561,2972.3438370074527,96.74519889851213,2.978523535577293,1
120.19313163958203,2270.94369478313,36.42684357936581,0.469750094272591,0
109.39263791929625,2956.666993336123,50.66011494193883,1.6487136005549554,0
90.3770451550298,3053.198236570512,55.87046021891832,2.8752380347439783,0
114.19651654441462,5392.242888437996,80.96909924224839,2.4061693871508774,0
118.87923473247024,2889.450091688533,25.059664837380083,3.256161145027539,0
98.24850546546185,680.700172274526,80.15916798516497,0.25890244117773836,0
137.19388876425046,4864.082179216493,42.43010126989884,0.7493421541686125,0
148.8387140706315,3743.7043682449953,98.8418943906763,4.495238380526351,1
138.97208106248553,3047.24416748049,49.093692516296386,1.3103419558283027,0
101.44700172947566,2667.38702880768,14.606420372971469,1.699955301875131,0
132.89950866315874,2069.2652849666274,38.532077740961846,3.1525014633543917,0
112.4611181476624,5518.083204235492,79.16139676722764,1.1397462673553116,0
72.47876903921866,3270.552611133026,49.38573155899624,5.2067269507747715,0
129.4809611425641,1113.2898945486352,41.955525694456355,0.37185250142785053,0
114.20335975074657,3565.1847701854836,63.969685919059955,2.996561991856761,0
187.53062672381063,4611.418918536147,37.70535975830221,1.4790569300295338,1
153.94109157327208,3344.9409626401584,40.21857335877471,3.301705575678533,0
130.9304077639552,2109.896932601973,21.891826004069276,1.974025937741341,0
117.42895372260392,2027.3136576386412,85.08536789824684,2.8855546939626433,1
114.21723585958868,2084.5987400814324,14.498310741051055,5.399323252543955,0
79.27940453733109,5021.061881368363,49.18698479925969,1.6036609536191047,0
57.49220556451284,3100.9233469877145,58.57459295861453,1.6403466214533424,0
83.6997874477687,1168.8005283443767,46.13991975921767,2.3420087710928876,0
108.272073394554,3705.0520362272514,12.9344842732654,5.955496142866961,0
46.857094006038345,3353.238660912928,17.15007715050974,2.830056498825658,0
93.01949435723766,2634.255397144723,55.70598675064659,5.442955175949426,0
102.51398785095694,1957.6010445051468,27.613076373551866,2.6985703098853966,0
103.41861577900522,1924.7951542425683,0.0,5.361247330838322,0
89.52086100694568,4492.530627742903,52.53004451479629,3.7819455414400642,0
99.89135517742821,3502.7185271326134,21.216495776839793,4.1652434795812185,0
160.8323895774001,3759.794122367569,61.146199818500854,0.13684899052699848,0
129.6259182059163,3481.940537871869,40.1814397565307,0.0,0
93.51499552667966,3579.052917770937,41.28384122564723,5.007060184770891,0
107.00997677426349,2636.0719878085515,46.17968650808018,5.19967197759592,0
109.46840510127835,2967.270964937727,17.07926025896143,7.844145040990505,0
86.53362250333566,4614.28374408477,24.337125215713964,0.021306199549181476,0
86.66382111475926,4925.6506339606585,39.72839738518598,3.8590733588921946,0
140.8626239611337,1707.249557636405,19.04008573760381,0.9426869099590143,0
97.14922688180543,2929.302862640776,64.21666853411861,1.4672660739494,0
77.84550691721424,4188.727392767061,40.25654056897359,1.9842206559946023,0
108.57789330523873,5458.433155501606,9.611432991742129,3.7235807973118913,0
113.46615432777494,5316.857268591062,28.620935583586974,1.655521637999964,0
51.1369038942201,2231.3187400236216,46.26396324719581,3.079678210249532,0
109.01762696264977,4743.789140604043,35.031284459966706,4.678639194580678,0
136.0616372502332,3291.8015903104233,54.638082083217874,5.256733766219857,0
123.31467035435837,4467.160417134897,59.40277275986594,4.395330286628254,0
176.27965351153034,4152.310406687381,98.78479843158006,3.8107781690003573,1
146.8991264797505,1669.9477897128731,75.96664287318094,2.715803874737613,1
154.02526525818706,3860.4253242916457,6.397133713585398,1.8703459853285833,0
194.679775313365,4429.614039249753,35.65650884791032,4.076035239922514,0
132.7518311528632,3189.031114868234,37.97116336746919,0.9742930968445297,0
114.19052347783351,2922.0929481516914,61.313135461092585,3.2267873623630945,0
138.89108964916656,1333.013055876685,23.26913201794504,0.7837831016742999,0
92.87124248935072,4013.7406242240972,29.253573173971173,2.9199761700986606,0
112.97768839195525,3463.1748056382958,14.919231894194558,0.8612867270828621,0
90.24612039623611,2085.8046948833576,30.64369869520166,2.11375548291538,0
122.10823796133909,2820.903349720445,31.18000629285227,1.6347717443846523,0
90.49895740182586,3409.934397178219,35.8835986867,1.4837914241505914,0
90.03202509614461,2560.676541965541,14.016273673946346,2.811554592575975,0
122.24433863564053,3215.094059942067,64.95222736623259,0.054163976294314076,0
105.98007292028403,1107.9782134932543,55.81537090288582,0.03587819756378909,0
52.49645129594765,4847.054901340552,5.843953195884053,4.728344075091016,0
66.708668634789,3201.808630343236,44.788664787868456,3.3126949785084596,0
75.10603795641624,1909.7167123732759,6.503241013006897,1.5538221001197785,0
83.6619375769822,502.6141683605618,76.84848919486163,4.954469604471393,0
122.45866333392183,4437.760265289388,87.39788431272227,1.73392401608573,0
116.72111855033808,3860.6818327740857,46.533906448497845,1.8270047378877103,0
142.02385462877496,3429.33581700447,24.055377354099296,1.4045781374073631,0
133.2851486992699,4265.831578574892,29.312824490683454,6.833052003543779,1
141.84366457665988,4241.180176685474,31.272301461451303,3.4383682135752087,0
127.9199986081403,3425.9164936036545,42.57510977460228,3.296654530855075,0
115.97161083585196,2901.900090239758,77.19226633770258,3.8644852859715573,1
142.88392056215181,2692.6666684751667,66.31398548090534,0.0823440411561223,0
137.71732680538224,3671.0040743314457,67.40095596315595,1.7940488849862237,0
121.11754309208784,4872.838227054938,49.068463755638554,3.948416239875985,1
148.5025248315368,3048.3607344043253,16.138963749396794,2.955109705283708,0
39.598599250156894,4976.5567987598215,25.59079949387908,7.454462692815563,0
101.26144956475218,3679.517984177801,44.75435767565913,1.9501165287947297,0
100.26790319703325,3643.973152972361,15.159228034332418,4.989551958621027,0
145.32843600158697,6101.9185070499725,51.55693142527665,4.675830090008914,1
157.08101937213885,5170.401812857196,65.29305120757098,3.3267844012504657,0
67.15484197650724,5213.891542662052,58.24603958169279,3.6205628798085394,0
152.05109424800744,2225.340801332544,54.89601676551497,2.361212107868376,0
75.23224929237838,5842.9864684562735,0.0,0.0,0
75.5749508297313,3128.229492661082,79.11639074885608,3.7009518590399644,0
103.72761683206075,2930.8489135942773,7.058005408603909,3.83955340955095,0
100.94830865202887,619.6107736166509,39.35223538408931,4.205256961700852,0
63.53981520026632,3602.173429943721,59.353792231978666,3.1338757186728126,0
129.21011376449428,1895.028323572744,53.32911232398227,4.939879069553982,0
131.16266404956156,3716.047681387822,14.857285444929953,1.3462054110170256,0
142.41519061263625,1795.74641257072,18.203725984126702,5.9452324408469215,0
96.8481428799004,5325.7522543049645,50.2800774597367,0.9522371542333835,0
108.86466515482839,3843.4721437535445,58.538148977859976,2.83119613369435,0
109.47072460942945,5948.114791811145,19.20311602450767,4.3704754815628695,0
159.8111283491447,1964.6612361197954,55.12460164212122,1.9563746555115415,0
25.458348067113782,5060.856159411917,5.937486035913688,4.452201961297144,0
81.70946958881912,1031.9290762737778,61.87227026129269,2.3730599876893637,0
109.97474238811054,3453.317802154223,23.177483155837006,3.324514486133101,0
76.52307417575524,2463.96704738205,46.6254868759673,2.6063799128129794,0
102.43327297159804,2693.010711360855,44.13966482302157,1.8648792618312002,0
105.74653512376152,2560.8133273514686,73.99414174179866,7.5219500470843785,1
89.66471831624848,2120.940558771471,51.221029477273916,1.2328230028470657,0
112.04828350466576,1692.3343446791646,31.290298232660625,0.0,0
129.32718255095665,2644.6360555591623,53.24854250061924,1.3029396424401642,0
102.81242729858195,3349.0848562581928,96.8654997413955,3.2590868339186865,1
96.87405573148807,4633.369549693655,63.987876105080595,2.363150671576769,0
105.26565386342223,3539.6385261996675,45.835239951398435,4.967542611572057,0
109.25072401739115,4595.2257427966615,20.788222564332834,5.053812724751842,0
57.57835100641289,1394.081786186182,30.700087940916074,2.4488190548812447,0
124.2317072871864,2678.0646364077656,62.05216787866393,0.0,0
96.2750948651602,4056.4037739482,22.09879203530172,0.4557577872305356,0
148.12764266979224,3651.2763428266835,44.13050408298471,2.9258293128720503,0
127.53594029238127,2147.9139520372373,82.2544391746003,0.0,0
145.38850210524245,4340.178432362815,49.81982571112108,2.270166458170181,0
79.87164179099997,2568.5134386305576,16.444348497248356,5.801262785775815,0
98.80068313960084,2311.881619446475,99.85693155659541,3.7136553366119274,0
72.97722200286816,3787.804433942337,91.15846296690255,3.0920751509749085,0
87.93605057475834,3206.371297002666,58.54612619491485,0.8666328858899873,0
147.16573173549662,2589.4322289161687,74.39817280820773,3.395476709376814,1
154.4145487175171,2541.5777231298985,39.2690024122136,2.5167852703756486,0
76.06908094189524,1934.9136150614584,61.2288370005569,3.536150321290299,0
95.72153039328335,2736.325063917746,34.72712459296666,4.426015217660864,0
107.68612439911487,4490.490645007903,9.978488014006713,4.8514471063637465,0
127.72697301505251,3503.9425820846745,100.0,3.36833455088985,1
57.299016961135706,4360.277288728686,8.79540560337508,4.021484038760236,0
61.86056506040788,3804.5065210531907,50.83044238278128,1.9859341108360857,0
124.45176644521707,2471.0915717722783,52.57236251705816,5.303933331067417,0
51.401331775520525,1184.2825822374068,58.07308227722954,1.1217159930941334,0
96.98990612218093,2092.9060578349813,44.03242224679265,2.5216944715014393,0
114.62467844521647,2408.195197452458,42.20460316382852,5.442463412103679,0
121.63626359975157,2320.890060024789,46.22908502454833,2.0229477592237317,0
105.88646956199425,4391.215050604881,58.01407013321069,0.3256094983500523,0
99.59833636460405,4346.975283386611,47.17034837046457,2.193363001437492,0
134.8795131983987,5824.992389872233,42.433278488329776,5.711350050397117,0
119.14430032418737,2302.323914671408,12.729209726081582,0.057612679494033016,0
90.80826693282329,5124.998307190847,94.83243662535702,3.2166562581553286,0
110.63745388175877,5119.363480250577,61.298816500243696,1.732990428227901,0
121.2185080078162,2954.925436564168,49.41112596428369,2.684527250013674,0
161.20098543600784,3736.1554630446917,29.330862975841608,2.2692332638347867,0
133.66761218463682,4724.96138033901,16.866922123583358,4.90807391866562,0
146.3274871091029,3118.056640421704,68.85962949976,3.055865670166138,0
92.14222727091564,3052.798622614108,40.19845785053067,4.9097993951418974,0
94.63974878959513,2446.9367814587627,62.4477070209829,5.558180815358155,0
102.2818840877378,500.0,10.19481555924618,3.1462304366711225,0
105.1324158369631,3254.4216476972133,83.58191663034256,2.2515661107863543,0
80.04571099456939,2334.751641638382,66.32796560297093,3.6721656181577567,0
147.79382674995276,1918.9403913829537,41.59804514392028,4.168236334586124,0
136.43004968800042,3713.7007125225778,56.26037215048077,0.6660646063696316,0
101.01862335496944,1477.4404541430633,63.29226991119322,3.491868599226982,0
129.64338913820512,4153.467599797406,11.052747207345051,2.523040939713003,0
116.20664619120764,3795.235742634986,84.61716128586734,2.1346732616917508,0
130.7113562560709,2721.1231304624766,57.52550308279974,1.640739456707806,0
69.65474137113245,3136.656107313656,24.464828085467325,1.748227272318997,0
105.25806326911727,1781.9634629088323,17.093166351222216,5.411606554255706,0
108.32650017334508,4090.970011461475,67.32930946544211,2.2437709009281326,1
128.66455551098335,3429.8439871256496,51.65045529323994,5.248512227970654,1
90.70983573599243,3523.4181242996474,58.94818176747437,3.1845922395690436,0
35.83474533223911,3818.0296673990897,46.58782096373308,0.6876352335349233,0
77.50680052615023,2459.2029678945887,19.18563529874096,3.413560326244904,0
107.97049793812297,1364.4122476710143,56.587686941678506,0.6207011668356122,0
111.94057350805753,4325.472296043723,39.719464835173795,4.11721300973593,1
160.71195140651741,4052.233127057272,44.41774689542511,2.524455324392398,0
127.24698445084928,2531.872966305153,100.0,4.710759019985746,1
113.32810245131415,3711.5716895514693,67.29677962907861,5.8698514856000195,0
108.39096662027652,4691.416367894866,65.14253697065492,0.0,0
142.51877636987226,4553.8071668816365,100.0,2.1176692953934366,1
91.66026632828215,2520.9185276510943,55.17841430949251,0.5984500320998385,0
105.80155647831832,1384.4724657301467,46.82726006983522,7.291431504415629,0
77.4891819410089,1599.8995655787237,26.548741817453347,2.086235249359364,0
152.4678168425972,2792.43580708968,33.7924422142407,0.3599225206043847,0
121.9879901007761,4968.184388157464,0.27011563002345135,7.375824839927567,0
88.98262285900331,2325.66813384547,63.14697193344915,1.564605605161843,0
106.45569459548828,2484.6884833057566,13.387402082394411,0.0,0
125.47096079199427,2458.4781624833217,67.87676104269654,0.7404764273360304,0
102.42142157570653,2561.5464392945382,45.18707137227865,3.204401226995817,0
93.83639048929233,3176.8594528197436,48.03346933039951,3.108480176864026,0
90.20059639914528,1683.0272201948685,40.85798587265076,1.230438639071382,0
120.29321798964482,4465.936797488416,80.07805679046238,1.9977180914844537,0
99.78711645366427,2997.347318647996,72.6639932779721,3.1297758824362862,0
95.91798740803301,6202.164535635203,43.025064240323985,5.695868826205269,0
69.70788032661021,1797.0415432890986,20.473845403869923,3.7133505985148756,0
112.36506662151211,5067.306666136042,68.84080105011195,1.9043641422716677,0
105.30274390048746,4875.9882687387835,18.970748405912623,2.579911559895549,0
100.57267671920371,2674.2093178013947,7.598986843521924,4.5841378536887705,0
115.67491801870729,2751.9078945178244,55.76311425367724,6.331699001786173,1
132.03044094449194,2112.8013575695268,72.47968426138549,0.7705864608669895,0
131.3940380384513,2150.1450682812433,34.3781226519854,5.263480631632328,0
126.47454731743935,3193.320442696077,53.10814110808244,2.4243533531865014,0
102.3076360367354,3200.460263865039,36.57487032053585,0.0,0
93.40552110579998,1266.3888336459486,61.98068253371608,0.0,0
78.82327383926444,5941.846383963043,74.13130634651023,5.640482387300581,0
91.72234104738958,2896.310853529522,37.941136475410524,5.867359509044758,0
110.06386901766028,3242.068870418369,19.834273496608247,1.8822093145894179,0
85.53294456364796,2448.39304616435,7.805960194831149,2.6353768431859743,0
112.65104920561589,2859.3111588493393,71.66572306917666,0.022960287654781104,0
81.12183176922053,2760.240605114093,14.876733779824264,4.517799181196308,0
60.58422145184265,3224.1597480811183,49.72169123864754,3.0345989161853364,0
134.76997723290324,3202.553848258765,64.79029609744958,0.0,0
95.27806894452047,4180.395303019995,30.96258988625823,3.4784714747512124,0
84.78651762317446,3485.4289796553094,41.10645040707544,0.1650942341151045,0
77.77175010343706,4039.8109573291304,69.89603339709315,4.120435933615743,0
122.49515756928464,3187.230074256756,24.005895439966892,0.7805345942037761,0
151.5075480955393,3446.0484956056152,21.689577025003047,3.6236379668222143,0
98.15813898240005,2885.7227241544065,39.7138729586681,1.649299712968209,0
103.80392677286291,4406.23435315434,76.35809844802475,0.0030535937846963065,0
142.2724779406102,3564.7038434725137,85.07086110833802,4.966796140152882,1
56.002693614196,3024.0950800145906,41.7532781896021,4.996452592164303,0
168.40737903675188,2973.5060217241994,29.642574921084258,1.938199800134988,0
183.90613220443404,3062.948821632227,73.56440127049068,3.5187039581713013,1
28.077368578700167,3224.362894650455,1.0913633641867122,3.7925501594699647,0
107.22472251730652,3141.415377566513,51.203813210019305,3.962635627982082,0
88.38061875617512,2542.9564014161756,42.67817302180776,6.4832580974886085,0
101.84974699346073,4100.295047395282,75.4321440261458,3.8608351097425953,1
97.00993589990794,4183.21238759393,75.10247321576597,2.365160716925546,1
134.61989986255287,5336.8355880040735,20.911821846546008,3.8038974059897472,0
106.92053521835858,2482.0195934583776,48.82701660768162,2.0851291406649306,0
82.65877021181049,4005.865637478865,32.73385164977563,0.8682793232606989,0
104.68430029901899,906.9555648788963,39.2711518897159,5.434046901329499,0
125.9125711236442,4209.063961554681,61.137748880223874,4.076678931846512,0
74.33131659708215,1449.384673843756,37.7068506962551,0.041797937504230206,0
60.583127263872115,1990.8667200765428,51.07757048230073,1.6172084069493466,0
169.71855730693616,3625.4439953558344,69.63140002343364,4.571642710094646,1
91.6883173750463,2473.7991621055435,84.9771359273232,0.0,0
105.5640091114494,2262.458335492226,50.295630768564585,1.4646506082979174,0
98.43257189612473,2621.7702833072626,47.16887875663111,8.2644451027251,0
125.72025982798012,4101.611442726377,16.357054762244527,2.1694259074252127,0
162.81682948803868,2074.415331637718,83.77279978089179,5.082492455187863,1
127.27631576076675,3150.43271623059,57.172558696768796,6.044746967121096,0
64.34761646131395,2767.811052275035,50.84886430533977,1.2351274111194475,0
68.39023102778802,4189.2638553307015,48.44301679300785,3.4660445448796664,0
97.96023656229134,4260.360898262541,55.83468609633005,7.166572497431834,0
101.72438897328236,1010.6971624774461,64.18310758564945,3.7985792355607235,0
58.815028645098785,4456.141250453727,67.21519559679078,7.678425421604282,1
134.19983113690833,2463.758961015566,86.16755602514282,1.706620954681223,1
77.69778214716126,3482.655103117323,51.74807565067884,6.64268610819751,0
155.07104851440278,2062.0108708633093,89.54716804761826,3.1203213141097264,1
164.2208646947534,3623.13026799604,74.87760192170659,2.3268436607536604,1
102.45320237104337,6243.616892645398,44.3787820922567,4.276578562792792,0
123.19900585601515,3349.750068278138,2.1193331413385486,2.8320355632062286,0
73.67016653961535,2664.266160753457,46.04413497610693,2.942390518535739,0
128.5523302265485,2927.930534472684,85.26278688647261,4.029397156478329,1
96.54945178022162,1440.580721224024,26.74567295251912,0.0,0
77.70715056663002,4981.207134686482,48.56809690279788,1.4437947413203185,0
101.43739977847113,3609.157143332491,49.88132550600082,4.417698612249144,0
96.35368518334718,1923.0493178698487,67.0398601475843,5.050048995153303,0
99.51256775060389,1994.4883667425815,37.60502640140992,3.7416494713100157,0
138.96875083590476,3194.5545250064215,25.31431913340102,3.4988579085869076,0
85.87087358800196,4323.755462211232,58.721572769501044,3.8552577637170726,0
162.4478637261162,1791.3382692195955,26.949745476944102,4.946447783661946,0
69.96298828155477,4523.960614577283,0.2787076169552949,0.16992094795355572,0
158.18029299137746,3102.4777778169505,90.44268682532704,1.9814992690043356,1
80.20900385750943,2074.610838550948,66.46122309249836,2.82381698902437,0
109.96013738535261,2617.222301745249,92.96171890991738,3.420864578926434,0
94.68757741241578,5284.549238475496,64.66201923264911,0.11007913384491752,0
100.08991441492913,1515.2246803092746,61.106934411775,0.5854103934062386,0
133.51173892851872,2329.9485023769125,56.767736505748125,2.9607803973530986,0
155.54429923404967,4367.154821421198,40.92451569767196,4.924804600088485,0
145.69351685879482,3455.759803359398,58.37473555022512,2.1326206772137524,0
97.39046889196379,2271.0901655569305,30.758203391957803,1.6773041177546655,0
115.82853349290872,4346.3347412558005,15.957953446974415,4.0742615463975085,0
86.70847638181166,4412.777032910793,37.32142487487269,2.3849226354576984,0
79.45065531234103,3633.378400817166,78.04835864457846,4.796307708682461,0
75.574633670503,2461.54305150767,15.391263697702849,2.5970465353809513,0
97.01954222106275,2671.3991506408825,14.011079348197114,0.7383285051455901,0
117.59621118378513,3527.1988301812057,59.18698361823683,5.813848339458958,0
52.526106323869456,1625.297143834127,35.452134060583155,5.41592702638025,0
108.89799257937526,4776.1361906085385,55.213226187795954,1.1029973622563027,0
155.72757648679564,5241.629423848144,70.91960523292867,3.833258530454607,1
143.712457968342,2921.6892476165635,56.25961507843792,2.403451416511056,0
92.30545604113358,3642.432983375391,29.63955418560965,4.11458666264546,0
68.15924692908409,4611.416762296812,80.56154920878166,1.2735253943594258,0
123.5585205682446,5543.355306506411,63.19212902554591,4.687898009112493,0
40.090999493548935,5092.173572918606,45.90896653163673,5.419510258704821,0
142.8504792671406,1093.2207256744716,44.544943714991746,1.0575666522042209,0
103.5599949476755,2771.7963617767923,51.3317159640183,3.176725696835381,0
164.55690660883846,3787.7308462863843,38.11719840098058,5.397629453455118,0
58.136479926510326,2619.1028274907726,0.6932605978892092,0.968689589737342,0
138.0320381241972,5340.957791620411,64.93619990266949,1.7001756992297616,1
106.91717421325204,5136.1761414164575,61.26258042643306,4.292419856771793,1
100.15526730909416,2222.32816176119,0.0,2.7279399198635854,0
68.80851630255503,2997.766501407551,57.74233275945522,0.037096045733152734,0
128.42260270904208,2269.1886543930073,86.91128256065572,2.3544364466784247,1
130.96311678763962,2958.9931050559394,16.63196391172798,6.467324974414693,0
163.41218793008997,2944.3937900367832,41.55618238822251,7.1938112753974925,0
140.4911195382738,4339.5421425431305,38.56599943002289,1.7714991738890327,0
93.03645900671835,2103.5402861152947,86.1723433166521,1.2521244414565673,0
79.43574592507834,534.5164048116937,74.83527566698862,1.9928612749856038,0
69.29212978788996,1254.6356240029593,24.08336267059164,6.585545303407766,0
153.50371167074812,1973.4572409947357,52.78433134481569,4.657231891389314,0
86.71184977245828,2429.9024882352182,99.7544235962381,5.9556091049275475,1
154.34396743155568,3433.0345693602917,28.585514620645487,4.952545717927438,0
125.11719438100855,1899.552233287909,42.90865557483752,0.3195928929342315,0
120.33569179266819,1710.3727729537286,56.22920300760945,1.102048533929634,0
100.85905418222272,2108.147470594519,30.097032821549185,1.5162168495873856,0
129.42909942244125,1837.8683879901464,88.00455070146936,1.8594197683547167,1
109.63143243867731,2554.042293992711,33.10904169449301,1.6342420122934058,0
99.26153385581817,2505.5178086669107,8.768993815325484,2.012705792699399,0
130.19248835059844,4002.4737041952876,33.08765512329481,4.28567619130056,0
104.44067539848632,1987.8712916056015,62.25849826243795,3.251173150894086,0
85.98320432138254,2763.037536286052,27.334952089869276,5.461569315848704,0
127.69268492055477,2564.392530104799,54.642409823709066,3.5289188444159953,0
108.6353949225054,4158.746434700674,57.71753764284792,1.6435900191339683,0
124.5518323748763,3016.7775903889956,13.510072309558483,3.3461916722344847,0
96.52377503754246,4450.758468509994,31.427050756989274,0.0,0
73.6252084895185,1832.913641253814,52.37051091924289,0.045030280884913954,0
161.4816183810643,3128.101828643445,62.95286230427522,4.266464570022362,1
156.4122070347072,2494.484393857122,30.98067569803349,5.063711697198747,0
135.96952281227408,1708.0508861668102,50.174955535539034,3.1928324616982544,0
97.84994967428271,3097.7338318967404,39.31789276843223,2.2046552329224998,0
100.56096871620903,5300.780581534859,62.74040698127772,0.24672905154733368,0
151.0258696508117,2169.3437771759077,55.25582476253523,5.318675656367721,1
99.31581566213211,3028.0802187376053,37.21555291973645,3.9822247224118623,0
90.84320309020016,1591.879059421711,56.08335910003822,3.6047557158611605,0
166.31365652990306,1443.4906246606947,34.664783546964216,2.961404663389407,0
107.97032586784326,2238.883162042384,56.19493035168298,2.028852465535698,0
162.99932271341186,2639.787956484813,57.37618199968622,0.7507222503764149,0
67.80746658282575,2697.817547428334,99.06641857087023,3.52859499904838,0
125.58056094615769,2931.2355972662863,34.92200334563045,1.964997975301334,0
172.1997439967492,1198.7810797055006,41.727325184541826,2.266666659273758,0
110.96251228507485,2442.7764549838216,30.039743934187975,6.536445010716364,0
101.70389152658326,3819.8119348548485,19.01519292313302,2.893318767557428,0
75.00987621999239,1559.031702625556,33.41061394013922,0.0,0
142.2947189487923,2752.518085466068,59.82021936830245,1.8988283243379362,0
87.42568011343364,3572.5051711327887,64.1710976738944,0.9343676990932087,0
107.24412713004533,2259.5378163304413,53.279545636309244,2.726214381792649,0
73.03175174858798,3606.3072468602672,37.43911883698468,0.10047984723646114,0
156.18764177339614,1385.0216069654055,31.23846758731096,3.814652705898913,0
144.3638391144018,4264.371413550593,22.2227496911752,2.357950586374573,0
109.20351786079682,3640.39780024929,31.34883078036714,2.094423113906932,0
75.36850806732775,3235.380342280861,12.538532644298437,3.2958710211861164,0
156.06419157077852,4533.010401063039,77.27530846206493,2.781864135538815,1
98.29851886856284,2842.04885772289,91.28049349776073,2.7740591985511753,0
76.47437025267877,2437.794667711576,0.2440002072771831,2.60956085017795,0
56.99003142198368,4848.473277261521,52.82814142809639,2.9370126773250558,0
91.08067292912372,5443.738815676657,51.59559038249606,3.6508223078548747,0
65.64356940778157,2381.635858423605,52.12533178092448,3.396382147107298,0
90.88236623839516,3069.3082161685093,30.197156168260182,5.263262389636985,0
131.5407149584811,4438.067530817546,72.6925190088178,1.955578210996397,1
98.83016335598184,3093.733797971831,55.634297293251734,3.4884272954089846,0
121.17446288255687,3907.316612044628,69.1625314718649,7.822716333723564,0
88.4442079568835,4143.242505778181,27.85372006510466,2.973208215024585,0
112.23088756037757,2550.6513502052558,9.85370521309468,2.997284857103643,0
167.18718583297235,3705.45111898834,55.233844458337025,0.4599512836292562,0
99.6477724323642,3181.1827847793156,22.457143475120116,1.5915513254327773,0
121.19101308702308,1737.8673858369048,69.52588719705197,2.8421700540243933,0
63.023899129207976,2022.81316661223,0.0,4.013067616078588,0
155.80096899947506,2423.837000500146,32.97132182487511,4.232922616391145,0
95.5832288886204,4309.225123506162,30.052177865370002,3.6476023066468857,0
141.82806585537259,4331.194450704931,38.00133400640958,4.608191622821974,0
106.23456318197415,4121.440554939124,51.71726837489094,1.045116709603243,0
128.40945051412012,3722.863229857596,51.5239845151831,4.043392297612579,0
130.8563888130561,3700.3072879307247,59.54351454827769,3.004848153598264,0
96.59899533285318,3519.5666881747748,62.01049081428239,3.2664168770925923,0
142.50024572015323,3675.054904734977,37.87220913278883,2.302971729507376,0
87.00780966765754,3780.3474410055087,97.44476539136137,1.1178397337254469,0
133.64923971600953,1489.3716107554194,80.46636355085694,0.48894111642603305,0
98.71708251914659,2228.4299738296277,38.65681766174191,3.666084446848238,0
120.48541735011575,1995.4742010795064,42.34462016258995,3.958427790296976,0
95.48916759740383,4545.1234381745535,35.86288470096526,2.7685959363908714,0
111.11989859669806,5193.235637864857,55.72354017805416,2.9121629324761282,1
77.87229802237536,575.649932376371,20.384431896084028,1.5629297750691502,0
117.6321512957453,5082.212666676417,25.39069156366495,3.9945181485480252,0
111.7019084071073,3302.626477886461,0.0,3.2264827707221744,0
92.98712353851529,4406.454276624545,34.63243859823192,2.2251570170424086,0
108.64858795104207,3806.007358023069,70.96822247235397,4.681400748924799,1
114.57080298372456,4899.881901787759,39.127735009474016,4.363199242084009,0
90.5425766491312,3410.3128590362594,43.5555499322264,0.04237245561588502,0
106.09787592431526,1569.839105012321,52.25151793217799,3.1118767853167917,0
80.10311061216444,3076.4318218146254,21.092334514782728,1.0540125640821372,0
179.83543041193136,3823.8375293026943,44.54404439044089,3.2203612702845765,0
141.6002360290778,2956.1918795557767,68.35820680684999,0.0,0
118.42408312809124,3999.5311366548335,50.34683660615707,3.361019120360509,0
144.99090928976665,3150.8955408874754,70.3121566870969,4.382733740924151,1
50.454547850759965,2508.9887709346845,77.6136945426147,2.7521608875921917,0
33.388322845594914,1897.9692992425637,60.04225727420905,0.6398314228378885,0
97.53208027424644,2732.9643429757475,28.8751237539242,6.956016896744567,0
68.1732423231411,3449.9913990760606,38.73772682413408,5.2382021747307945,0
103.08735903386375,818.0237317582729,92.43774695337044,1.9575563927384352,0
116.57957644282486,2282.300024219761,55.07409755833017,2.491322653347669,0
137.75940820468182,815.7068486287694,46.947440139326055,0.0,0
76.44449412135961,2426.349209045253,23.295600089329408,3.981301916651762,0
122.16787103828602,4667.791105864148,38.778814921702846,0.27942017666724683,0
111.13881286171096,1768.1374002571006,64.2944705282798,4.333010468404282,0
120.4263158252684,4041.315355501013,43.10447678410372,5.1031487254323835,0
94.50107776925297,6615.732212326408,29.073178223977706,2.735193767080111,0
151.66128110663337,4940.762540502896,38.19349659023607,0.9775536331216844,0
106.64878643754045,3408.0937004037105,76.35442198250898,5.5566912627741765,0
162.88957270672975,4224.8773121000695,61.093266998796075,3.0843472141479142,0
85.93996621355944,1549.9111525152634,58.60445909236304,3.144445800663154,0
132.07770764918024,1312.2894721801401,58.6428540724483,1.1419148048210952,0
109.0283013997388,3217.4323029517477,13.973976819966445,3.404004000604879,0
100.92859177243395,3684.1368889458627,50.32784979299654,2.569931933910827,0
128.86882879836233,4496.8767137677005,73.32843354778801,0.3475278918929924,0
100.83178703675385,2527.5158213241866,38.836494666731674,5.691735123542016,0
29.241258523355647,3411.2408914280286,71.5372589718565,6.458660694065914,0
20.0,3379.1562569085936,56.65639142033666,5.075758335652784,0
147.8762652590224,3022.2013851535853,63.01667383709649,4.771633703815597,0
146.72412627482353,3102.358881967864,44.14884159548035,6.494863540452751,0
166.37212719091826,2138.6677096673884,68.26007490098604,0.8437905239902528,0
109.58590353847885,3486.695436492688,10.200839928860463,0.8852159020834619,0
71.5099795244667,3427.6585576980137,47.40603170701417,2.1277864882815014,0
97.10888142264797,2641.280101835202,63.63310440407877,3.6134428696603758,0
110.87477044608042,4033.57666387742,54.27922381324426,2.370331024137358,0
79.93826676260481,4426.220077837493,71.4889097777827,1.0348778965210073,0
159.85531205258832,4027.071697775566,38.1212426202792,2.975627231539614,0
177.02418125421755,1955.2820853409257,28.874675660642893,2.765304958511225,0
124.51858406780413,3298.346407445958,1.8201725347009097,4.6811990599880895,0
109.88140417415293,2097.8871352434244,35.297302539541654,3.010068478045386,0
71.78703411994017,3330.7134525548263,55.859224657184214,0.0,0
156.6610771747342,2124.51026815393,62.61178432829866,3.6871949237979815,1
112.64148340843049,4749.927484226312,10.91016735828844,6.170613709446655,0
101.08839557557853,4126.87093107751,74.84144495292819,3.1063840045235143,1
124.87836923574184,4595.282628449754,22.862717137085586,4.948515755337463,0
91.88953833621787,4450.002401884698,40.140576677176476,2.052716249482761,0
114.17078404019928,2895.5176590206265,31.359692276343715,4.087490029112066,0
66.81252047927349,2708.900008146298,57.374103022929866,1.4866805772178133,0
142.13891748165358,5262.619128889977,46.633660880571036,2.5547420635257336,1
106.53072829942937,3007.419158603269,61.23217643315563,2.555805182289781,0
144.43092822370264,1552.592296639977,93.17260446783486,3.972818261356943,1
104.15146572966968,4425.557283076503,54.366166945484736,1.4054972270285135,0
105.83641848406712,3349.935080124573,32.7498441799848,0.06742671163122452,0
73.98549283884455,5013.55155751966,54.27777507977477,3.9551482719101285,0
133.55223613173024,3506.3746201128865,96.02872596039116,3.835941403671682,1
83.80817492321499,3177.345225310012,63.28612911104126,3.316301977368723,0
95.19540878699256,5048.532635402446,67.16541533306378,4.847494407435977,0
110.1473332356199,1359.664290132625,4.737663987483956,2.579351304998691,0
113.24171797173341,2528.9325090327015,52.838397501393175,3.5704797570019915,0
58.774534290110736,2113.1670084598127,37.55963750587206,2.333357854461056,0
104.08490071046074,558.220898662647,25.65424566744972,2.5128438483755304,0
133.8187615033464,4209.407029915966,41.72981365744959,3.5445417335313594,0
98.72106031861696,2525.168105796461,45.81914907670597,7.6183509837948336,0
103.23538960094923,4262.660011732001,30.95525813821938,4.560491845007428,0
114.73616708394039,3639.162901243426,46.90979931408223,4.162618902779508,0
106.39236082460772,3897.4912496221923,42.75915206677553,4.557326649903387,0
78.591636326588,2644.0382676100567,63.971815695390944,0.06238496409562379,0
108.83352516275339,2287.9775978212374,52.67611353849028,3.6531036627235465,0
139.25702090886566,3317.260710802987,54.91708196700049,4.832480039993044,0
79.11778958151599,4323.0387279650995,71.97371836632009,3.204909182480888,0
99.19488290514717,3158.3841911530126,56.748560001508295,2.9371708827701437,0
68.29273135182534,2335.126665134831,46.85251268652483,1.1712006337364935,0
137.45766730759155,1746.348107780181,4.562164359715717,2.022414086418607,0
107.39614750835747,3448.8562054470526,57.404731621166334,1.3255619207702705,0
84.48251319167271,2539.2704432300975,22.11697010067962,4.938953181276711,0
113.6975080364528,3141.501826673971,41.41787877829018,6.046547521276699,0
74.46069394491342,2907.741197668626,54.39957612682121,6.824387573710682,0
79.25405959272645,2682.052504659366,78.57921730409583,1.2858531711930412,0
65.98870459591082,3549.7426421754035,87.55549137327459,1.7068128293050677,0
77.89536220025485,3872.5548602051717,22.9180472353443,1.5654146940670335,0
150.8208435509094,5566.066746249204,13.764398763532062,1.0041450810104915,0
88.14201317306104,4109.153750629136,51.77824765168574,1.0376516240974973,0
123.71693318599702,5092.87986210187,50.46337773443611,1.9106358035195607,0
84.35437576180675,2223.2334671710637,16.27230569531197,4.699143170775181,0
133.57129079725803,1291.7639958256095,43.20619653449955,1.4929804643735984,0
79.21354345700149,3184.8400345584187,61.01489798912126,5.0572003642235615,0
111.3696757969736,4174.343082367685,14.629105473597903,5.737909362249356,0
111.25702594865882,4037.8679767705416,23.602333844035975,3.620276436239475,0
180.34647891647012,4667.270603094042,28.7077180753564,5.510097006921927,0
129.31603186636772,500.0,38.89928539785618,0.18742216377676618,0
92.22419040280752,4724.92052501169,62.670698214290375,1.8781829361268487,0
130.68404512903535,3590.3456023576673,36.97350231856673,3.3662988483974137,0
174.21399346421154,1340.805083529998,48.84792342959656,3.3341380468897195,0
61.139273620589606,4072.3233491324127,100.0,5.901493834594894,0
84.9231622236805,3384.9741010443377,20.00564753156074,1.040099458073861,0
103.05063440991722,3675.7373805878974,28.411671264029742,1.899615431130894,0
97.42963893130987,4424.186202551687,60.958078716978136,2.8145236360422614,0
99.53256857102757,3694.297994991537,68.39238653178322,1.9672745683910449,0
70.8898644129158,1428.889695208744,50.50888574201917,0.9306895891624303,0
152.40010379940017,3066.26609155972,92.73325102126097,2.017564765669602,1
67.56886328711218,1280.7882028379465,51.89450422853544,2.4670471312742337,0
104.52496567072272,3946.6298966727345,0.0,5.845706866478457,0
141.96729357273205,4900.940642999905,51.55523275713737,1.0344462865621267,0
109.38064975791461,1641.8795599677699,29.739708177700738,4.690978526065456,0
80.67497696229826,2406.4926729205495,79.32538792479568,5.485380598674378,0
69.63740142092018,2124.0642837150604,69.50072463037851,1.9252100507197256,0
102.87025088972219,2664.4988327835617,5.807132342003678,3.466969853402314,0
87.61971077042274,3699.8372675960795,77.87199024394225,4.075750103647218,0
116.7294698323727,2670.9770784420566,70.18492627065336,3.917552732682073,1
68.41665107702005,3994.7136294381207,37.14088470179698,3.123282608503338,0
134.62254416603082,4468.580501831967,43.16849762061323,1.6779779502301455,0
113.40373842470822,4510.122182065715,78.78938694640777,4.303069565927175,1
115.55761118967793,1876.811074703442,0.0,2.2390244731691853,0
153.13608606462842,4863.214165276662,57.562066297498305,3.045552446745161,1
96.60793311572637,4947.9084618912575,73.76700748931873,3.3683749131443155,0
88.30986974697883,5059.638457208043,42.15634278276563,4.700757575702811,0
92.48139542322332,3005.304920545056,60.03898878563344,6.897270879323623,0
103.98448445030385,2290.882913104814,48.91778821938915,1.5777743665984851,0
107.32725810395709,2027.7623414838406,25.85197525966185,3.0789837717524517,0
86.10066275161097,1860.4948095163968,26.115262052391884,0.040209968492184264,0
49.30177054873549,3244.4150469629712,61.34663099073843,5.878317116482756,0
93.21651040006144,4221.876823870699,29.067806881674993,3.0638970085449793,0
120.46658804280632,4731.176998153901,8.218991823922225,2.4009116687053624,0
114.78781443894668,2622.801188461493,47.0318241368458,3.090048973375803,0
145.67464402312592,3134.993418098659,35.03090027241742,3.20455581636034,0
169.51311941027564,3074.4496310006693,17.445342841918258,1.5658317056122617,0
132.50402308071278,2434.6505263257627,46.49422559077328,5.416268923639919,1
151.8766523054291,4096.455626033453,63.904920190667426,4.183701040049099,0
132.9773209881182,3648.7276947710147,45.9817594725275,4.579149774859884,0
161.0750490144531,3374.6273787747696,18.554965832352824,1.624260693654181,0
165.90383591913005,3668.19198959745,58.8219072701063,1.5059111410066488,0
139.03139995572653,3924.0040020450333,69.57875353379123,2.839798068968691,0
131.1257882428918,3953.81327390078,98.69467252662454,4.512162250940248,1
103.79032586362554,2221.6680105124788,81.40648014156872,3.99734109201475,0
108.63495676849399,4282.346764638576,20.64241199897763,1.5119504542646214,0
99.98962232999172,3515.5753950877465,66.44617002067488,4.343599066305914,0
128.1621350831234,2697.514395983056,52.743262398492114,1.01250586904002,0
87.32264624717881,3474.7842519987375,18.251035169901535,1.669180790335481,0
103.55190873451099,3603.2773387262573,53.220714308128294,3.4085561183789412,0
39.211575274455484,4489.019119843421,93.55683426488869,0.7185964671009795,0
161.272047118539,1950.4485154965616,74.57516863181795,1.044099393963406,1
103.35296417014207,4780.618201932198,19.812529187644834,6.176743965849071,0
123.49500786109581,3213.355882620193,43.2506065357372,5.7618627533714895,0
153.417452379109,2571.8835675829996,55.51565711758145,7.45288336429086,1
118.74046224765331,2536.2234309735363,3.6880766547231687,3.8946925085260986,0
153.68688140443052,1985.6059198419744,5.230421270640559,4.381260099773649,0
72.79411193833825,1098.56173845215,46.85067627005956,2.68216463632728,0
182.5259798212447,4015.045553532662,50.019764786357094,2.3760324983296215,0
142.64130413491958,5561.575221837484,0.0,4.668275003884629,0
115.53601978655358,1268.7336205166564,57.17195482115612,5.65455580261572,0
152.3824793810553,2098.855614663641,72.17497977586103,4.62662854928787,1
74.94605089590203,4126.890762067332,43.2789147809053,1.3626054630168294,0
101.39679128731626,3123.9794383416506,45.54506274332956,3.7786939624009657,0
153.06560409873182,4195.316960872605,58.53538963976576,1.5034433861227783,1
53.6817042890284,3052.486679309227,56.59938091687322,2.3203669309452666,0
126.5568103545731,2507.10142083693,4.655558727533146,6.213682925336942,0
125.94221666766305,2934.060051077109,23.616855450612135,0.6193346311212269,0
169.08039475732147,503.47927059303856,36.560998075411,7.325654336726352,0
62.060849468718594,1806.81236085012,23.160981362446517,4.120834191367345,0
158.3985015172776,4324.909715069506,83.178277867656,2.08032145329252,1
93.29481108729925,4649.4157784716635,64.23532254323158,3.123242487665394,0
96.55602051396085,4895.337357278338,18.50182160347414,1.7242108260372322,0
73.02360333173519,3711.638337130093,38.37301288478061,1.858114813592764,0
77.66862899269829,500.0,73.94043501270293,3.1576525025383617,0
122.62944845353827,2436.544982687514,25.86342938759386,2.3353380597030906,0
76.42070459073699,4787.148788060402,67.35354104144616,1.1453672421989298,0
131.94860194917422,5121.975227864113,77.09885505890986,2.5623328403420094,1
90.28636719537144,4829.034631053795,76.47742939624948,0.42398620194651443,0
73.131766194934,2906.8080129026885,49.439501370096195,0.4756328641883432,0
93.68937439325508,1620.3531777933524,77.80719893542418,0.40746678522115737,0
119.84046312036148,3142.6405403084664,31.97277836625558,6.288659344081211,0
101.82379349602283,3223.286281322594,100.0,3.7715307492324457,0
110.64782312112612,5080.491154909524,51.858745499749006,4.149336829339629,0
130.89249888992114,3498.4043958961165,75.35244262016096,3.053929983513853,0
141.69626610248412,3223.956349754394,35.32386180915054,4.005870458369576,0
100.94671693713333,3304.296243637948,56.84489267398904,5.369774080276827,0
79.27618248318247,3653.329368029446,56.50926195243652,3.751119800603649,0
111.93605197770603,3954.736253352935,20.09365090068609,6.264205380304732,0
124.27764120274436,2323.151719841285,21.14540492293508,2.9541568663081517,0
66.11677736517127,1945.3778397040228,39.99827998316441,4.252000107768554,0
83.34246727720243,4849.782105843082,73.2030615344296,4.335732725007587,0
88.30164294102605,1262.30198735417,0.0,1.2183965545622,0
103.67859824752044,5146.662986412874,36.1553074970831,3.1620492001730276,0
86.8667460442171,892.9739303149514,79.71989383742921,0.05088630822427716,0
130.76285112185394,2505.4244563690268,14.850722968956521,2.8032709760833026,0
62.23975528900038,4363.604631852138,76.3601277245816,2.4210839967194726,0
61.92837655283904,3181.5289533147625,17.229147206253643,2.2801175615735754,0
99.99252604807675,1627.6652986881486,23.96597940141587,2.1842455041958067,0
104.67435223211295,3701.7946179445003,41.56111364551193,4.035052672686316,0
66.38122980636129,3289.4107932147976,91.02101573709797,1.1987406392242967,0
92.06594672678459,2906.7021835686382,28.23593734407542,6.749463412676028,0
97.85170462294717,2445.432083188484,0.8838100719825144,4.200477875158173,0
98.46120050577709,3161.6383812811005,9.146210815016895,1.4347699700537577,0
115.3943510206817,2505.086207627381,69.48454048924648,4.292361352234999,0
90.1391153168705,6135.380592837088,13.650858454893807,4.867978030243582,0
153.4872085203015,2907.1106100454735,74.08711823534951,3.663203640230552,1
124.54298143029507,2760.452837612051,45.34674821928454,0.9852989794115362,0
85.70369884089247,2548.610797870484,42.294530288865175,7.502105107062177,0
112.96080674242036,5346.9658620846285,54.989646967423504,4.208894151197921,0
112.90237237127297,1202.3451726266658,26.449702931257427,0.5047945548849873,0
146.52979891053874,3579.213746296741,47.378480616133054,3.455567877475455,0
91.83142984880509,2937.9732797412053,15.410436220832553,2.5567562788530935,0
133.3210943849673,1480.5291804407789,80.80447272574,2.9789394660484687,0
111.09261794253932,2183.0325331858917,19.2044669531077,0.5358712500163096,0
155.04719405768185,3577.0846541026376,57.29395300938024,3.148627392333562,0
148.09570872590754,2152.328272102965,18.865824367178735,1.3072774473061202,0
115.90711324603615,3518.881469031871,31.25683226209237,2.3823156579252744,0
101.71126772671556,5284.844910957657,31.726772587832038,3.778853162050702,0
125.004754961299,3396.3510582434906,99.39313022603974,2.0684623820117367,1
105.68803463931555,1474.3794082650945,43.795810626912,2.461632738736157,0
160.02017217465612,2159.5814795722617,25.280619896900227,4.621779648267018,0
112.2509618428451,2810.4897846534423,34.274614586769054,1.243494955026562,0
97.34250339908029,2780.252266870615,7.696660027375041,1.6677220110428947,0
96.07720182728124,3377.2408993827867,42.3287713213948,0.4499698545503377,0
73.5400156593871,3537.009377235455,87.79385033588397,1.304428136691798,0
126.4061710628263,5288.786474286249,53.325743337350914,3.235539213292605,0
86.03054627457432,3161.5328377272285,65.84532470051926,4.382924123259792,0
143.36206763063169,1815.1506571643602,20.42265294971422,1.3448118901215083,0
70.8212766396518,4599.938811549196,39.464131153382965,4.250689134562871,0
114.12668314331665,4720.736024039819,50.132465937685495,3.1986508392521342,0
144.30796435631123,3482.909256466694,27.653528038633937,0.17319920152842364,0
44.9082755056965,2894.815914022849,55.65399775891854,3.38957192086905,0
170.21285820516303,3950.469929297707,59.16025496683581,5.364828226730574,0
96.6976137952132,2956.870888254386,58.30446285188658,0.0,0
114.57647521301666,720.2081568239441,43.35559997456474,7.064152887258873,0
126.74944254454374,3853.583064392995,74.72086369264521,1.7668942609641807,0
132.3152532189054,4286.465989769822,38.13965337868217,0.011194675961693122,0
118.25634900251772,4966.334113188477,36.439276161901745,3.278611390589747,0
139.73856985552942,2352.9943787306174,79.65557315538503,4.655303004989349,0
125.39916105883694,3418.8718912925992,18.84092833290434,2.374017895154066,0
163.50105698031214,3522.427803586205,5.87402532494959,3.662896807209841,0
125.70412263651758,3289.813797566975,22.497252032111607,7.251099373159172,1
168.69826511814844,3373.8132186389853,56.464330626677004,3.4506892538499545,1
137.3413767253316,3223.8291348996026,78.20492391318145,8.965766211988612,1
56.034219214080565,3431.534493349563,28.24829977170928,5.582806683149893,0
187.90476297189673,4087.7988256982667,89.35587761457235,3.1075807186730398,1
92.8020985243042,4656.266049126889,49.417587965611645,3.648610277597463,0
154.17652311022982,2285.3591349508315,43.249220086992324,2.314723381492018,0
110.7866194536961,3012.0623305622853,25.237914198291236,3.4604702242237515,0
141.92568176906545,2717.631870299003,93.48264594260954,4.209354238131752,1
89.47914601042984,2502.3225730144745,41.29150314606206,2.231352637387435,0
128.40021177334208,1293.6063814101342,9.874813429984096,0.33327879973592367,0
102.10457982878081,3204.4874542222633,100.0,5.670646299328123,1
157.49895774848517,3763.111816979549,54.23820031699842,4.936096414361796,1
123.70019309092524,3064.5687622923106,63.46022269580871,0.2633655976855107,0
138.13682582958785,3196.693789466091,85.7176018419532,3.2490745093246356,1
44.87675710870117,3688.9590946712347,64.01591344567385,5.089994378636085,0
107.78808952333728,4898.578598951708,68.95378173745765,4.723004976947886,1
122.35163628627963,2710.411397675432,46.95230598966607,1.6853122220161547,0
116.77149377245465,1800.8471094222477,61.50754743092606,4.908617891338867,0
139.1190856317157,3117.108638862928,43.81637746609759,3.0146901413848393,0
98.96147881351837,5442.99569499445,42.444218903906695,3.7316502158335045,0
111.12662972684208,1793.82357801934,48.557754818792056,1.189607614677023,0
145.33816595932225,3962.3961966866427,33.73421830648476,0.0,0
42.04485492297722,4572.8867051096395,58.797212510465606,1.519105613896379,0
128.4570694048829,500.8486249556946,54.81543633721691,4.0370488097782475,0
99.51250514164285,3671.025201789076,64.55188555289088,2.530958735281075,0
83.25490006073956,3929.9129477669485,62.765098199320455,4.276457657649701,0
119.95323833429146,2891.8549958294316,97.29962220413873,5.2918963837387025,1
146.80818312495478,2399.8477046382345,71.30896748456138,2.392151466771187,0
141.87994777944922,2478.599313399618,39.2175009544505,2.197836455241297,0
105.73611848447013,2795.4908478091556,56.47473714679647,0.0,0
136.19024122684718,2833.113893951444,83.37799418401582,0.0,0
135.74288465580247,2607.8074466405897,20.897333589869426,0.3910798706575762,0
107.41514915447338,2804.706803890277,95.40518429140948,4.0411233545808445,1
89.32470456609705,4648.594321921095,24.020657852262303,2.3603047640211083,0
90.62516992615453,1726.5315217202983,66.48348405288478,1.8967428585591177,0
135.6801442043279,1114.933704466564,45.8609099422889,1.703769919372026,0
108.40106895853016,4675.5985839457035,45.03966788645772,1.354539617142377,0
78.79935871937727,2993.790747653192,12.853589646058975,4.892534867525732,0
59.5106181387982,2738.19741217466,68.94602048971582,3.2585252181834177,0
135.49748896685927,3065.4131551441556,11.299239408723667,5.03223548708935,0
93.27842755052272,3423.02763648448,7.250574986409555,0.0,0
120.12901315055076,2562.8380291039725,75.19161636430931,4.091712416043272,1
148.16843206671697,3777.2206384254805,88.98576085182265,2.0214355555864167,1
70.12335424842438,2068.1023666450665,26.538218393428796,2.439967204738398,0
108.23976554388017,2832.525008847152,70.4042560734006,5.792968648441808,0
105.73358906511437,540.6714729144289,65.0287766482394,2.198241785615936,0
121.34633375498134,4594.350951147199,42.41522556048331,4.013966048891915,0
147.24543723509143,2960.494159090989,80.78051216905675,0.8727462505157471,0
69.96709391074761,4018.3506875803782,43.71198542106421,3.0735983038941654,0
127.76167351832403,3781.940338807309,59.339671574553556,0.04654744035406811,0
140.2545605528739,3878.47178822739,14.344242596870366,2.8824885743211177,0
104.89481344481342,3155.6555228996544,16.77014336269798,3.8007405235517737,0
105.30899698326262,3692.2755293891255,74.43667778298425,5.169471628168353,0
121.97322044568446,2043.9876402547188,58.50936419249487,1.3366883255971818,0
119.8652109312457,1810.1469994528957,40.5245770419868,1.933266446960113,0
127.44886518599881,3025.9885788475235,91.52664532586296,1.682875560855231,1
126.51427253161566,2392.504174520615,93.79203307606741,2.5349191786525958,1
80.190550899251,4909.129769236899,53.74720891906155,1.1246565926610856,0
139.32896529255822,3645.7866664501194,7.708565534762244,0.032383390658331956,0
144.63588354665802,2338.2343750070445,41.66944465274798,0.783420703761483,0
115.22686295298054,2862.2779046967134,22.088914368280626,2.8840953993494503,0
65.29394457022755,3331.3543609875437,46.61289413067518,2.742104897051585,0
106.34563790348233,3093.113054495699,21.740621311149887,4.091820500962168,0
114.73392047141498,3526.6363877903923,16.6408974717622,4.668865583346814,0
75.68508281524242,3308.628157658354,0.0,2.1467592823854744,0
99.49976703946481,1553.3371536695074,49.35103521001805,0.0493257930955115,0
67.5884740560998,623.5065693334436,0.0,3.8399264458170985,0
127.69568400397064,2741.9256967046485,35.17526718066052,2.9055784117405103,0
115.29801319362464,3913.861232403793,59.54459359049097,2.42405102243261,0
60.05098260922219,2778.8179504790955,28.36832452053439,5.459663984033912,0
120.37152950805746,4695.792855434141,17.40820782772009,3.7959896087700016,0
108.29125619577648,3117.0506792865917,43.63143812197225,3.3319895124999745,0
125.93166305514802,4833.710684183517,25.085246381159134,3.33680707568498,0
98.53109396855632,4557.543217369741,50.812710300279605,4.664797330003659,0
86.09537393356747,4503.132969750894,22.208028946130234,1.5934225338625578,0
87.27223823228225,1738.9802414432158,42.33800575767914,1.3003513393736008,0
93.43679892721124,3208.46437091911,35.23268978828247,2.467017885905642,0
111.2319884650339,4654.31455445936,45.74751933758627,0.5438502119084047,0
113.17398542208825,3519.396699748987,89.44434319984568,2.860337364046378,1
104.87110771413886,3878.608133552536,49.19123595971824,3.20476746564454,0
96.9634973863058,1534.560606622375,56.40753094666926,2.940101710677932,0
99.65207166965898,5503.346641863415,25.56755321612997,2.3408628519159627,0
185.77938537127577,2264.7821862999367,47.49933895574598,6.288181052925051,1
87.12437782914948,776.3526365856553,40.229067399677106,4.8941550491165415,0
93.44896745367807,2793.562876848388,45.439715602099994,2.827397855294383,0
209.14653104677177,502.6930516538183,59.493347762516635,3.2010816560159516,1
122.00802414620105,1883.7443716977693,32.50455964186531,5.651531298760782,0
68.06802143967154,6272.835370238879,38.901946408088975,1.8143105012253824,0
135.40854290314456,2746.2661422003057,32.80628585713386,1.1095084522704604,0
82.62095688192355,1434.2223036262706,35.27204486955732,3.543284329220174,0
137.17487604057658,3257.8960924362455,47.89460522489738,3.8498863986960683,0
104.19528002903989,2146.774854712041,38.090441184430254,4.034645545871844,0
97.26059240396846,4211.278485996951,81.55838811533987,4.704140236192642,1
157.9317059517237,2117.383838383439,98.84555834673864,1.5110038951089468,1
127.17696804328742,3551.9722864771416,29.390648664030216,0.1132195197990444,0
138.5742715391662,1836.7893943450592,51.91409132543322,1.8865841553743579,0
122.36465026030118,6326.576524401882,72.4638481302387,4.252622622975695,1
96.3428610528439,3813.0174736451218,37.67745095322898,1.138886372592846,0
128.27881151618485,3032.879607647961,21.70448500087909,0.059577755293064305,0
146.0387768172191,2827.2035393127057,87.42395686182252,3.2975200020698145,1
114.18048592424944,2524.40722621075,62.07690415705945,1.8010102519744489,0
163.99386693428374,2306.847726477659,52.20386679092156,0.002342347498247812,0
135.94563560719124,2267.025113664653,84.01789021601793,3.121583489316058,1
116.61825539650502,5219.680008185141,65.07628988680082,2.2521395151192474,0
117.08458791239457,2523.941136294496,44.22632200761344,6.369969260129099,0
114.46024982749711,664.484513110467,20.181696184170068,3.1477472862223927,0
72.1552184551875,1781.4675277452286,31.825668428155677,4.104599446168938,0
107.464587901379,4342.916857385521,73.59011389050865,2.9470935010494754,1
116.40308459917978,2882.6928043444036,64.08298168777334,1.8774894609857729,0
98.02963217180182,3021.669119830427,37.87823133856089,1.9613096122498441,0
120.39247408787573,4604.4037286356,88.65651361353767,5.196230644323158,1
110.32295181960586,2271.6523861895844,42.42383029814779,4.529926632344695,0
133.04559441240437,3960.841066764536,67.18699423301267,0.0,0
131.20772532897297,2372.043987843423,50.767408206445225,0.45785066929312823,0
114.49561927349585,3899.530947278075,91.99409312060601,0.6396972178462959,0
68.71203511426056,2750.1870298739373,63.839962708512104,5.11859943698214,0
163.43159356133847,2908.478317230954,45.947171823734934,0.0,0
105.23642697412399,4153.276893995362,37.11766788809447,4.593581002700162,0
107.1784585575072,4093.3738488775975,45.55697555736299,3.8813011080121655,0
99.65653388345889,2978.842604151736,25.418283200999955,3.3519831060765775,0
95.4906131914951,2595.466071637139,9.9769490851904,2.0564251010981853,0
155.6627419950741,5108.035761651391,52.776034223494804,5.210987830645583,1
151.39942404515446,3939.682637171234,32.26355795833614,3.2180599556970226,0
122.97840513140152,2728.9491509541554,32.271074185745775,0.0598139047030274,0
106.33180595911524,2410.839008759914,43.98629880185103,0.5698245325522229,0
128.99831486435613,4444.1003037774,42.59855129790084,0.0,0
111.89399419220894,3350.7221023320435,45.924157315329694,5.384208560751126,0
103.75204285129257,2974.383654668482,88.51645542183658,5.903822221420972,0
120.45205970978573,3375.38147913532,60.769916502248655,5.158613872943131,0
97.3004962538355,3609.355530367838,98.0938862284713,2.696438607110453,0
117.69506239272907,3150.1335524989,35.38082461063489,0.17382970024630234,0
115.7236602853073,4632.4994159225325,63.28518486673071,0.8371246797665933,0
127.98893467964402,4672.096079678385,37.502981864762106,1.0031131051496058,0
91.13798549141615,3835.9624061790764,32.71948768849475,2.8414871648804865,0
131.28024348409454,4827.653909318131,99.15520564008756,5.801134461400376,1
83.08636404144826,3233.6227351430957,23.965347845773607,5.781576812297157,0
92.7899089139135,4000.0600511796124,3.2324729331212754,2.123433360368255,0
94.09858899874942,4405.831245185144,27.726634759336537,0.0,0
77.594766221765,4434.787896764803,0.22248169589678835,0.7185045966979255,0
140.7659460490396,4307.703163799598,21.370421888621443,5.292327992610174,0
81.04731442824641,3947.380822870186,24.32884403163716,3.4102095191492516,0
88.26472431208356,5512.998320814125,47.29040675912587,2.1827151790722206,0
146.9874059001599,2522.2599346878433,0.0,2.153451462137027,0
92.76734192268296,2998.5552529953575,73.03583948826257,1.5136341199465508,0
104.78826897363678,2914.3973077922815,1.5523961715309773,0.5738901435150144,0
80.0666591443112,2756.7908692582077,40.57703282886076,7.030749162157709,0
135.30517951146706,798.2495249622735,35.3928467346168,6.4133737756778295,0
135.33973294321973,4823.9441455500755,65.50446189796031,1.36646043955742,0
132.7859607814416,1940.3465223564779,53.116297247477476,0.0,0
125.81100184003013,3371.961114649307,75.27002661335032,3.338588379946929,1
112.06359104054204,1492.6715320016285,36.85516955860931,2.764035845507511,0
93.73162653738243,3930.22218925239,32.694896905119656,4.2313062764561495,0
85.46186534852153,2258.0147548632694,55.48191395246326,4.655644798519177,0
148.35531154453628,1835.2524551480635,69.97200998370123,0.655955662479268,0
133.51514832950298,3429.133779913599,66.7502302409276,5.650777802880393,1
89.7364002331952,2372.0458248177465,53.73538014939972,2.3152540661845262,0
111.22531186890679,2481.5336582464256,51.87622655337991,4.144531884916146,0
101.18677825780117,3419.15376191041,43.673723579997734,2.5477963136051405,0
75.95831808092105,4167.851158745325,55.58749118749096,4.819293601869023,0
114.28533947740803,2213.944467255203,96.66507936016936,0.0,0
97.19501419156374,1994.4404478310512,40.023287919917934,4.415556546365557,0
81.69918509807341,3228.990481511864,36.89427091997683,1.3474164954776267,0
65.77526277646332,3856.0720845726128,33.815770289052466,3.0522924261429503,0
62.94317157936523,4927.298322865237,52.975442700603494,5.433670905807418,0
99.19580100882366,1926.596717689887,0.7524580837482995,1.4203973608587694,0
107.21166915798409,2853.1764124047613,42.27804172619965,1.0863341779870161,0
83.24335517781432,4609.600421425552,65.35020844319243,2.222310947622356,0
129.79583677463046,5593.764733456896,33.070040336133,2.120299158194145,0
107.75527134219828,2017.7990731411805,49.93430309375928,0.9348606128767613,0
127.71064482953224,2318.6697884888727,97.50665725942494,3.2291450482464743,1
103.70093363942533,3643.285634419849,53.62019826459143,3.3531065091362606,0
86.17218260643145,2499.879175103005,1.396609297891911,3.870598621234108,0
113.63887058954448,2269.2836120558995,12.137776488946624,1.3246206169178645,0
72.29754598990996,3512.264930120687,38.619563609747,1.2067694047673332,0
126.11154320391871,5044.409141455746,24.554427571921824,2.740166383427412,0
82.0149286732297,1663.8404444309642,48.51167612186734,2.487020329921144,0
137.55606363585386,5006.766900945296,35.589934869650634,2.5561367807346023,0
99.20438534937774,2518.180952244226,75.49348475289153,1.6010272930006688,0
141.75455151770046,3588.5293331192347,15.667851199100838,3.6101270693384864,0
76.3909563876453,5122.309708591501,37.73846082751199,0.995538068219979,0
89.90248728118303,3585.9934815649603,52.72994317697321,2.7439171237392337,0
121.37395124144713,2831.7182276329527,50.37594306803689,2.3890351667210017,0
144.87921570398183,4048.6816113946975,50.66085274637095,2.8415383566407066,0
159.4662011453712,2967.3758865440564,2.3395871015273917,5.383333502579621,0
111.50111226817947,3825.7978479810868,47.60934518515597,0.3867766297164315,0
165.35713909397288,2951.0605330907624,42.10860440711401,0.0486335487418159,0
101.69489353890081,4207.127939687548,64.23885258246226,1.755111541891729,0
142.568651694931,1537.1952178369006,62.361373030590585,0.7183687987820208,0
81.74880485370562,2026.3696599267216,51.53767871651335,0.027583738818743236,0
122.32309349355964,1480.8196327213648,53.29398403210753,6.563887362525705,0
39.71857956524712,3130.0352420408803,79.46652673517283,4.162591186301257,0
77.5626648883084,1397.7663242675192,74.29317429333567,4.38280913148991,0
124.36145844979701,2354.25251897957,51.93152259012832,2.437616892724063,0
70.29774497009217,1879.7935346179108,96.7673054847146,3.8174095284304017,1
122.69894861251927,4983.4500934780635,29.82803541945585,2.2134878724486224,0
137.0551673576415,2024.3650724799643,13.694718065600062,4.566539155027808,0
95.0495632744849,1692.752765602221,44.15280970689466,3.456277742101793,0
80.29042113728256,3462.203024750897,37.78822325971818,2.9695864645907784,0
95.9294808399748,5228.017574074022,0.0,3.063186056653178,0
80.15295492812479,3050.6802724566664,28.513555208140808,5.850532770533979,0
106.3309180005066,3152.70454536424,54.90234830226195,3.3264827762966562,0
113.90066984176592,4749.800748988401,44.458081577588736,0.9082460067519053,0
100.65569561987364,4248.017217796034,26.05844137223835,3.5908717948421507,0
160.7704983011854,3688.7542449763428,45.08407998943629,3.951423358202163,0
88.0759346889807,2480.8164949961715,50.06625030838738,2.755152585445902,0
150.8593972617645,3789.6122372879145,61.064026706538904,2.8995033963825003,0
78.3797278736033,1539.4685509594444,30.039400895886935,0.8579331228673368,0
113.27519987809409,2476.1328642869157,67.02955056798855,3.111587391583848,1
144.93572728876586,4897.0992850015855,16.519960081770993,0.5608779720964098,0
144.61059456206158,4764.307671728638,31.816321819347557,2.578684734099227,0
97.53808555126857,3764.3635784347775,90.21669548265366,1.661883288239453,0
126.7479340507508,900.6966914698957,17.656808522342523,4.9519240316759525,0
122.30056116826748,1721.337700331094,25.860148213422935,6.137387328088673,0
93.4395149062644,2377.8594660288713,12.743070878074292,0.7732709774923152,0
128.72563780808684,2993.482635452808,24.919432797851996,3.059023255849638,0
166.42771028320286,1720.1113999529243,50.635727977858174,2.3972192023060113,0
124.27851632437395,2905.345198418986,62.7379369678369,3.8479001025710518,0
127.2958274477049,5317.622622863946,42.05718999868784,3.239601537985561,0
130.02976407992378,3715.399397999578,37.043377452338,2.210376369924832,0
67.06923387640835,3494.206714243212,15.183914308679219,3.163674985106106,0
123.89543468159992,1992.87328089656,27.280789240853146,2.5213001218622164,0
80.3132802919934,1220.6777126664242,7.0406604368338614,6.207117166208684,0
91.91391898358928,1673.1747327530186,60.59201335100818,1.4578515601352797,0
174.8819957203158,1159.1187111284983,63.186810023548745,3.476613402228202,0
102.82859816212262,3259.1238849178217,43.79910544696474,4.052140718599241,0
87.85680567594686,3659.4762816417615,57.700238773566475,3.934963668417956,0
144.80709475051768,2060.4583459866717,65.71585359626663,2.418302195026778,0
81.2088884742568,3417.0164011832,47.80708085226206,5.74002774275142,0
96.43780259516139,4988.272195712276,80.04935624407663,0.0,0
147.149870950646,5535.005898703888,17.8359385730695,0.7771893239798184,0
111.26578912431594,4129.579243346692,35.195634514647,4.368056917539155,0
63.124639951653265,2998.246382183433,33.26220125671652,1.2969734950151293,0
126.0883836317346,4054.510588471358,60.651574085907136,1.1265790783668774,0
98.35293855315318,4804.727339172666,10.330882631394374,2.0477604932135485,0
155.7739308645623,782.6851634159051,80.56882309057076,1.4545891952525707,0
90.9403232230574,5021.098866581222,60.330621464070866,4.224845447914137,0
141.27137113107997,2554.229086290463,88.25733367601295,4.87287352071859,1
164.16096126802555,2531.7081292490725,44.035896154644014,3.2370683856583193,0
84.70395923297845,2765.6032570295215,32.39986409572474,5.134848121026711,0
103.86150345043279,3593.0760270322157,61.23920534159519,0.20859010002619646,0
121.87801416937481,1861.4774049278642,70.16083269591161,3.140421998078725,0
84.2463409089064,2851.0768289234798,26.99621157559307,5.612992457537745,0
118.25505055335768,3844.939886289269,1.3399000808940682,4.911698120979402,0
103.65229334575689,3490.329546455846,0.4974855778374707,5.90674205784745,0
102.6774053778039,3681.3231730259376,48.28305775365383,1.7813402450166111,0
111.54821918662799,2805.1951521176247,82.41683924331258,4.9493520247503175,0
112.69460069273893,4029.198736864847,11.429777898083804,2.125177548496526,0
115.11586693928903,4461.5174328614285,39.07526724047732,4.143614788062515,0
92.07793536974675,4416.819842254724,33.42560972379506,5.636855379211082,0
93.31688560772709,3705.321791147484,93.41961071723694,1.4290961658998187,0
106.173640626979,4288.231176200422,100.0,0.06826195393290838,1
108.20178543285382,4254.949899345282,56.554244856743146,6.687187489676497,0
97.06815970402134,6422.38620275358,67.37297546289784,3.935578387245047,1
120.21063501327173,4653.593643885897,64.37614215203023,2.760844617442016,0
55.771133600129836,3130.5633939747495,12.614186203896214,2.7401641632187745,0
88.32637355464159,2095.155144320281,64.71072787316763,0.08205306237366936,0
101.2451617212877,2914.953841631019,18.60619400539324,3.390180849815421,0
84.06152215193066,2775.119586623962,43.97125001165958,1.9325045745157927,0
158.3872729195469,3819.2274795555973,74.71672863548822,3.169149212829283,1
110.5001924046186,2343.5268434361624,46.78547284986732,3.0967678670789534,0
115.69328176532775,4629.138530616619,72.93860042301542,0.0,0
95.221029440721,1547.7308195782687,78.06157372565771,3.9206515208735353,0
109.47013501594613,1229.6055879445637,0.2342545378288159,3.3461699466982564,0
73.78098126521844,3023.9419501859406,0.0,3.6911530996965833,0
105.38324951650712,2184.448301217385,77.09195029337002,2.554031488950461,0
81.2411866290729,1765.2922962720054,77.33757099047175,3.1088158330755813,0
101.50932527035371,2439.5452891539044,50.833340252365055,3.3303665237692384,0
32.90468850131394,2289.062019801519,53.63173826080383,3.512050460663155,0
75.84931971764756,3220.8973649308887,64.91025401370504,3.92430706589934,0
153.74681583875804,2421.078681783927,70.13486012067304,3.6124050968557953,1
134.12100684267827,2571.4174659723158,38.93644053656075,6.725278689371047,0
149.45295987510602,3208.426997970976,70.76964857690002,1.6004011345014848,0
151.61400431791293,4381.422544138988,35.484924018474985,2.20797705700931,0
129.78274638508134,5012.988239894431,50.18616020646975,6.304718403913081,1
96.20731583098798,3377.360757842471,48.61775238814431,2.6978385678285326,0
78.90782294836174,3448.3645017996755,18.760018901924255,4.857975856537788,0
144.4479274028956,2986.472379819999,25.088159636861533,3.244124337282631,0
111.2462317266839,3759.323019986021,100.0,2.439643673715454,0
185.08010233505243,3636.092378099065,23.072593425973345,5.011714270972878,1
99.28972204757841,4785.548997130593,53.27576094833048,3.891081475361479,0
168.90302495352873,929.0490495533676,60.481980161936185,0.034193148761351176,0
105.97117926790813,2887.1088187088985,42.58876736553205,3.3819166332560933,0
150.28233190449947,3591.3942286089555,62.95157261859943,1.0387932709735168,0
161.02450922401385,3147.8388038679423,54.33225645577223,5.53529327880034,0
79.57322582659863,2065.8529836877915,24.428744166698305,6.394868016411437,0
95.08680204127887,1653.7537449885958,58.51077753830874,6.668280595691975,0
78.85862535719343,4170.427211047695,30.175744614147114,3.6767877134509135,0
73.3470401632284,2291.0463826128916,86.71153063493921,2.170981774616606,1
129.68088608945772,1057.5974378330548,52.44704335488794,3.6863047397947226,0
103.95902358764867,4227.33830939081,28.635755544211943,1.1094399656381089,0
111.84040891515545,3729.0418520631833,51.07124678084175,7.657849191537126,0
126.82394015500485,3026.6427059731786,21.697406395134667,5.395147328735009,0
54.30837217236582,2120.0519595513774,51.72700307148222,3.6508451178640198,0
148.62502922820698,3037.2806081932627,37.79632459994601,5.003549290774942,0
99.4300454114815,4660.582176524352,24.115156288610017,1.9489747544176725,0
126.34111019184175,1252.656302396231,24.47847459524796,0.8502776130659966,0
129.436025394243,1304.1293655866798,99.58997593855064,0.022586431790415546,0
151.2170687263612,2471.097451846034,47.99058950254798,3.1432214211804608,0
107.4128096405784,3155.990852476593,33.53308386183965,2.5961650429471477,0
46.12531724334385,2593.7493781929893,29.48330958257802,4.099239395697939,0
111.42737265022053,3956.6998268131965,55.466831929722694,3.047802167464,0
115.68472388903002,4510.117798496521,28.796584555014864,3.970598844494381,0
78.63266242085659,3531.3097391651336,17.609103986522975,4.695205380118811,0
114.28258590387337,3858.4639763747027,42.81423375369431,0.04736565022471666,0
99.55444357458413,3508.047508985108,44.64342208934306,4.690731391932138,0
70.10117407589877,3210.5732343789973,30.901792544840912,2.1665242928276696,0
129.89613898927678,1634.6919156929523,24.323002265065593,4.082124532200979,0
92.97043051922161,2000.8902398043679,33.0737769788097,5.0879056143705546,0
97.79918218807882,1568.3923458103682,34.86064475744403,5.0680747164982005,0
96.19363784251844,3028.4835814553353,30.73072957400101,3.217647100218997,0
147.33468354898466,3476.880719794814,53.41889434744974,3.4490073744912553,0
108.64034161426696,1455.1180938989169,98.31072918337459,4.7219348410355195,0
112.31983054446681,3305.0863127778557,77.99460578944233,0.0,0
97.34187458956806,2161.3037922816115,93.94073728292095,1.0647861210202807,0
123.78856546163752,1928.219249400946,31.441933236889113,2.4930605046847156,0
150.27015479440044,2460.597996378381,88.16022407906883,0.3211441953342347,0
129.36578636663512,1823.1124995787268,51.677020989066975,2.5422638350197775,0
130.63125955429024,3936.8136005095007,70.41364492026057,2.3900379716582694,0
127.58364842942791,2993.4517926065173,57.13704532549297,3.1234573421525234,0
68.42252806103693,4168.0419627538795,37.42563169122798,2.874158777989715,0
83.8679858252966,2737.006511810103,63.029774036331034,5.1133049546696885,0
104.70179947903836,2683.7272030644745,58.81881654691773,4.219195170515767,0
87.98844579298259,5446.2887847412785,0.6845531699776313,2.902306094042458,0
78.40595170311735,1248.8744570892877,39.36303431484958,2.2506909113030282,0
53.871682481535984,4739.762487241741,68.66806907062883,2.926253734468859,0
70.06400491689955,5165.1198904731045,52.60202788350949,2.936859549304638,0
102.05245984987683,4123.500418866234,56.476548662283776,7.97623464495044,0
108.34127487051825,2780.925011578301,26.371095714173226,0.0386585232375692,0
86.76082897534063,4917.970568714246,53.6605475260158,1.1391997675178551,0
112.97784411322911,2817.0325069134315,42.75009453562813,0.7393313720781505,0
97.57096313182493,2348.216573356365,42.17858405569458,3.5510665046916445,0
142.77634702317138,2732.6467509492018,28.707502442226158,3.464247939439589,0
105.43397831589485,2547.4826649439583,67.35574667288289,1.837290622785871,0
130.73216877796753,2075.6628238891076,51.6353877669687,4.791804550633742,0
115.21082776417812,4535.4600338246,51.2370573481674,3.728703557405053,0
68.00234984074518,2280.391040147886,98.27120364072933,4.823801841089813,0
107.23560184217231,3165.204333917023,55.947253637174384,5.377971750676862,0
73.28522542595287,1478.5432366494736,75.54986797760598,0.0,0
107.14479069081592,3224.882243981963,54.102584445281174,4.401490462848761,0
87.17513340903005,1857.1137264644617,33.540705693211066,0.36672553836949184,0
122.43566252947446,1787.1576104896822,19.09633167973605,3.4723703853875096,0
69.8552538072344,3125.4266149008854,51.8310692373375,2.851328340973324,0
109.88633284916364,4512.735560689947,0.5341320693801741,2.863793956837554,0
126.74234980851857,3718.4239851224356,49.24408329858316,0.5672135971252,0
136.32889727416642,3815.6904124445086,51.76110866887956,5.061146549817383,0
87.40545833247536,3051.41147843766,36.47125741863596,0.42771800577908864,0
110.28925352969878,2815.875128415955,40.72350125875102,4.516898208387246,0
115.16384538948152,4152.0251501393495,14.965554298262646,0.10133771532617046,0
156.14241284872082,2548.338018299781,79.10502041054221,2.9047549319941544,1
65.47975556678318,4166.117470113029,37.82886796305189,6.586032594571154,0
82.93026267432063,4670.90039924636,21.8468159489958,7.729141769395549,0
193.4422148346241,2186.4820834637094,56.91455851224483,0.0,0
101.37207992896332,2353.367177249944,48.05391192197069,1.5336004902249267,0
53.48601355790943,2510.560890106913,33.62060697754923,2.0601833169309,0
92.26236920500035,1457.2772375233337,33.81207329849014,7.469927394538265,0
27.132913762422724,2614.5604856575255,45.53559471087017,2.7931369482407007,0
117.00101456653111,4748.2136831934,78.25886589018725,5.114760164587406,1
134.92992512703555,1960.397065719934,54.17685054465754,3.64316596952575,0
82.78346797648477,4814.687550367334,41.868448676787295,0.6284740875083544,0
96.39050656408415,2668.5894194483226,70.11393760731204,0.08921040455640128,0
137.90710499421527,5716.06533062303,46.63209103282919,1.719417461891105,0
57.73131217825463,2365.5344887952742,54.58174146625397,7.614880893423593,0
70.09903189260741,3049.4937809642583,50.239867830283025,3.570650857888837,0
103.66695262616476,2131.226043994911,61.90746103466227,5.057527823620101,0
87.48630422087003,2381.5300995892135,35.7157974742263,0.21797422354949042,0
100.81848087412554,4810.740482962502,16.209760136514923,2.3517339056359505,0
71.25600345521914,3743.0259318014046,67.19918862822006,4.520072064589732,0
116.45597589910577,4443.90169612705,83.79382345891507,0.7341996189586755,0
106.1031491846086,1637.0143994396192,17.346864352678065,2.8961145853360324,0
126.13714119883893,3989.108929079137,51.297984128811734,1.3138165504610784,0
115.62367719700775,2038.3375041273487,33.9681399881744,4.667002082977382,0
116.0734960975408,1574.565165685282,68.29023342401868,3.819828975247078,0
67.04049480534626,3509.8689804557134,52.7593431986442,4.383180490409839,0
124.06528490150093,3447.015807144318,98.05160113556289,4.786115707916073,1
99.83992828570392,3263.668163397824,37.718547051439664,2.601325744388167,0
104.59769566606326,4070.250641713403,85.12243945372836,4.865775263929716,0
141.6248404936707,4271.12003400782,84.68993912376045,1.8040038425446692,1
88.34291384780684,4984.773134866441,57.47810948037021,4.219081661332841,0
150.3613680532287,1794.3839132866233,47.702123490297524,0.009436359105481596,0
153.22796781567615,4996.357510017822,49.69185391323025,1.4901786510453456,0
132.9139298675698,5505.27853886029,40.0176436003772,7.652261484858154,1
81.04864090954639,2782.2563542012376,75.09801545446135,4.236695516503922,0
44.80985185409422,1190.7433712914537,19.712722425808227,4.124196694179264,0
142.63016255540998,1534.032387521333,40.90531292763469,1.2411714611249807,0
113.85356202441096,2661.0084133273745,35.8213371887907,0.8478155209716696,0
87.22735434934023,5607.651506110498,0.9786664127227441,2.428445859452151,0
145.35507209402354,3194.9512532359745,66.65744744164407,2.955934363959506,1
85.13943536357328,2461.051247401642,72.39615668957087,6.872618380973093,0
96.56530457707736,2332.052811051804,31.24410895001823,4.950618807883004,0
125.48630697608725,1619.8668800393662,68.7820923767449,3.1801322594850676,0
76.18566286527414,4262.2592740368655,7.134356352264177,3.141984075054362,0
106.81548769256584,3084.1796736849337,45.18337183039197,4.497687642096122,0
143.27513273312766,5742.799368710985,41.41530235281777,0.3513387883495873,0
116.51500279955206,3970.9407883203976,49.75064966134181,0.0,0
147.31307297822426,4175.521459468637,48.363664827145854,4.507273666473146,0
144.21827153904022,2910.3848414879903,40.57651441642638,3.14098033709476,0
110.08411244683806,1880.412457080344,35.182501187729166,0.4177835928447283,0
39.97773668098382,2145.238097342436,41.17843644070854,0.0,0
77.04744476040426,1579.8260179857334,78.44804928081328,4.758562929141656,0
133.60112896218675,4305.008320571605,30.302858943803674,1.9668515517960157,0
63.679773553846104,2723.749030586246,100.0,3.818144692356895,1
100.28707828887474,4347.4836847807865,27.217008958417324,2.470096859832041,0
121.01416072555531,3347.9859831380677,50.66737152618927,2.991408727178229,0
153.31761345830367,2838.9050280739366,58.7079406910619,1.7657135972834814,0
92.66319372546734,1827.2836361804343,38.2762357800241,2.8954302092103537,0
90.40348745997488,3612.9380287359936,79.52054404144988,4.089029467725129,1
108.30463639505814,2973.180374603237,60.006639596811624,2.4826486492224364,0
120.74158989666844,4288.147815798496,40.28787829177465,2.227250246244528,0
105.79226514730325,2345.179167615285,80.20491758251167,4.205047540107568,0
141.2918395413172,3959.687847584188,19.94934801283689,4.397686829999815,0
86.2676527140983,5171.030343401077,29.175673417486664,0.7092747783344067,0
113.24094210638972,3498.582842483983,58.5379772118411,2.9347960762254366,0
122.88780503747829,4178.678933052374,63.99687849610608,1.963163032830447,0
98.02834284728387,3862.544900418781,54.238335197676086,2.9131332834031065,0
135.1125842284399,5501.856693619367,43.07723016775847,5.88410091279104,1
115.09621348115668,3661.096077771132,38.577185228062895,3.671458454361454,0
134.5513802941956,4077.1961206896076,73.51788419708463,7.376127696598852,1
115.55658001308868,3173.7504522443123,48.63075914436296,3.4337830267257714,0
120.57538888288525,2258.9431112707553,22.61535098352379,2.682163563041887,0
90.453130479158,1771.9067062436377,18.046901231473633,2.8989267716421643,0
90.76572072117904,4713.032963073186,84.01370579107729,3.328132733200757,0
146.78292216928176,1970.4504453926124,30.343408137732936,3.646517675480103,0
128.99552324289775,4058.3699592208313,51.000198142273454,0.9423992125338492,0
78.7965958290386,3696.7268270820628,79.14325180152062,2.50210657687513,0
116.1144552093057,4267.527492407149,59.225855486540375,1.5810241712407502,0
39.06514353822637,2611.0312727371247,24.395153343116924,5.064144203346911,0
93.50360775021569,2219.681713813586,19.40279654072004,0.03287544166927042,0
138.07956311409208,3646.398667542142,92.40159397886644,3.289177420931352,1
106.70907112211067,2842.453975907992,19.253496409911456,0.057858356750665786,0
113.44038883709092,1726.2341859251605,31.289365544170085,3.927779009456046,0
20.0,5508.853958216759,53.85543656733261,2.1095963150038055,0
98.20973186147685,2272.9952996648726,38.27583782004013,0.026739532233845897,0
119.82020146438829,2010.8618466034256,60.313967782513764,4.95295629628632,0
123.94280211210324,2909.04638151717,10.940554408099816,0.021205890923269494,0
139.27856902349274,4690.394391370139,36.69190393185207,2.935208950350424,0
102.91479565992907,610.8932937745452,58.67012512424061,4.311023991515185,0
105.59892515251816,4631.84577819908,60.17821522135168,5.731765871449836,0
70.15695633800922,2160.09948164343,30.03819714748766,0.0,0
103.85591298445698,3498.5775911711917,19.106587976872667,2.0113256990188995,0
72.57424540241468,2386.0701288760074,50.49074079099835,5.217102863910371,0
54.74552576546713,5552.158469868341,12.308737630022001,5.288982525348557,0
77.20803579228294,3363.0967009577835,76.89201593033687,5.509816401343306,0
154.9908573504085,2322.9949026227905,50.808233172287125,8.010891625825385,1
102.4998199928594,2844.208912658307,26.211255509918814,2.006727629000557,0
116.00839034979778,3332.2976137378582,19.960895321914887,3.762477413871647,0
94.52123735204462,3404.9607292127243,32.1776635715603,2.202882333710547,0
55.735832943449296,3707.8572632283035,3.7941514707827695,0.023315564388373906,0
138.2951150544456,3224.6622115938167,54.47535797399001,2.8609144916464673,0
44.76118166439414,1561.6138378529722,25.178422407138097,0.0,0
92.90019185789872,2769.104256338734,55.97024106508869,1.9068932887457835,0
108.05240065154915,3930.794603601307,58.454318208770786,0.18170194228006914,0
116.91776320458901,2379.025810244885,65.91129845639051,3.881137241320744,0
88.31403039199677,4028.5113374676134,48.76978773512961,1.5523104573405135,0
54.125131884393646,3240.5590393363873,72.33793986719263,0.009655282161749844,0
85.71782987531827,2969.2538284868797,80.32361735611042,4.783739559593066,0
87.56418117600126,4614.36885723356,50.96821375104134,1.773445697662099,0
87.28392964105424,1118.7418636762075,53.3200624443801,2.105424366798416,0
139.4357042525782,2389.3550179662047,31.377899247492763,0.959005234130041,0
73.4180161374716,4683.993942130675,21.696718406315227,5.325991269801515,0
119.39963754061982,5384.7734701010395,75.35875277301693,3.4965607994634667,1
114.57397323490576,5898.180013138908,60.23223570801008,1.721148234716543,0
137.55104345757871,3273.9814596906285,64.35807674175733,0.0,0
106.57635033597916,3750.572385749105,29.014997758046185,8.020984077849247,1
133.88306202160828,4164.274342918953,84.65965786867358,6.9974787691350615,1
104.87522160717725,4720.063841880195,39.42939573367441,5.877561183636399,0
123.00328986390379,3552.3144956078986,23.414168990586,1.5732137381566198,0
65.0210866629266,4274.233316342224,28.953540551359158,2.076054583386928,0
30.90292168485536,3772.47440954594,83.7792870518534,3.718915616617912,0
121.184354706504,3838.13160699478,16.833920957098808,1.3001543238750177,0
122.63875876585303,2070.9737610647057,27.327201416255946,0.9522243833120579,0
124.3307807988981,2855.3945585956194,98.65493065836866,5.913797931884272,0
93.94749035070095,2550.163722800393,68.54571818442318,2.908257492563506,0
154.24301127059547,1787.5916054699956,28.5514678278872,0.8088300500525377,0
96.30792009187485,1218.1747755682752,19.76222546738284,4.829906506428976,0
122.991998330273,2666.3408457688633,3.0347123271882275,1.858163446034808,0
127.48152190329417,2890.293560364959,47.68337468758019,0.0,0
161.35110165841868,3322.3111454243335,61.842142579035475,0.7796286067799515,0
99.82165781512279,3854.1606017231697,83.43328094194591,1.93853698338236,0
89.87352995536062,3452.0830205109746,2.2955145416401814,3.34301794202979,0
64.58865286468377,2904.177818068785,13.849000591326288,3.3582157050109394,0
156.98970676363783,2116.1840539749255,41.96663241221608,5.458370333024327,0
121.90545186231088,4248.19459266976,100.0,2.61869810744728,0
123.78367111496371,3084.8430163280814,65.99674837964703,2.1180421582249105,0
203.39391832789232,2678.962422517508,52.90539464075934,5.446018293953882,1
120.04212107929182,2986.284186231541,13.853607657481136,5.008592382978901,0
71.36647389212585,2301.2693706883706,0.406135397543544,2.574806490706151,0
104.08802408526219,2515.7165457612514,47.082887546484244,3.615618876061895,0
81.25349312580683,2552.222669899039,42.38110394691699,2.0120693307199478,0
98.71994185861452,2854.904994590031,38.9602262633919,0.66101911564162,0
98.43853830226334,3998.3345977654826,31.672293158110183,7.422494370801304,0
92.13112515446389,3674.8109798083024,26.555670200759177,1.9564857298016094,0
67.4122239953892,5051.624878087359,19.669665394923268,3.484628772718049,0
157.75006177375943,4684.506218278256,77.82374764438804,0.02893409222124385,0
119.07135603686149,5554.977286371308,23.480979576946403,4.427754519667008,0
102.41863910709186,3915.09415823573,40.27074049438926,0.6017248483365006,0
132.72443370762878,3869.5317557928083,43.979423457727506,6.277290330412301,0
123.07090451841201,2601.7369931984445,64.01969040001454,6.634158013677199,0
118.91832134339131,4200.032621901086,23.073437092409762,4.163781941289814,0
130.6909681269876,2446.3461225466217,72.57929440014746,3.1887323572337056,0
113.67281346980445,1439.9054377737464,28.135705795550866,2.6500884113586745,0
130.15067972721528,5044.50834901287,40.848695604543956,2.898157631703742,0
132.7000733741466,1729.2555417709857,87.22715825004086,3.8502428738098518,1
115.09316581649985,3679.691176552212,20.75369679088709,3.110806492182218,0
103.42775837468177,2157.6258872334383,65.06462366113699,4.899374553472966,0
156.27799383925105,4578.93625934632,66.99038643005474,1.1234088173425985,0
95.19285889700002,4700.149112331935,52.53321154642101,6.057435202653642,0
121.64833254635434,3855.9058282368696,41.72600259207855,2.2315882454186555,0
123.11466358594866,4695.49610141315,97.93453327076082,1.518616850753677,0
91.55930341307474,3174.9580264785736,42.32559487228612,3.7772690218549414,0
85.89655473872303,5896.812347298499,49.662989436302276,3.8061808440713745,1
99.00190143092256,4095.2089679398873,36.0937321832432,0.0,0
96.06274501304603,2117.812858804022,49.164753185593625,2.0062045792128336,0
66.41411312133336,3296.4222385249045,70.74739256526725,0.0,0
89.99651461045849,2998.0162271158038,38.26722667095642,1.68333019211544,0
118.43614682510024,2914.9361250792954,0.6266540856788374,1.7132187229952178,0
147.5707111135141,1193.1548316536264,59.686277793033014,3.574861713314119,1
126.87351935866253,3694.457696080166,19.783808944640096,1.4490388708944368,0
32.411989911381184,1559.8809032662086,59.923386778064376,1.8746660289457573,0
130.0106713805844,530.7557922387241,46.19609995758378,5.571287152311227,0
93.38953732474562,2796.48488972911,69.78667970330255,7.113224989652416,1
123.61953821977563,2284.4257608817006,20.90668999259756,1.251249205711671,0
108.78923761429351,2151.7826340271763,30.912221009908126,5.084029347537401,0
104.01733182761117,500.0,34.80631529844062,3.874885694631272,0
106.61429524166583,2175.5481321094294,4.988187972685028,0.0,0
109.22769822220081,2977.873665076703,74.07468599040767,1.4395039022676017,0
150.09196533000926,2445.497185141686,5.547671075744148,0.0,0
109.71448317931305,3648.6923802554256,72.25004940043908,3.634370990823431,0
142.3761751352636,4858.756340685741,56.66478588684656,0.7729667975391736,0
138.3902127690674,3811.982280290541,41.5353610419149,3.335009883595787,0
129.95378803445837,4416.176708010002,50.90632346456145,8.058889117916134,0
56.15090373026986,4524.156031414769,53.27397259831138,6.234478029358674,0
143.21456355459495,1989.0766674344015,34.6359213402175,1.4502957115620825,0
96.39319513132044,3709.221949966102,53.148377742769725,0.9344420292999241,0
132.0482924165521,4370.12479733482,63.57952121151241,5.542234095486829,1
80.50766467556572,2673.2354914757993,22.55483312486125,0.9925056554107711,0
74.41901551124016,2228.4161538483145,51.32573275430591,4.961683638765444,0
169.49353539840075,3863.2321782471563,1.9709502585607241,8.470225939566081,0
81.2920744429565,1408.026775846957,0.0,4.250714586971861,0
143.69591963896463,1895.3618772834848,58.89861322713419,5.266754837757513,1
113.7916108925069,2408.979774037656,31.9606739348555,5.048962969107205,0
96.79743770726775,3715.3578615221413,23.544664349253566,1.9301168482115314,0
108.10296736971848,3445.8056849301074,43.67273739677628,3.6524121259296116,0
70.47811997088851,4426.199758267981,34.98030881029619,1.0768180374517116,0
109.53528168987327,2109.449734343855,19.196107412305462,5.6172039530597,0
77.11455558572993,2066.0308820832747,2.1705727780407686,0.8473332288365106,0
97.52582316460241,3865.81865186286,0.9619654553572057,4.458443215860052,0
137.9519929115166,2267.0661428328563,60.89428760197301,5.320261981885932,1
117.58921790464439,2450.9999523354695,35.60688808338537,1.9581901869287284,0
65.80306305743592,954.3712271170353,71.74178127863493,1.5696308178649137,0
135.20819637915332,3576.749260472645,37.52516867966876,2.7028338528551084,0
109.7745705547138,5080.011070354898,52.274652986753644,1.2630337214327287,0
94.02013067818932,1980.8143049919283,42.78625679644229,3.348341825291552,0
131.87465570123896,4442.115968927044,45.25617549918921,1.1683615866808996,0
104.73536433290774,3120.1187525536607,49.136781200710416,1.3438232929752554,0
75.39711623692162,1115.8227477626222,34.48956057661644,4.018970300609803,0
165.40782436654342,2111.6791381117555,13.861604954790655,4.171421127485113,0
109.43977524240653,2019.9893111812542,62.8344128133497,2.4854283924057663,0
107.58456436621279,2836.2259161716256,84.24565145075223,0.05442061384069089,1
98.28920937971398,3691.744394678581,85.48849964358105,5.4191338024407925,0
145.39037173806076,5392.728682058266,31.163515819574425,2.092311534957093,0
94.31822538665875,1500.160079035899,26.74078729289893,7.071116584378979,0
63.69330226403576,2581.7343782331336,30.26818912571126,2.730653533743993,0
88.95362796540098,2133.886540044685,39.63383577666943,3.366899882220185,0
150.00104572278437,1669.4676305958076,44.64114253594851,2.0980744995340235,0
134.67153967417622,3346.527244724073,21.150747067191624,3.4813281462947425,0
101.79511682771356,3210.9458716985246,6.780848303707776,10.0,0
150.50141798528134,1044.8767532128816,46.118193766612045,2.30402357271992,0
131.78449250814856,3200.112450870663,0.0,5.530608341719563,0
101.09226537402147,1719.618693636816,46.411834070891366,3.2177774597600033,0
104.58997182131323,3206.9542169156753,19.989067833352607,5.326151198471538,0
119.72614134767662,4735.634470738062,64.87995015903604,0.023866015528269474,0
85.42450258262639,3757.1256358201135,71.8676236515314,6.769289173559875,1
110.12428817261515,3436.015338129909,70.80199030555558,3.592431005968688,0
119.40139869430683,2576.42849674528,35.00951072226685,2.4483153766800636,0
59.911754203985446,3259.211446928373,16.180808849367775,4.876711843026031,0
103.15950989733089,3885.1928780821386,23.302434029227733,3.2818067517827734,0
101.05666637342084,3760.438817898441,52.482624760329685,0.6973934533083952,0
140.9259603058493,3106.316481920767,2.6254278165007587,0.012488667458028251,0
55.02945938400056,3442.3793914039074,80.01993640844981,6.629416611373957,0
97.88148247943384,1606.8350924594522,33.60341397621379,2.4695436444269303,0
95.27039450209858,2326.738123975466,56.28957785245337,1.804433819742431,0
138.42760621330777,4077.3757297869106,0.0,1.9432908723045825,0
108.18484294688014,4206.413186172588,23.401004395252563,5.947137326379817,0
164.8250591648892,3324.230626873932,0.0,1.9642788747215036,0
129.67357856486504,4975.504448820371,72.02301285934186,4.366325709966212,0
98.07089270508095,3808.751158083436,41.989574601395354,2.308523744762323,0
117.48227865940981,2943.2377302909304,56.621686706695215,0.5615226405033219,0
98.82391940768555,1738.4972307871687,47.407093935999264,4.694517840126889,0
135.5899459725629,4917.648812666502,55.30491812954423,5.188679216545888,0
70.02410871004176,4114.36627390547,37.45681176698202,1.716145155903068,0
85.4581866504718,5351.858272740361,40.84584448675805,2.912882525664805,0
123.83228104456225,5786.359154090024,43.88973562656594,3.067227278442883,0
147.50125642313262,1650.941613701892,54.24279636113277,3.842004397008194,0
44.264161554277656,1659.9768914222157,56.82315841170283,6.954016333732676,0
151.46277344133085,505.7349047562368,100.0,2.4217804223013975,1
106.18731622375421,4282.2957682790675,86.56308466112381,2.3256169486380105,1
54.041113982794,3979.388689372629,0.25360974149314286,2.704769969519249,0
20.0,3309.8669321048956,42.46560130083722,1.1397465778719484,0
63.468187383397584,1713.3331606002746,30.63003397491069,0.0,0
109.15734442770878,3081.61179911829,75.52770425666515,3.309351292044189,0
107.45054633109444,3439.6146368504296,38.61074551922053,4.098023480516234,0
128.60680926850995,4166.579728449153,56.830644504782974,2.9856292674508778,0
93.53992420464934,3521.339604998602,0.0,2.8340281490737067,0
76.57862079100653,3982.3798897146703,5.787594201742371,1.1191433323243507,0
97.85922923512659,3049.3746695952937,97.33989408067877,3.520888315945085,0
111.12144246378304,4619.485892595565,45.50366130719243,3.311183593626825,0
117.04589834295352,3971.9414790108226,17.379708411009798,3.9761153366131228,0
85.7940165496182,1767.7724544759142,53.053932132601105,3.664637749300953,0
136.64896310395335,4856.259434031417,17.65768728695741,3.807607596434895,0
90.63601070910299,4719.732041718391,37.49225685508196,5.631787626343503,0
84.12721552062727,3732.7284172129057,6.025298846843577,4.076223490719548,0
94.46886117644608,3554.92245399942,24.49731307286636,3.983639172337939,0
142.2715215307681,5220.094282174091,36.108909633984716,0.04189937108859076,0
106.10707795934034,1234.9236076795771,74.39641770065533,5.226254826217698,0
88.98736258165955,4698.298483054249,56.63790279051512,2.3703018603479267,0
137.71337404609181,2595.063553996942,60.062769298060545,3.1076337069909115,0
174.809862528226,4514.697504786691,44.438735803332236,0.39162709615991265,0
116.33630043152354,3367.690063236115,66.35851807203568,7.177499162102339,1
147.25572043868294,1710.909835735564,20.95454364388694,0.04013788890215151,0
141.62032562925666,2604.964435064867,27.075905516953586,6.024542934329198,0
92.24017934817012,4460.784936756515,56.34974836462612,3.928443878662187,0
110.81293292250638,2964.1816947127245,37.90958020663014,0.01927166588438981,0
71.54233080401565,2468.364989424652,44.67078336541182,7.010024660028793,0
103.74547152272083,2429.9885778893163,39.81042145939976,4.041990478088817,0
91.39957089167184,3921.8024871313364,76.74576861940079,0.0,0
97.73467073960775,5308.261081782673,80.01237579722627,2.1426836807781773,1
87.64004425972682,631.0107513757733,31.409472012438904,4.04877281229205,0
101.81531628366618,6576.050689924542,0.13658626675528507,6.453005718633587,0
125.32555330738707,3446.9935410563944,26.63817911798005,2.2019915391162783,0
105.65700886575706,3897.1876083483153,24.648308797720873,0.0,0
54.08213617390511,2677.1133497072137,66.69249677688678,5.884514439287499,0
87.86753803311258,3173.605949353544,68.86228928945071,4.003222670986963,0
64.5147529061979,3394.099357484156,16.487631106636275,0.02382155797729181,0
116.8156352812539,1923.3874711952683,27.47222530616846,3.726783159167801,0
125.45988360402755,2211.147355076455,7.5792952354705445,3.8757136528183684,0
118.4633161120025,4620.584015374029,48.75022482702172,2.3475425373082084,0
86.05252642961126,1304.539523976595,42.84183784851345,1.2979126262964518,0
117.10999109772736,3719.682091558819,67.17439538423022,1.7285676967232917,0
95.91024912003131,2793.989132287249,55.937585823759555,2.2533449262512826,0
75.84969741453047,2045.7085264504092,63.2287799486947,3.6783664195220305,0
132.78123124290457,5567.261492590227,6.442996467151268,4.643942626404369,0
134.61343611258445,2054.9100342982424,29.04895662441311,0.07084650481913135,0
138.3833602865745,1848.1388776195179,67.37540795691233,3.53836963981996,0
91.46412269785274,2965.0711219000323,30.71590480251905,4.030280062334818,0
144.78896971585277,2274.397092703664,3.9950358590340658,3.3805004040272943,0
95.74780246778836,3196.860418375913,65.40216714613626,2.198672401361991,0
129.85105793297762,3356.6413937278567,31.40920506866816,5.718197407143764,0
94.66380611941204,3505.0597290248056,71.28710726637642,5.803280895507665,0
103.34349482574109,3033.656718375618,45.307997496716425,2.25963837317648,0
37.35693515278721,2389.411988204347,39.87415199773394,2.819385162397594,0
100.19378245256992,3956.804592147167,80.68808315281647,4.613037812303137,0
112.1315098908381,3038.828720765951,13.340047893879452,5.577987770914411,0
97.61830121497341,2644.017935204726,81.65046670221763,1.4959067548515756,0
162.61152360722167,4946.40705902253,27.409593436709685,0.8684486678935327,0
75.09514996485623,3009.107559112825,49.41339956878521,3.601819503624554,0
93.77901768787196,4481.472333340131,47.67289724091923,0.7377347599245796,0
82.78546431210032,4669.4425447239755,35.825480587063936,0.0050196806454165,0
92.79489727669356,4718.444582937028,26.332872520310985,1.3159629581564685,0
140.9212035682133,4018.147848242561,37.494546065566816,3.798513011908862,0
153.74125885918824,3158.531297344685,21.3629364607544,6.174517790708682,0
89.0622264637841,3144.8493890720506,94.66173191401087,1.6058971735666538,1
88.01007010769024,2915.4974354708925,31.985500713542592,2.7711650086005015,0
75.39002142050018,574.3829064556442,70.6361832967771,3.2283798595558686,0
149.12789969385992,4016.2895665987253,71.51423761527079,1.6197876764655976,1
143.54340241831397,3475.3246113150376,53.84787605830932,1.5038647497570696,0
107.05060347929684,4203.603569576899,42.80051898093678,3.6501991149444124,0
68.39375510548113,3081.1343749431308,50.84741552834248,0.6048623317446818,0
71.6132544017223,3993.087966314424,60.1975927932628,1.4858170778709006,0
115.3777232391788,1536.9710362550381,47.87065818598023,2.6411167567784486,0
126.40201072629873,1785.328480021965,3.311942846503705,3.713511814784245,0
47.74695023955688,506.08701339046496,1.8957007368341074,0.00971894606389128,0
100.53874346079273,3056.4303732932517,80.81452087898461,2.697704314722203,1
159.08457466077255,2270.137114471208,0.0,0.45647587541279794,0
103.84251536387332,2108.422556392466,49.40428910624164,1.63921280415925,0
154.41508166542133,3617.214863178317,39.127533440301306,4.60333618300909,0
129.68103538098805,2719.28739901689,48.52132445682137,2.9103014369511175,0
77.5888055765949,1474.5676356632573,15.666338350594202,6.320621383391106,0
101.61964429918301,6255.3984396598935,55.00385015487382,2.9328079649116616,0
106.22056345557034,3140.5710959948365,48.202607134651764,4.868764105710488,0
81.50560805381684,1901.806077297413,99.37840908561783,4.626423921060734,1
80.42749699408616,2377.669167864811,45.055051058220016,2.937460614048346,0
155.5168231911568,3020.637268743766,77.15361242687476,0.3812306453320709,0
80.14376236248208,3007.422704332657,5.155340134406808,2.8064407923992176,0
142.435839008084,4797.340503692769,71.60102493622726,1.9124621569504998,0
96.67969142719824,3093.499874300082,50.98018962226507,1.8279363624168592,0
108.95609387307952,5467.607303278008,50.48670444857177,3.2675233005498483,0
127.13303758815864,2685.9912397330136,47.30183776714027,0.11434789114082292,0
91.99871087122506,3709.0241395865078,85.41126046866196,1.2817147563728166,0
126.04263195034302,4451.561923221167,49.75148177562468,1.0710302443762307,0
48.52086142746451,4613.7895928713415,24.859185698776965,2.477207657335769,0
123.04467020110316,4774.870011982847,30.736745827205805,1.3832315041510257,0
36.402972626632696,2870.4722606000682,63.24196074124113,1.6236227949332456,0
102.70303997372913,3201.751206929326,54.173850831357626,3.183031263678063,0
136.36677100210176,500.0,4.186085740084567,2.190086203347146,0
129.04268796601804,2954.0118041232176,57.90417964702242,3.0478997014039626,0
70.88878831450569,4501.885566680988,14.646246641138266,0.7195763256895312,0
74.73245253510187,4270.390351649695,53.35223025187559,1.2607455503862866,0
89.04469197313429,3097.7731178076283,25.60708202783502,7.036907039378364,0
115.72774599998752,5264.760070360092,40.28602623974178,1.6365558519092887,0
48.68485760049877,2696.070143065398,31.495558284043206,0.0,0
109.5530647742192,2355.928138588144,82.5289787083744,3.7171690089980682,0
118.86536016932564,2628.755773171202,58.26704658909899,1.626901804898983,0
101.78510710272495,1849.4220078149933,75.71760882798023,3.461420036639964,0
125.86778958367047,3925.1656446780553,99.2225909093317,2.864179076035659,1
116.51281008264962,3547.1230983057885,45.3953736883073,4.1603991788109305,0
93.70329966822413,3924.172464447442,84.75098172893655,2.8282872599146156,0
51.62284668750825,2698.3011091431586,28.308446849295745,2.5772634511525365,0
114.12531753465241,3141.962504919008,77.19256078447795,5.271884714970143,1
80.89797500519069,598.6072557524645,25.289843122194515,0.10153514558321214,0
92.96078138641624,3679.899508749088,43.815006539532725,0.30090904165271215,0
124.46931835921626,3306.754370536631,57.915231982453456,1.327867141112236,0
152.32054113439597,1893.0470476204316,60.9531318900269,0.04692771675387791,0
109.13507733502553,3087.070038380206,12.605803754953836,2.0211940708965117,0
126.7554465958188,2892.355362656186,23.723889794931193,1.8249949496442337,0
66.28174842212069,5350.908747084926,60.006800188163155,4.881939975321519,0
117.92294874219651,1913.8344492180706,37.01386825936182,2.796536496895213,0
107.20137896104538,3600.7186814157626,10.493782022746714,2.690724399027072,0
147.33581644813782,1897.1989184480615,43.484732752070286,2.2220141616919564,0
93.73474192802183,2506.6425660164196,40.698213087563786,0.9639505587268097,0
103.19621940916134,3557.4988757205438,47.56025619631313,4.755041444361011,0
142.37616783546105,2944.268000265119,56.510552639458,5.366713140774679,0
107.02901496575339,3201.545362323933,58.23178251134762,0.5410324119279107,0
76.54781421675408,3630.8946862007656,23.209281108297766,6.276263399024291,0
186.62585207311804,2611.90024391712,34.98483401935948,1.5508756203529461,0
77.14654330497758,4261.80715495447,68.48565786797114,1.575231747893552,0
107.96732858033172,2834.7282004962153,30.373619399359068,3.9738588252187403,0
120.23336589023084,3062.8014265754064,35.04614357485126,4.101308505846831,0
117.52553850989034,3625.9884988109534,7.656850701885265,2.8203243683257235,0
104.11234167392966,3469.3712878694805,42.567282076435376,2.283916561055531,0
104.8012184192232,3975.063939319488,52.41584426324913,5.397532064371388,0
103.27234945980443,3607.9728146334287,0.0,1.6711107028344754,0
76.4291172145182,3781.382677058939,18.045057889895126,2.8572435599528383,0
174.52494982560594,2797.847403222953,7.367117810087818,6.446451413509126,0
103.27832142969102,1917.0305044301924,64.70494310509541,0.22869917778368126,0
127.19545356404231,1514.815514936223,0.0617432028160531,2.048585282123017,0
99.59332072640625,1160.620388016252,44.373698168920285,4.974326575732164,0
99.7835959402944,5310.750281034468,62.74217941354914,3.995558958804782,0
96.77889285430065,518.5769104825105,48.96955671435558,4.800826614406694,0
63.15666893223091,4681.368986274057,35.02558257770529,0.382460796379926,0
105.64763519899101,2230.4458839426024,55.24507900101894,3.6195056417538236,1
97.31972230386437,4613.775020475781,68.69695782576288,2.3550324007324304,0
144.89314376801175,556.2844103064074,41.38626548503965,7.496712770887974,0
74.05247741392905,2901.464723410331,0.0,4.639846620233831,0
92.590730054792,4984.627199024108,72.12727069621653,2.958218542230422,1
82.72313151321615,4010.0354807995395,57.09535695628876,3.5109863246117623,0
153.35069570264824,2801.8489802892045,42.45593090245601,3.0856039038012373,0
84.21058177444594,866.9764949273643,0.5637103259029724,4.438991879799328,0
126.3184982556731,1592.4247976811826,37.97959203993187,1.3000438874235178,0
139.1504876487592,4861.974247966249,22.08819864491478,5.67773040005536,0
105.98596625398274,2749.6854834080946,13.782185964525981,0.3627681389365209,0
68.53490576074802,3145.196437692645,43.55201924713021,3.3819036534699363,0
68.88124929526215,3540.7123992185175,32.878562007416726,1.3177020227447023,0
135.45967111210973,1654.9010955089436,36.41922885050983,3.0966015795901742,0
73.00014166914669,3679.008138168212,59.530929915674776,4.925094451125106,0
122.3972777219671,2723.391741970535,52.064314606747004,0.0,0
113.28204700543998,3553.095398256655,28.886098623593913,2.71235023149298,0
121.77211250632739,2527.7585098340583,29.200577273388966,0.24348032671594233,0
123.88956001770735,1323.6486077461952,33.12479995956312,2.3543338924925674,0
81.93775637324289,2686.527389482483,36.9364891888505,0.07610143461425092,0
80.2760190204394,3988.8936696372903,58.54754343707478,3.3765136667347297,0
130.66275416263704,3756.607847522942,18.305143319161736,2.087222900044367,0
90.86792888366139,3214.4765143499017,82.00972078870286,4.483609338797756,1
27.329993182683637,4275.3824427548225,57.73392157931251,5.5498553191774604,0
129.67063195037076,2929.82656525027,0.0,2.983603935904551,0
79.16197568064044,3275.794270988406,47.73249434140434,4.777433509695616,0
123.9509207737443,2628.8155194411424,71.93164916297657,5.6956179466469194,0
151.40354503638216,4386.753013460303,58.497419753021525,1.1943143627977153,0
110.23682273721752,3544.667563832868,34.80383739697232,5.780555263823362,0
140.53644072584657,2550.737068595629,44.30141426473668,2.895435221754599,0
114.85165844915387,1371.60661492294,49.01488593154069,0.9751197425661837,0
158.16913705698292,4529.035562061304,66.15500949802603,3.583936034563849,0
78.81078622686114,2289.7038261003863,8.052214296782127,2.9527798713227718,0
109.53701328816038,3298.345474571778,29.650509187597894,0.2093024554578381,0
130.52807040481778,6046.126459033297,86.22755730209047,0.8119341449709083,1
103.93912377401948,4149.801125211046,46.38363324283442,6.284781179706677,0
145.0133213699788,5144.211449591862,84.45502945844423,3.5588488220534713,1
97.33113207227737,2547.161692079553,99.54550860908303,6.024195068334529,1
171.25437074285503,4486.14618781309,33.889677561020605,2.2086884279924073,0
173.86110918691443,3240.226664139252,12.828811301497286,1.334940912096841,0
118.15737148373687,3619.1202829590784,38.62853425780889,0.04874151357100562,0
126.46383739945391,5605.0184602281415,69.51905702371168,4.951763353366457,1
145.53612251829617,2882.9452504280043,75.51132440853468,3.842745471074344,1
74.76317786347026,3209.5526686260882,100.0,2.0795445749140615,0
70.32659816529835,2141.693771886411,44.34954238897368,1.4100378111426652,0
147.1883874310325,4230.698384237638,56.334718453054606,5.2430529616509505,1
117.87697431634167,2545.906909473789,27.822287819889063,2.615350595151769,0
103.11419184859115,4427.464857182369,0.0,2.7236568866333353,0
110.46409490299824,1218.2285944333469,42.16281927359732,1.7182137377978772,0
38.87834707092085,3861.3473977314416,13.28312874632719,2.341350445338626,0
104.50543990936103,2398.682186964673,60.93139496249038,4.044114543277676,0
87.63351718958573,4099.041457909443,0.0,0.19350729565031866,0
137.79539596644815,3175.094169119215,25.969304210721063,3.1707175329893253,0
140.22693881267693,2540.914774273162,52.815847793714354,4.96841452367446,0
127.71335580904756,2779.390947182441,56.23817033885171,2.913560166767809,0
122.90203373418498,2172.522428405752,44.767144174759416,5.08824212290716,0
65.42034658161833,4188.02721886253,91.0765991638631,5.688791495356294,0
127.81460336256326,1957.858275546287,84.28132938877448,4.7886421582020064,1
128.7139147082304,2884.769551014245,29.449477329001265,1.8816563016338947,0
147.52397725753272,3634.4984466840588,86.41715735160908,2.9317057756052933,1
173.9615507384825,5137.868299532343,89.86396975137025,3.688642609114818,1
58.712692085643575,3207.9026924564328,41.07312820406141,2.0605571459601224,0
98.80343366234892,2950.049163297806,47.65551821643946,1.971084853140859,0
87.52930326942213,3513.2428528398727,45.71797540764053,1.887014402497519,0
115.1072291364929,702.622446871825,30.13000291716525,8.12909015929384,0
110.60871478834456,1729.547621824608,35.81483203635336,2.39970254726933,0
102.7893177707336,2757.1997197270452,79.12338580425917,5.170844638758439,1
140.9835251665685,2346.902565434821,57.62104123411064,1.338074976380448,0
76.53913544475878,1304.2551310885228,32.06104773182529,6.336214217793618,0
79.15038425441222,4228.727768832723,21.705608407491255,2.247736510116874,0
79.37838969580088,3510.015763626827,24.235904564881746,3.1327224908526694,0
99.19853038929801,3372.2146738590286,39.74609215266091,0.03916704568059102,0
73.20987870636291,2362.516683726461,66.6616295077748,5.274825591325763,0
108.49194078017672,3302.66073733983,21.686646418775947,5.730219180894361,0
105.17662269043944,3821.8290411426337,67.07002959663869,0.6367972276586462,0
86.31709293985963,2892.8789238124264,49.904849816099315,5.3001343414948945,0
136.08365744529712,3728.9425849237587,50.38705048914771,0.3121015669997392,0
107.4928141983672,2255.701549584126,68.79218346851061,4.33216763732977,0
142.44594782296087,3329.342234834945,67.4378720543589,2.376016369972011,1
103.63479167015798,4564.47299350825,10.3022262675072,5.695943690893118,0
109.9461824607589,4676.766578442148,18.464782529724403,3.5422574486798135,0
93.00306655857945,4789.581727304622,39.15570984080421,4.890605273875012,0
110.2870090896267,3518.159690944367,57.03785407446967,5.526470895377808,0
131.8168906432111,3228.1839723259664,77.92063805963444,2.418412975622249,0
98.08489169074255,2676.7126436051917,45.7624758771658,2.934929143953314,0
125.61857461231797,1047.9233986053287,87.77659635632769,0.8707970374096029,0
85.12213853629699,1592.8710351409336,27.893385882734247,2.4986223541149517,0
132.72719027006812,2978.035345795666,31.93737013526402,6.922320967453349,0
92.47420802280126,3089.67494757875,37.32509204247241,4.53746041922924,0
135.5591326855121,4931.740082795618,25.38963089922925,0.881199531469254,0
111.30892138089293,4789.667648339661,74.90242465677571,6.266829842518807,1
155.48548564697805,2376.1445037661874,0.0,3.7735356532878868,0
74.23093682756907,4164.721426709208,35.155111797052136,4.715037899211953,0
65.57987787468113,2627.220967321947,74.3624479288035,3.9995202863924457,0
91.55031897720262,4009.2029632626936,36.7866828395335,3.8691886207294433,0
68.18723482839341,4163.218279537905,73.66517872113666,0.0,0
68.39194107854468,4716.283964580745,96.85609025143259,5.085273047512478,1
128.66502967045935,2626.4626403988123,45.312177242840384,0.0656191618919698,0
110.3051235555684,4410.341261911524,73.89409345162103,5.026778082591986,0
96.02185257949003,954.356958802719,98.23310798696497,3.248405860332169,0
98.52215392588525,4755.403001466745,56.30496723473178,4.653089684291658,0
92.08824466837495,3161.3335871747313,44.95388880174589,3.4011104925207696,0
159.64206988781135,3168.630218489222,70.04665868265451,5.0632563676962885,1
88.61998090940642,771.660536410243,73.73357150502156,3.0264470542536532,0
70.50059339349447,2757.238073612021,44.85124734936075,3.560798002217235,0
134.00425087133175,4814.451563385,34.81960672452961,3.7345839319104983,0
103.92915518218454,2674.937658282482,88.14380761187199,6.780522049543992,1
171.21921760242793,4074.355620147581,39.67882644351195,4.241370836659037,0
93.85865248910154,3228.181253288516,74.6499188910746,0.39098609158679376,0
135.5836643880295,4447.466503956172,53.57207080780411,1.9858726611159883,0
142.5681365165704,3420.9195428964213,89.55846663942145,4.155445914776381,1
94.31256077810951,2108.919986601827,21.47271125281762,5.433766928476077,0
87.91749410374663,3257.232209367573,23.13167483254743,1.5004385683243633,0
131.47497976153707,5108.533822323585,66.26820703216991,7.484205738834895,1
126.98373683425558,3787.7804565315737,17.356333954453255,3.4099445025047674,0
67.34852458403816,3037.283554475756,48.57653296274129,3.8487264913051216,0
75.79005895107167,5880.548926075872,82.63587858027611,0.46533766764690004,0
33.83840779297983,4585.85322126359,0.0,5.304855722924884,0
127.53599325533109,4152.044707623964,57.539652779464156,2.1042150237705193,0
102.7707861637954,3572.831482748157,75.09342713704547,1.4413116723457542,0
105.28066666271125,4081.5695881753545,43.686411760311145,2.419936585927431,0
58.98225161366992,4122.835844956944,22.278370922466596,5.802254894931885,0
76.40382609050539,577.7868043985471,36.94530829181775,3.94187967424619,0
95.4666228317975,3649.933541030516,22.92767415201959,1.301077855618603,0
89.66811615576665,2998.7733514115316,47.88781402265686,1.9347833048647893,0
113.24601997427446,2607.2048971638706,36.57826273729392,5.83399472607278,0
128.51699446607626,2977.913578535838,30.206166401641365,2.4812145231924436,0
177.43832063581402,1327.5403813951532,56.16656069815105,4.084808037873239,0
109.42041364378244,1020.4220709536426,84.88855936158461,4.58630687735132,1
143.44802701031796,4697.461811669996,55.26205425156334,0.034654124604768174,0
85.00034739431447,3747.525462442678,79.1107652233629,5.496194581020716,0
59.02424417227342,500.0,85.2741729024052,1.2951717663249467,0
99.38289052552115,2514.439401306393,28.765996631294815,2.268854382211085,0
62.17216179648347,4257.068830963861,52.1802388012919,6.077366552987646,0
110.6838773861908,2841.848820891126,32.72109473600146,5.85178366401494,0
86.79328377192084,4681.375193105859,9.27312455637615,3.9796482102554727,0
51.88730021674969,4455.906141220193,54.07034491791774,4.4023716504804185,0
161.28151450786197,1541.419511317407,18.62229887791214,4.958015606387015,0
93.8060110185075,3013.461577591979,57.858490218673985,5.858590510002275,0
61.901802440414045,2674.936026173119,5.364045464801724,6.113628906501901,0
137.32403697472407,1523.102247960402,48.572476360686466,3.247971677680835,0
87.51862656012788,1438.930851635363,4.273614679624169,1.6204598402845949,0
142.73525474097733,2254.454279274983,64.47163481037272,2.4070622718950907,0
87.58103625244469,2437.890389829455,34.8582158309423,3.2314523643104462,0
93.62738496707598,3553.8075102815483,32.32599366360007,2.8443457358599904,0
121.09986403205794,4437.394302562339,74.24061088554278,0.9955837467343929,0
128.1833977228413,3810.711843963339,37.01750576976082,3.9053971006412684,0
132.49202127653442,4100.184090264237,44.3174834443641,0.0,0
106.99391149128184,2884.6362563441717,43.034141544207614,3.185907663700699,0
125.90032574781483,3969.315400220771,56.980507716047754,3.3432693639080284,0
132.29426754691275,3023.682573270103,69.84043059572649,3.251249865423749,0
116.1252914396952,2691.876346337241,65.65599332568583,4.683116561465661,0
105.39025486879245,5522.266073494084,32.52581519382636,4.473798774268359,0
66.4535109485471,534.32226409542,74.45458538429901,7.437248811654652,0
127.68559922816318,955.1481409412626,22.274396612845543,2.0052750113106295,0
111.15295075235551,3682.1522456951425,23.609881527789643,3.577629710410842,0
97.88156115932377,2884.5509868115864,42.902197438800144,3.4205844351714605,0
148.4186971063538,1474.8207755494357,72.63122349516527,3.2771040277400774,0
66.91947913557414,1951.320998539272,13.165724221800872,0.4708583925820232,0
159.75292014084332,2108.372111732403,67.98335710567393,0.5764181756236159,0
109.7254943437661,4280.942496006833,42.316007081226005,2.9556482640519484,0
119.4995536486064,4651.549361931623,33.54325319183478,0.0,0
97.99677348997947,5157.841427124917,72.9275886019121,2.3261967991989096,0
60.70501568840087,1269.064149007168,26.199620061568048,1.640279506222401,0
106.44276765392547,1562.7461437944287,100.0,2.391737872218366,0
119.3940152870094,1481.9306044271966,38.516204291687544,5.248113466321948,0
130.77771743612004,4763.208419197272,48.796205750748165,0.8100085088543985,0
104.78951556510555,3671.516369231797,84.33417315440262,4.727165694660426,1
44.46265603553642,3298.282591380077,48.24095591497166,1.8922315242721044,0
63.61323162770936,3471.5500316094335,73.43125927031426,2.0906164920484724,0
171.4617257480488,3130.749920616336,0.0,3.9590726906494145,0
77.8842467168433,1879.5048563267678,34.76044728090529,2.4460142955791166,0
153.1341704930785,3841.4325960431947,54.04991494717511,1.270923636572451,0
82.21890116560272,2996.9130566481513,72.36064687090058,2.3005856623862853,0
105.43311255220947,1761.4751225177176,62.30917669521584,0.0,0
128.39691692810146,3885.3118842913223,62.305726355737555,3.7259603217926798,0
85.3637004508157,2713.180015879854,68.7678808212741,0.02425105095293742,0
157.87599915448314,3507.2048575163517,57.36472513053718,4.753770664488378,1
112.21536529242398,3081.9762098275764,1.3220996361290078,4.151637142227215,0
123.06385421983718,4279.483564739221,80.84965521662393,6.236776372851373,1
102.40154830797664,3464.9991500603837,24.936078276430152,7.3293894185116955,0
129.49951525454503,2153.433756718482,53.16794390495591,4.766492570919491,0
157.09234707954536,3601.5033131712494,47.43430925346708,1.7461792347302694,0
105.95638022011347,3617.597916806739,44.4283879672347,7.396802476760149,0
161.80790830090177,3809.753629667309,16.75693166630616,0.5805151524173765,0
91.65139781141828,4503.948071349428,0.0,0.0,0
133.28548442549183,2452.7916211535207,18.72618304122707,6.724932711558489,0
125.16753845897225,4018.538503844469,63.869643711810156,4.177248868325051,0
77.79626343788088,1119.9121176592932,4.515528333857083,0.0,0
116.1607429271366,3053.512957268519,25.510363306191287,0.3347524032061201,0
110.1486357829699,2851.9619892790106,58.05706541771301,4.13387445715528,0
84.04253503422666,4919.010810851675,18.032565185694597,1.271312044990925,0
120.68865515012659,3024.7485233583934,29.23933369970503,1.466648630067792,0
114.02154952540603,3939.5658588696874,49.18248642055346,6.959204227253043,1
108.65088869539703,1122.7079143057545,48.920422473915906,7.2802415363782185,0
107.95116670592304,2778.420497720478,20.341813733569833,3.314481446817606,0
107.08486847062868,2187.5102964855664,49.45515320851113,2.6241575667709593,0
99.28234466122146,6169.7424108737605,54.47559126406338,4.846885783317328,0
113.70717710114808,2380.3457641841906,15.289540475659813,1.83797658542183,0
90.4153757809434,3299.6865199206095,49.41036948518592,0.021551766885044562,0
189.86951651039755,3348.5163785259174,28.360753295926052,0.04666169768187378,0
67.75415146108435,1263.8882179616398,47.72550472069743,2.86953749180144,0
92.91950373616457,2590.946329614695,61.27503169449109,4.779308124247379,0
93.70816484154656,3674.2102510396785,43.664341362167725,3.0344123827590663,0
171.5272506292427,3309.511868975933,66.73728639427475,4.559011540508354,1
70.18265429779123,507.3223011238674,64.15608132855422,4.8862717502718676,0
122.33189800961944,2523.803883212174,68.92007953731786,5.824774635781153,0
116.8107419165399,4404.913307918602,56.960458357143715,3.35086954523619,0
119.77773081295203,3933.8236017600625,70.52188638019332,3.3786026729281495,0
147.7359914481227,4647.026595518549,56.76127174160925,2.9803348686133337,0
146.8876439824159,1968.0763040015631,3.290557204100835,2.3889619344833246,0
97.15374701349639,4754.07069014921,25.06815741084967,0.026606727986283402,0
115.75446888061903,3163.015848885957,39.44884908821825,5.303569868134276,0
54.14271385739206,5086.803310554045,42.774919306477706,2.2540123059436024,0
112.36828823538187,3203.887620689847,51.56101053881059,2.069634090744716,0
85.56821514885728,764.6006653357433,25.40985394533056,1.9202781399044355,0
104.34137982421653,4247.338705139053,95.50632336308959,0.23468356562750142,0
58.84952682895421,2680.049656836062,41.849028877835366,2.8307626899554514,0
121.75711583704911,2765.0378980338164,45.108518422499486,4.0297790773585795,0
59.117307678051084,1470.6372978830132,27.89232546508954,1.625899711507265,0
114.90893626971946,5143.856637505308,19.78891155082025,5.056082933043447,0
73.2039374797446,2552.9204373920693,42.42644433270148,2.2741484362352486,0
83.95587274816374,5084.775974508213,45.36111686736152,0.0,0
143.8712790882183,2704.984922816848,41.634028676553704,5.772678078473521,0
127.64796349671985,2108.9960965836335,87.53826973953906,3.4195556857798644,0
144.24836679593074,4787.468624555048,40.18741143469943,4.773982301532872,0
156.84646238757952,3105.33140150058,44.47725119895958,4.71136513190703,1
86.71833087853344,3158.3940196081826,64.88444254068159,1.1054283519862778,0
154.97182249349171,1664.4802055313755,42.013630922281465,1.9741896578142923,0
66.4806312860719,2663.647538466365,60.656762691773686,5.160966909789343,0
132.82145239486832,3690.2692796895444,12.911003441827576,6.769134221575488,1
95.34753831153006,1639.8791617791112,14.508144860711713,3.062028899056014,0
81.74192356768233,2574.824123808864,49.04550315205977,1.7192569970554037,0
128.17950116362755,2668.1110693108267,39.474203860426066,6.2350597515944175,0
138.60529941155002,3278.9262734062536,25.704067703606793,1.8598118922560547,0
138.0205598739507,4983.678582212806,47.58019282531307,3.6758791585230908,0
115.89051132481943,2868.6699404699234,52.66283968247887,2.169031266254906,0
114.61101102858647,2390.920199559114,27.426418635444456,3.5241914336609366,0
125.48810179846987,6529.463038235633,30.904479497377615,1.1098075887261813,0
119.36751548863754,2696.8365412656244,49.749004954364096,2.306465146198682,0
127.32042348472173,2988.992452542021,20.83126000895171,1.6976896545993425,0
115.464117437693,2751.4933652310087,28.519402537249682,4.263547108123435,0
135.50208164039228,2848.2174380383603,61.137992713252935,3.3179657233059294,0
61.074419929787155,3326.912237439855,46.358416207594665,4.760497258034393,0
106.27889705992467,4295.930459585695,31.253248644490572,1.3777709671039844,0
68.25241071518799,3673.9630842436222,23.559994623413743,2.5809845699617022,0
117.30821435229144,4446.348375650794,18.248341282024484,4.207756011543656,0
158.9984743563884,4474.0046007129595,40.44968360973888,4.7009638384735775,1
95.93880145127962,3427.919512967803,94.89658953129968,0.1188485764316679,0
114.33968614834208,3635.194166080364,57.98648840566375,3.6730298699101804,0
132.86221570036008,4552.386283020862,12.788166143269505,1.4199699580140854,0
48.58910291768634,1822.3245128227366,63.080402612844864,4.806270117898176,0
94.10262521359938,6225.074660630899,26.633976661434556,6.684626636909243,0
120.6700863035596,2568.3151502417095,44.90451453335026,0.0,0
23.23723094741966,2775.8618570300923,29.508190975297875,1.7483397259924889,0
80.54999764400782,1730.1830663430835,94.81903793942952,3.5081861259523386,0
143.44900192258277,1754.8015444283442,18.258458068044764,2.95181596635287,0
139.53776464820592,4353.622433166956,52.276757445493786,4.888358731367777,0
121.54507950018666,5907.654221312035,29.99350439180801,3.240716201066074,0
136.98321099437678,2494.680510680817,62.546804036646535,1.8937835109103782,0
116.64603522627492,3647.649818029262,52.36897741135648,0.9895630225179706,0
127.0650897939787,3444.809343821787,76.8640834314201,0.5972513170442082,0
100.24032335523061,4362.559022208208,64.77290922200571,1.5155545437383338,0
113.16743386294544,5821.211178651598,29.154045164803716,1.9105577303678318,0
91.14087993784152,5033.912999029438,100.0,3.830799674154095,1
147.611110165731,2878.918784801249,59.01201584755673,2.66351994885881,0
155.72020453256187,3830.936367178319,29.836933261350772,1.7375197570744196,0
151.52063935462488,3993.0913149845783,49.81133864131141,0.9918727617391578,0
97.77303712283214,3179.53827629947,64.1940818457641,1.6101391232141014,0
81.51291944400826,1891.3817516800782,58.36226515535369,1.9317824120512654,0
148.55387780817912,2230.90684770173,56.55618372003782,1.464470456557558,0
126.25998948076189,4577.532278938165,67.12680788027771,4.388743081367153,1
119.70925306662004,4697.284159424684,65.57909240286003,5.7478434549033235,0
91.32906414152082,2957.0744285808587,22.025288404807025,0.7091917561844923,0
122.90930994737356,3546.4429039635534,95.86125572368368,5.260503706470293,1
77.58043029833301,4628.159238548364,94.68425270885255,4.382444675369245,1
129.23303156441085,1139.141908966826,66.09566406837095,3.4035616578689245,1
151.4594198451015,2662.889360661985,46.52900599860813,6.02160858207205,1
158.76232094884048,5640.602895307509,44.86748067976175,2.6399804109521727,0
131.05326440449755,3552.43172527207,34.373919812836164,3.762442425565526,0
68.46462022429877,1850.230874588376,37.03255687395897,3.218660891130309,0
116.09270080473264,3350.927131873082,0.0,2.9632415215138406,0
174.41136439271955,4468.752142658286,81.76103425538659,3.8944653343432396,1
83.95756114941375,518.4504282529015,73.71173064053275,3.086324772494757,0
108.34087663462078,3394.045583890733,3.493389828557567,3.96801709732203,0
151.95814449930072,2709.2757539187674,66.61984035514004,1.6139544864288746,0
128.31423448061634,1232.6075836119642,47.1766662179224,1.6949765164630337,0
184.66836188639974,3284.1970543799216,43.460095757030224,1.6411845736879562,0
87.6666202697971,3026.484270546301,57.14035825615851,2.3082740311055314,0
80.35651104635167,3151.1801395979064,0.0,5.038997853879731,0
146.72062636480098,2771.9947336196306,43.89469596447483,2.0987242538365902,0
74.05445312316547,1963.8955002708262,46.59982961487632,4.344106845320796,0
104.37151725346865,1451.8860514281198,48.028962992503494,3.5551444666650016,0
108.09087549756222,2357.744782092747,8.795843491416424,2.089860306445707,0
140.62101297548014,4216.757602024815,53.76538319342346,5.7055203628501445,1
128.6064628253421,3490.300357045731,71.89306137107121,4.3749074228054665,0
123.4971562884754,3116.9489755006757,54.37975819510992,3.0449153446462827,0
97.35444778142161,1952.3894357454355,38.456077181906316,2.8620011157111724,0
146.79690214705113,2750.312236654565,98.68043579444844,3.252211116269694,1
230.32566381600597,4066.6991050607653,21.29432445659431,0.0,0
130.55812796752465,3834.436139562629,64.59863086485255,1.3251850748242364,0
113.11740068985009,2668.0463133353674,47.495302905272695,3.8749003062989593,0
71.0706786317013,524.7701503669687,95.32454229532539,0.0,0
90.65028622006278,2354.91562011582,55.73139918315376,1.4916496238236785,0
103.20251119261975,2607.5674145014464,60.67073574819504,2.1678950694950228,0
93.6959671948794,2125.6599300265166,60.760840543799006,8.774428004125829,0
109.06902406666514,2689.1978047891334,17.843745780764092,4.296987934101063,0
163.2494047601034,4165.878811062261,23.16062881452107,5.241695850169128,0
147.18185308417395,3127.7734229778766,40.01032985159782,1.3538702367065811,0
104.64849697678466,4380.35374300153,68.98105681239045,3.740085679170627,1
73.68431274634239,1373.5688885779018,53.058226445446586,0.0,0
149.84271251475278,2786.0801468294153,41.02527424298678,2.357350873953629,0
108.60724254051325,896.2289155859792,79.51577202118075,3.99688399013091,1
58.34484544235543,2696.433872435902,0.0,0.19874434387061032,0
131.93678663789237,1918.4875074124138,12.247923618744114,3.820677146632285,0
141.05911252186243,4754.858543849739,0.0,4.010469519335415,0
36.76470008556941,3694.2378202808704,73.93171525625259,1.7569568303195457,0
84.4307731552323,4440.985009133006,43.61610342133322,1.2876612813440653,0
106.09250183598117,2699.485320410435,72.07145532292964,1.5505586268812293,0
131.79898702634466,1960.7935549114177,39.582256245216904,2.3156728118224463,0
93.85681315920921,1951.4778999583798,72.36827215009181,2.3963476567397692,0
84.75355224336018,3532.7244262694035,42.163012452962015,3.9886630243262062,0
131.81290333492038,5393.310810650417,56.76663865371708,1.939995559544855,0
95.77472897195975,3714.848709015798,50.71944976437365,6.190866722705634,0
126.41149890441224,2791.865922828925,53.12795443441655,6.176690899083235,0
76.45659868814802,2992.5519988150154,88.99829760743503,3.4695627824318978,0
69.0952172416951,3146.709586914262,4.326060352825977,2.3850483712881747,0
133.38320307664102,5635.545999386602,44.53749318114886,1.9695284361259628,0
117.58678656965853,4659.318923338331,49.01733270290456,3.6824528589292562,0
137.7448068231058,3536.1877879052386,45.9025191551425,3.998122037270323,0
94.33769722301045,3314.574383256394,35.86398194111962,2.6880580007247934,0
86.45082022585446,3603.8229901022914,32.20700157674362,2.254493142163169,0
150.65357034632797,3787.2515628490128,84.54032596309628,3.6387263842413478,1
64.71838406128569,2703.3213742459875,42.68855693428562,3.1763798231761835,0
147.32045157070067,2177.8062647212196,99.99996921041074,1.8769214639549898,1
150.0064979844246,4424.361741229056,59.65373795748472,3.2611092215360293,0
135.30647504032825,3215.7930802718265,39.963931231457074,1.715001367104632,0
89.27730407864681,4343.133490435284,57.54149274238767,1.4268153297168091,0
85.58903963731404,5175.7529386148835,49.48204087320915,2.9852473315655526,0
103.84431720967352,3816.160336797756,77.34697073655974,1.7622078096528615,0
70.76255779977589,3636.4298062406783,16.111678260533072,1.5651658497547158,0
80.44049594476841,7029.443277644836,0.42328087813659715,5.097391095272376,0
129.48412312541933,3448.3002746338284,53.269048164198985,2.3173879743173154,0
129.41732044807475,1926.6162468880595,65.63367129971222,6.708727167678452,1
78.34370002306102,2851.0384224303466,49.44621813531478,4.284692938983997,0
130.96176093811337,5055.932358591209,62.887153427789166,1.3889488761155653,0
123.48279551937621,1623.9034035977797,57.683613105420505,5.32392539048605,0
155.09322842136228,2290.233152006487,7.937201025545366,1.5758812134291627,0
126.37994753301534,4535.19160457449,51.141463994953305,6.947179275380533,1
141.36687958809537,2863.527923132366,78.99207447033854,3.3306723028727783,1
124.65032758998646,3045.0161349611567,49.57793974472727,4.146111040457075,0
139.10983002911564,4495.229834556162,10.576256681992174,3.1166091717015885,0
71.65140369932764,2349.145620160662,36.53132919690725,3.573190278423037,0
105.78299910888371,1449.9796276291788,57.34741903742479,2.5444384547520125,0
108.45232132061363,1508.5178358859262,89.93052894460787,1.14324669916943,1
102.34211528272562,3925.5107856526242,1.024154546558433,3.623277812192484,0
123.49070544385239,3501.2424799854493,54.28900831979073,4.987394727645603,0
128.91523638689307,2348.7460062022014,22.35153145934666,0.5903004537972647,0
121.35574606355057,1829.9908072914732,59.28566304251867,6.090162445414909,1
104.98579321251255,2902.0054782821417,58.4720041156215,4.218673377612,0
88.09771940900495,4533.493337627513,38.542043828252524,2.1042483239531053,0
143.03617257239912,2180.3455974943963,58.1002719539186,2.0248184861366796,0
120.61809736412788,2413.6461125830874,72.93076302690515,6.696671621294952,0
79.0584138649973,1744.7508164158696,39.980042217055605,4.8740357841177175,0
104.7034318841315,2810.1315499401367,12.581016742922047,5.20191598200992,0
57.65958463778526,3585.057509619031,81.29202188116369,2.5091479654747904,0
111.20720334003619,5745.323208795899,67.95130540483123,4.190604915628208,1
104.1531674846333,3458.085221005247,58.34787601952621,3.6598364955365077,0
92.42203990432424,3117.204972732989,28.29490480465286,2.7559641439731504,0
158.2585565490393,4216.784080684793,70.710478368322,3.184771736354833,1
75.28917367936693,4058.0545984296355,99.53696205082261,5.208854209932425,1
131.21335859023088,2514.145172168702,42.653344007868505,6.224161878021018,0
175.43499277099625,5948.577766420416,47.3279248618392,2.4976846345163666,0
142.75998904259373,3159.5014012747465,18.588453442371126,0.2852341211784468,0
109.57686839096925,3467.427000865215,27.697958419238642,6.302514308198976,0
76.06331741150264,3879.2207991668843,20.160070511676686,6.3138874096480295,0
68.51366950725449,3633.4463535048617,47.661751354149516,3.7868571725391416,0
97.63421489597475,5041.046817445351,35.43361332177495,6.59358444590701,0
89.37400385574631,2497.1750371149797,58.232862676172275,3.6821123165751,0
88.21934188303858,4152.632782218979,21.009775404925488,1.1356617301927212,0
99.80666780524258,3364.520716763098,42.08345346481769,0.40679493382749116,0
106.27830466092996,4384.802955060805,21.824358952630384,0.32953438061731616,0
125.18845709493348,2963.3689610354154,50.18296594340559,3.086766578087848,0
73.1966387378082,2784.119880077145,2.3585638928178145,2.1220073708361755,0
89.51378037038386,4079.559296059107,52.86360626367503,1.7901701559116525,0
104.94009080212979,3616.880094198076,38.264696721535124,2.8514983754236916,0
104.24404408726947,2204.2118656854655,48.727294865992484,4.7403718870754235,0
165.18165221463252,4804.234164495785,1.7054780331365684,1.9365092919208835,0
116.83953972583367,4083.460299226686,58.383729826258325,1.5609279181075437,0
61.75587509753035,3101.2982727116737,38.55621927972156,2.022858548851692,0
122.70495390558213,2601.631994909714,49.143571267462114,4.826477897500915,0
126.67494249607836,3652.9548740971027,0.0,2.8123450070569103,0
105.84474544641135,4003.044307714651,12.996393530113274,3.4664503615021367,0
73.77250355889727,1294.20529820024,36.006717340799185,6.078106506203841,0
163.17102788900573,3632.063060962495,79.98430645059143,8.657865776586132,1
78.01854741434887,3973.25460760873,59.3281036293584,4.225506503859869,0
130.68328392781538,510.379786710312,49.385338589314046,4.109102048950076,0
115.92784242878547,3435.9286692554833,20.82602234377238,0.6422040010518668,0
127.31291104108435,4019.5411933899536,15.280008348377352,3.7103757611340344,0
160.86044204315698,3923.0928045316887,51.677292665685314,3.104426411833833,1
126.53227892425262,4145.957772560289,63.276013788639816,4.791154544389842,1
93.42343197135514,2747.1989859691007,50.36239904729336,2.1836563331843033,0
143.5327326271532,1953.8462995276602,84.8960474400988,3.2722868095966073,0
91.15444164994243,1042.8980584797966,27.986227639254814,4.269821361614451,0
115.01703812355578,4511.859502022945,47.999137168674494,6.7942699866630765,0
71.9660301607134,4051.7361293732247,2.733199841261075,6.143512304687274,0
78.66756462997536,4591.060389754134,51.74678286214202,5.538601464944018,0
111.47085050970351,2350.32223932316,77.96001424637339,4.377851550821971,0
